customer_id,age,gender,tenure_months,subscription_type,monthly_charges,total_spend,support_tickets,last_login_days,churn
1,56,Male,42,Basic,1347.74,11718.83,2,24,0
2,46,Male,18,Standard,997.07,44474.49,0,21,0
3,32,Female,46,Premium,396.47,14375.8,2,8,0
4,60,Female,10,Premium,114.68,34905.5,8,6,0
5,25,Female,39,Standard,753.55,20059.39,1,3,0
6,38,Female,30,Standard,1527.83,13474.88,4,16,1
7,56,Male,26,Standard,1924.82,7630.35,0,14,0
8,36,Female,7,Standard,919.06,48623.49,9,22,0
9,40,Male,7,Premium,794.24,26295.22,0,8,0
10,28,Male,5,Standard,947.32,6180.37,6,27,0
11,28,Female,1,Standard,912.77,10341.29,9,15,0
12,41,Male,46,Premium,1289.17,20661.21,9,5,0
13,53,Male,18,Basic,1494.88,27436.44,2,27,0
14,57,Male,13,Premium,1591.42,9498.94,0,16,0
15,41,Male,25,Basic,1334.25,14247.55,0,24,1
16,20,Female,40,Standard,931.68,39293.46,4,6,0
17,39,Female,8,Premium,1905.2,21165.34,2,16,1
18,19,Male,10,Standard,1450.94,569.42,3,13,1
19,41,Female,32,Premium,910.65,3170.04,5,14,1
20,61,Male,17,Basic,948.51,22246.76,1,19,0
21,47,Female,38,Premium,1654.16,3475.83,6,20,1
22,55,Female,15,Standard,937.03,9108.27,4,17,0
23,19,Female,15,Premium,1080.92,36529.88,7,18,0
24,38,Female,57,Standard,653.95,24279,3,17,1
25,50,Female,48,Premium,1693.94,24381.87,7,13,0
26,29,Male,40,Basic,1092.34,30111.8,3,19,0
27,39,Female,51,Premium,1149.82,39531.67,4,22,0
28,61,Male,20,Premium,1773.28,8350,2,4,0
29,42,Male,15,Premium,1848.98,9065.86,3,29,1
30,44,Female,35,Premium,1665.97,6509.49,8,6,0
31,59,Male,6,Basic,224.2,46873.05,4,11,0
32,45,Female,30,Standard,942.67,29075.87,3,16,1
33,33,Male,57,Premium,752.33,5085.7,3,29,1
34,32,Male,8,Premium,505.68,11421.96,6,18,1
35,64,Female,31,Premium,1827.01,36416.71,1,15,0
36,61,Female,48,Basic,1791.13,1935.09,3,1,0
37,20,Female,47,Standard,984.07,36419.95,2,11,0
38,54,Female,32,Standard,355.67,45617.49,6,28,0
39,24,Male,45,Premium,125.39,3290.9,3,16,0
40,38,Female,58,Premium,933.09,9727.81,7,20,0
41,26,Male,52,Standard,175.91,617.74,4,2,0
42,56,Male,15,Premium,1258.16,5897.01,8,7,0
43,35,Male,18,Premium,1255.98,31041.08,8,4,0
44,21,Male,13,Premium,1807.98,2718.48,2,20,0
45,42,Male,24,Basic,461.09,21578.84,8,22,1
46,31,Male,40,Basic,805.65,25418.39,3,23,0
47,26,Female,14,Standard,1733.14,45378.14,8,16,0
48,43,Male,28,Basic,1001.16,23977.37,1,20,0
49,19,Male,11,Basic,213.47,7556,4,24,0
50,37,Male,6,Standard,310.49,14819.96,5,26,0
51,45,Female,56,Basic,1645.56,33773.67,2,27,0
52,64,Female,25,Standard,1513.03,6049.73,1,24,1
53,24,Male,1,Premium,1764.17,11971.27,0,13,0
54,61,Female,25,Standard,325.84,49790.97,6,22,0
55,25,Male,2,Standard,1544.79,773.96,3,13,1
56,64,Female,32,Standard,1344.7,8033.07,7,3,1
57,52,Male,13,Premium,541.36,42262.45,7,14,0
58,31,Female,33,Premium,1950.42,5518.41,7,1,0
59,34,Female,32,Premium,1183.67,2165.23,1,20,1
60,53,Female,56,Standard,1823.07,6504.96,4,3,1
61,57,Male,24,Standard,1732.28,34833.06,7,28,1
62,21,Male,27,Standard,732.94,49658.97,9,16,0
63,19,Male,4,Standard,1118.32,29736.46,1,28,0
64,23,Female,24,Standard,919.6,6653.66,1,22,0
65,59,Female,23,Standard,1447.25,9597.05,0,2,0
66,21,Male,29,Standard,1217.28,27115.26,5,21,0
67,46,Female,34,Basic,1591.22,35925.08,4,27,0
68,35,Male,21,Premium,122.33,33314.15,0,20,1
69,43,Male,30,Basic,1406.81,28948.96,7,15,0
70,61,Male,26,Premium,706.22,49320.35,7,11,0
71,51,Male,20,Standard,526.02,10302.68,4,19,1
72,27,Female,16,Basic,1622.36,9058.75,2,2,0
73,53,Female,3,Standard,269.52,43023.53,7,24,0
74,31,Female,49,Basic,534.07,14895.68,2,4,0
75,48,Male,37,Basic,487.1,16960.06,3,15,1
76,32,Female,58,Standard,897.67,27659.07,6,25,0
77,25,Male,40,Basic,712.44,19373.1,6,6,0
78,31,Male,44,Basic,1468.89,14738.2,3,19,1
79,40,Male,25,Premium,1428.8,45900.18,8,15,0
80,57,Male,23,Standard,718.39,6899.07,5,16,0
81,38,Male,44,Standard,930.26,20512.34,7,1,0
82,33,Male,59,Basic,495.03,646.87,6,11,1
83,62,Female,1,Standard,1374.59,40468.96,3,25,0
84,35,Female,33,Premium,852.82,8836.73,1,12,0
85,64,Female,15,Premium,352.37,38763,1,4,0
86,41,Female,17,Standard,341.8,7855.85,7,15,0
87,43,Male,34,Standard,712.41,21128.57,7,29,1
88,42,Male,17,Premium,1519.92,36545.15,0,27,0
89,62,Female,52,Standard,148.46,13905.04,0,7,0
90,58,Female,58,Basic,589.77,16038.9,3,23,1
91,46,Female,41,Standard,408.72,33532.46,0,27,1
92,32,Female,44,Basic,1917.31,9791.2,9,13,0
93,62,Female,4,Premium,1440.04,47613.33,0,7,0
94,18,Female,13,Standard,543.14,9844.99,9,28,0
95,42,Female,4,Premium,494.18,37624.78,4,24,1
96,24,Female,7,Standard,1730.26,40228.64,0,17,1
97,26,Male,46,Basic,461.43,19031.34,9,19,0
98,41,Male,59,Standard,1994.41,8233.84,5,11,1
99,18,Male,9,Premium,636.38,8712.22,3,10,0
100,61,Male,23,Basic,260.23,49279.79,9,15,1
101,25,Female,33,Standard,1412.79,36407.79,4,25,0
102,41,Male,33,Premium,1258.32,22777.35,8,21,0
103,28,Female,20,Premium,1999.66,13238.81,1,14,1
104,34,Male,4,Standard,1623.96,1436.05,2,12,0
105,25,Female,1,Premium,914.79,33687.96,2,21,0
106,52,Female,54,Basic,1385.56,47867.36,8,27,1
107,52,Male,42,Standard,1653.91,5788.74,2,27,0
108,50,Male,34,Basic,1076.08,37847.32,9,20,1
109,22,Female,27,Premium,618.46,8085.23,4,17,0
110,59,Female,21,Premium,499.2,39709.21,5,23,1
111,56,Female,24,Premium,661.03,18843.36,5,0,0
112,58,Male,15,Basic,1711.33,35747.05,5,28,0
113,45,Male,35,Premium,822.82,46350.98,0,0,0
114,24,Female,25,Standard,644.66,31196.89,5,27,1
115,26,Male,55,Standard,1631.19,46074.6,0,0,0
116,25,Female,9,Premium,160.65,12133.71,5,8,0
117,29,Male,17,Standard,1228.52,48917.62,9,20,0
118,51,Male,21,Basic,1759.9,43705.98,5,13,0
119,50,Male,13,Basic,879.16,5824.88,2,27,1
120,40,Male,3,Premium,611.7,20970.22,2,17,0
121,41,Male,4,Standard,1034.25,46387.96,5,26,0
122,54,Female,4,Standard,1463.21,4366.71,1,0,0
123,52,Female,43,Premium,1081.55,22961.26,4,19,1
124,61,Male,28,Basic,114.51,36317.89,9,10,1
125,57,Female,7,Premium,248.82,2155.64,2,1,0
126,39,Female,26,Standard,1470.52,37765.13,4,18,0
127,44,Male,11,Standard,859.91,18379.53,2,1,0
128,52,Female,24,Premium,1591.07,12843.9,1,23,0
129,18,Male,43,Basic,1334.03,29010.63,3,29,1
130,52,Female,10,Basic,1204.88,27444.4,4,18,0
131,54,Female,37,Premium,1812.61,43759.99,5,1,1
132,64,Female,13,Standard,140.51,33962.15,1,5,0
133,31,Female,44,Basic,394.57,21382.28,2,22,0
134,20,Female,42,Premium,1286.31,32681.85,2,14,0
135,18,Female,39,Standard,225.07,37632.33,5,24,0
136,22,Female,19,Basic,1325.44,46897.76,0,10,0
137,43,Male,51,Basic,1969.83,35360.95,6,25,0
138,31,Male,19,Premium,1769.74,27421.68,7,15,1
139,56,Male,12,Standard,1222.74,18962.51,6,19,1
140,44,Male,52,Basic,1798.56,44628.44,3,20,0
141,26,Female,22,Premium,320.91,39729.72,6,29,0
142,32,Female,47,Basic,963.92,4320.47,0,26,1
143,32,Female,37,Standard,914.48,35127.29,7,21,1
144,43,Male,56,Basic,739.25,27168.1,9,2,0
145,59,Male,30,Standard,100.38,5630.37,9,2,1
146,30,Male,46,Basic,1792.96,28465.56,2,18,0
147,49,Female,12,Basic,1577.64,10029.04,8,20,0
148,56,Male,29,Premium,1340.43,35553.17,0,10,0
149,49,Female,21,Basic,345.04,14283.83,5,5,1
150,21,Male,11,Standard,818.59,7942.02,0,24,0
151,47,Female,37,Premium,1856.22,4557.66,7,8,0
152,54,Male,48,Standard,1272.17,24794.57,2,27,1
153,40,Female,58,Standard,1246.48,10381.92,3,4,1
154,56,Male,18,Premium,1834.94,42828.83,5,29,0
155,62,Male,44,Standard,1163.68,648.55,3,23,0
156,32,Female,59,Basic,1235.48,42260.12,7,6,1
157,60,Female,27,Premium,756.86,26294.07,8,19,0
158,46,Male,37,Basic,805.74,46146.2,4,0,0
159,53,Female,48,Basic,1402.65,10628.26,0,2,0
160,30,Male,12,Standard,708.83,5562.55,7,10,1
161,49,Female,23,Standard,1162.31,31435.43,1,25,1
162,24,Male,34,Basic,630.47,35483.01,5,20,0
163,39,Female,38,Premium,415.64,18942.96,5,9,0
164,45,Male,23,Basic,963.36,1177.17,6,12,1
165,19,Male,53,Basic,513.15,20644.64,8,28,0
166,59,Male,25,Standard,1807.14,12072.45,0,2,0
167,62,Female,4,Standard,676.86,17699.75,9,10,0
168,23,Male,30,Basic,1235.06,25584.35,7,19,1
169,45,Female,30,Basic,600.54,35265.92,4,8,0
170,45,Female,13,Standard,590.24,48179.65,5,24,0
171,61,Female,42,Basic,766.21,7627.99,7,10,0
172,61,Male,49,Standard,1840.16,34155.02,7,8,0
173,37,Female,14,Basic,843.85,12043.97,6,12,0
174,47,Female,56,Premium,1660.41,11424.88,6,8,0
175,28,Female,47,Premium,474.87,31860.93,0,13,0
176,45,Male,8,Basic,191.52,38911.98,7,15,0
177,42,Female,55,Standard,1585.19,48900.46,2,27,0
178,56,Female,24,Basic,1129.56,38557.13,4,16,0
179,50,Female,18,Basic,1057.08,8287.09,3,24,0
180,18,Female,35,Standard,617.19,11657.43,9,14,0
181,44,Male,25,Basic,237.4,38188.79,2,27,1
182,30,Male,17,Standard,1017.43,26585.9,9,27,1
183,58,Female,32,Basic,1747.73,15122.7,4,10,0
184,20,Female,56,Standard,328.04,23853.27,2,11,0
185,56,Female,24,Basic,1865.42,45786.96,8,29,0
186,23,Female,7,Premium,621.99,37902.17,8,10,0
187,25,Male,13,Standard,1111.15,22809.54,5,28,0
188,44,Male,27,Premium,226.37,49037.42,2,17,0
189,26,Male,48,Standard,907.59,39846.29,4,23,0
190,54,Male,5,Standard,339.21,790.61,7,24,1
191,50,Female,36,Standard,191.15,6062.18,8,11,1
192,59,Female,26,Standard,1936.46,27921.46,2,7,1
193,61,Male,42,Basic,1487.18,17822.73,4,24,1
194,41,Male,45,Basic,1466.21,40721.66,1,20,0
195,32,Female,31,Standard,272.04,44836.51,1,9,1
196,49,Female,10,Basic,1865.77,12412.22,1,27,0
197,49,Female,46,Standard,991.99,38282.65,5,22,0
198,41,Female,26,Standard,1719.34,27002.17,2,26,0
199,58,Female,22,Premium,123.94,19902.37,9,2,0
200,29,Male,12,Standard,666.59,39445.61,4,19,0
201,56,Male,32,Standard,1992.49,28463.73,7,3,0
202,19,Female,27,Basic,912.89,31946.56,4,12,1
203,20,Female,33,Standard,1788.14,3581.58,1,25,1
204,54,Male,53,Standard,723.2,29501.04,5,19,1
205,34,Female,52,Premium,1098.13,15385.21,1,26,1
206,19,Male,20,Basic,1723.02,24918.06,7,7,1
207,19,Male,39,Basic,1251.06,11489.55,1,1,0
208,45,Male,41,Premium,1477.87,30916.54,6,27,0
209,40,Male,40,Standard,534.78,7799.71,3,1,0
210,54,Female,59,Premium,396.19,6583.74,3,20,0
211,49,Female,13,Basic,537.58,9826.36,7,5,1
212,50,Male,14,Premium,1036.79,40964.49,3,19,0
213,18,Female,44,Basic,1621.83,2159.93,7,27,0
214,36,Female,40,Premium,772.59,36614.07,8,6,0
215,19,Female,53,Standard,1173.15,3297.13,7,25,0
216,61,Female,22,Standard,1629.14,29796.93,3,3,1
217,43,Male,18,Basic,553.68,38791.14,4,7,0
218,49,Female,48,Premium,1777.65,11938.11,5,17,1
219,23,Male,29,Basic,1910.86,10199.37,8,29,1
220,49,Male,43,Standard,174.04,14814.32,4,9,0
221,21,Female,16,Basic,212.31,35130.86,1,19,1
222,28,Male,46,Standard,272.82,13113.92,6,10,1
223,34,Female,35,Basic,1575.86,25337.61,5,6,0
224,55,Female,53,Premium,459.74,7156.07,2,4,1
225,41,Male,34,Standard,1478.82,23329.18,7,25,0
226,22,Female,3,Basic,938.42,31424.06,2,10,1
227,51,Male,4,Standard,1688.88,4055.04,9,17,0
228,23,Male,54,Premium,1636.26,40863.45,3,15,1
229,39,Female,5,Standard,1923.36,46903.08,8,18,0
230,28,Female,10,Premium,576.97,10080.61,3,19,1
231,33,Female,52,Standard,535.55,38091.92,1,4,0
232,50,Male,29,Premium,159.87,16016.6,8,6,0
233,26,Female,32,Standard,879.79,33997.87,9,2,1
234,23,Male,31,Premium,972.22,15680.53,7,24,0
235,33,Male,2,Basic,1932.58,43185.99,3,9,1
236,46,Female,12,Basic,1678.49,17681.85,5,18,0
237,20,Female,27,Standard,416.9,42517.12,5,4,1
238,37,Female,5,Premium,1617.13,38424.06,1,28,1
239,53,Male,37,Basic,438.77,10218.03,8,4,0
240,36,Female,27,Standard,247.75,8269.18,5,22,1
241,43,Male,23,Basic,1690.46,39092.97,4,21,0
242,20,Female,33,Premium,1954.32,19820.01,1,10,1
243,36,Female,4,Standard,267.43,47494.96,9,18,0
244,37,Male,59,Premium,1646.46,47175.94,0,11,0
245,49,Male,21,Premium,1732.5,34827.29,6,16,1
246,24,Female,24,Premium,325.64,25278.73,3,21,0
247,58,Female,44,Basic,638.18,10150.88,6,26,0
248,50,Female,31,Standard,1493.96,44178.44,4,21,1
249,57,Female,44,Premium,1634.69,4558.9,0,19,0
250,56,Female,48,Basic,772.55,18832.39,4,14,0
251,35,Male,24,Premium,403.87,16301.37,3,17,0
252,57,Male,49,Basic,1331.85,47942.23,0,8,0
253,18,Male,53,Standard,1433.74,6346.74,9,21,0
254,28,Male,10,Standard,1056.85,44562.42,1,28,0
255,45,Female,49,Standard,375.39,23093.51,8,16,0
256,42,Male,49,Standard,1704.52,2851.2,0,23,1
257,40,Male,50,Premium,1326.01,36578.88,9,25,0
258,48,Male,2,Basic,1751.41,5493.52,3,22,0
259,47,Female,31,Standard,1872.64,12231.7,7,26,0
260,59,Male,25,Premium,1630.83,40086.58,4,10,0
261,52,Female,4,Standard,1921.45,8159.23,9,5,0
262,24,Male,51,Standard,1913.09,16610.77,6,11,1
263,33,Female,11,Standard,1276.75,18369.42,1,10,0
264,43,Male,17,Basic,1483.53,29645.73,3,26,0
265,19,Female,44,Basic,1428.88,39601.7,3,16,0
266,18,Male,2,Basic,1280.16,11925.16,0,9,0
267,29,Female,6,Standard,136.77,10686.25,7,12,1
268,22,Female,9,Premium,776.22,11484.18,2,4,0
269,54,Male,5,Premium,290.15,19389.79,3,3,0
270,49,Female,20,Premium,670.49,26987.61,1,6,0
271,26,Female,29,Standard,230.27,1165.53,9,14,1
272,58,Male,21,Basic,1848.06,39124.73,4,1,0
273,52,Male,9,Premium,957.53,46372.45,4,16,0
274,36,Female,28,Standard,459.79,42254.22,2,22,0
275,33,Male,55,Standard,1211.08,2340.63,7,23,1
276,20,Male,8,Premium,473.26,26462.98,0,20,0
277,37,Male,31,Premium,1628.44,40794.34,1,7,0
278,41,Female,20,Standard,681.25,17533.67,0,15,1
279,50,Female,27,Premium,698.31,44903.35,5,19,0
280,41,Female,8,Standard,1752.91,44400.54,3,23,1
281,28,Female,54,Premium,1162.49,7514.37,9,26,0
282,25,Female,21,Basic,1785.87,24934.72,0,2,0
283,53,Female,28,Standard,884.49,1770.54,6,22,1
284,55,Female,23,Basic,753.46,14452.05,8,21,0
285,57,Male,6,Premium,1061.79,40687.71,4,16,1
286,37,Female,3,Standard,216.83,48769.46,6,4,1
287,52,Female,5,Premium,392.98,45709.5,3,13,0
288,42,Male,9,Standard,517.09,2607.73,3,13,0
289,52,Male,7,Premium,1651.69,46373.16,3,13,0
290,42,Male,4,Basic,1494.22,41221.08,4,10,0
291,46,Female,39,Basic,467.28,43451.27,7,27,0
292,35,Male,5,Premium,625.82,45783.93,3,19,1
293,63,Female,11,Basic,1894.1,24664.91,6,12,0
294,35,Female,15,Basic,263.03,10955.31,8,21,0
295,19,Female,34,Premium,1140.16,1540.69,5,8,0
296,52,Male,13,Standard,1091.81,1665.64,3,19,0
297,33,Male,54,Premium,1478.84,32304.32,4,1,1
298,58,Female,48,Standard,596.73,17195.36,7,11,0
299,53,Female,7,Basic,1876.07,25046.88,3,7,0
300,50,Female,40,Basic,880.11,7001.09,3,15,1
301,21,Male,6,Basic,642.87,48787.91,6,0,0
302,50,Female,56,Basic,740.05,6932.18,5,15,0
303,31,Male,39,Basic,762.57,22517.91,0,5,0
304,38,Female,50,Standard,477.96,22446,8,19,0
305,37,Male,30,Standard,1863.3,927.61,4,5,0
306,25,Female,22,Standard,432.26,33556,9,2,0
307,24,Male,25,Premium,1777.38,27141.42,1,8,1
308,20,Male,28,Basic,869.37,25126.06,4,18,0
309,34,Male,54,Basic,611.63,40995.2,7,2,0
310,50,Male,20,Basic,477.17,12436.29,5,20,0
311,29,Male,39,Premium,1058.25,43124.29,7,6,0
312,39,Male,3,Premium,1371.59,43306.54,4,13,0
313,39,Female,5,Premium,1806.62,41429.68,3,29,0
314,63,Female,1,Basic,1339.65,17399.19,9,21,0
315,47,Female,15,Standard,1018.96,8546.59,2,13,0
316,55,Female,26,Premium,163.6,24021.27,1,22,1
317,55,Male,3,Premium,1839.31,13362.13,8,24,0
318,62,Female,40,Standard,1814.5,3082.99,0,2,0
319,25,Male,57,Premium,819.56,14333.77,9,4,0
320,44,Male,41,Standard,155.17,23721.85,1,4,1
321,44,Male,47,Basic,1493.4,6080.41,5,18,1
322,51,Female,42,Standard,1604.19,47244.52,5,26,0
323,38,Male,34,Standard,1130.69,32977.01,0,9,0
324,47,Female,52,Basic,865.46,7248.87,7,8,1
325,50,Female,5,Premium,1717.15,40697.18,3,28,1
326,45,Female,31,Basic,465.78,46440.37,6,15,0
327,64,Female,51,Premium,935.16,13507.81,9,8,1
328,50,Female,13,Premium,146.52,7591.01,8,5,1
329,22,Male,43,Standard,411.62,16462.54,1,4,0
330,36,Male,1,Basic,1887.58,41696.32,6,3,0
331,21,Female,22,Standard,1198.36,9167.15,0,19,0
332,52,Male,15,Basic,1630.63,39077.66,2,20,0
333,34,Female,26,Basic,1024.35,35955.03,3,17,0
334,61,Male,18,Standard,1686.17,32742.65,2,15,1
335,45,Male,48,Premium,1124.01,21949.22,7,23,0
336,47,Male,9,Premium,108.62,18655.13,6,27,0
337,46,Male,1,Basic,1809.43,4720.27,2,6,0
338,63,Male,43,Premium,382.28,18189.11,6,13,0
339,23,Male,9,Standard,956.05,30291.17,1,29,1
340,52,Male,23,Standard,1005.68,44961.36,2,22,0
341,58,Male,43,Standard,189.75,41739.66,6,16,0
342,54,Male,45,Basic,200.83,2094.68,9,7,0
343,41,Male,58,Basic,1548.85,7373.71,4,10,0
344,46,Male,2,Premium,670.86,42500.15,8,16,1
345,63,Male,14,Standard,878.29,46996.26,7,13,0
346,48,Male,38,Standard,1171.81,3262.54,5,8,0
347,52,Female,40,Basic,809.43,35211.98,3,5,0
348,50,Male,18,Basic,1572.57,18603.79,2,7,0
349,38,Male,16,Basic,1780.48,18532.37,5,16,0
350,49,Male,53,Standard,213.46,32312.13,8,21,0
351,40,Male,29,Standard,1307.27,40605.7,4,12,0
352,50,Male,44,Premium,703.55,14104.46,6,12,0
353,20,Male,11,Standard,1208.22,35415.04,6,16,0
354,35,Female,6,Premium,1019.42,31975.88,6,18,0
355,42,Female,3,Premium,733.99,26107.37,8,1,0
356,59,Female,14,Standard,280.15,30320.07,1,29,0
357,48,Male,2,Premium,1162.94,1393.64,7,17,0
358,20,Male,32,Premium,314.31,701.26,1,3,0
359,57,Male,31,Basic,396.63,27746.71,0,6,0
360,63,Female,11,Standard,1966.13,26443.37,9,27,0
361,41,Male,22,Premium,701.74,4031.09,5,15,0
362,49,Male,3,Premium,1210.43,24855.3,1,18,0
363,64,Female,50,Premium,617.24,37997.67,4,14,1
364,39,Female,31,Standard,1744.47,27289.52,0,22,0
365,40,Male,33,Basic,638.35,26121.91,6,24,0
366,19,Male,24,Basic,797.08,36036.47,0,13,0
367,44,Male,1,Standard,1255.94,9006.29,7,12,1
368,59,Male,44,Standard,1752.97,23145.29,4,19,1
369,19,Female,15,Standard,1650.81,7828.37,4,6,0
370,43,Male,37,Standard,601.33,26430.09,2,14,0
371,34,Male,27,Basic,1676.15,29801.1,1,0,0
372,57,Female,38,Premium,1432.27,6522.83,5,1,0
373,50,Male,48,Premium,1980.67,4238,3,23,0
374,26,Male,27,Standard,1877.35,8753.31,9,2,1
375,60,Female,44,Standard,1112.96,29523.71,3,20,1
376,56,Female,12,Premium,1524.86,9886.15,5,23,0
377,46,Male,3,Basic,1183.34,14124.54,1,4,1
378,59,Female,30,Standard,1230.49,35276.02,1,15,0
379,43,Female,32,Standard,292.85,12793.07,9,27,0
380,52,Male,23,Basic,104.27,20177.59,9,16,0
381,42,Female,2,Basic,191.55,46477.85,3,28,0
382,41,Male,7,Basic,1936.6,41337.33,5,17,1
383,30,Male,34,Standard,339.91,13145.88,1,25,1
384,24,Male,32,Basic,184.34,30080,6,15,0
385,53,Male,53,Standard,688.32,33457.32,7,10,1
386,62,Female,39,Standard,1217.54,45061.95,8,2,1
387,37,Male,32,Basic,1902.08,27599.63,5,9,0
388,18,Male,43,Premium,1429.79,28283.7,1,17,0
389,25,Male,43,Basic,625.07,44478.14,5,15,1
390,63,Male,14,Premium,1884.21,3191.9,7,8,1
391,33,Female,3,Basic,168.48,31593,9,20,1
392,31,Female,46,Basic,1960.2,21124.14,0,0,0
393,29,Female,32,Standard,211.42,45533.29,5,10,0
394,40,Male,43,Standard,1532.31,48046.74,0,10,1
395,32,Female,36,Standard,186.07,8927.24,5,26,0
396,45,Female,17,Standard,1869.97,14432.69,9,12,1
397,51,Male,48,Standard,306.47,14036.17,3,27,0
398,19,Female,3,Standard,195.91,5481.07,2,7,0
399,49,Male,57,Standard,1789.6,24405.72,2,18,0
400,40,Female,10,Premium,282.01,25897.53,3,26,0
401,39,Female,53,Premium,1616.07,28862.42,2,8,0
402,42,Female,47,Standard,1519.37,33316.44,8,24,1
403,39,Female,40,Premium,1237.87,3614.41,3,27,0
404,39,Male,18,Basic,818.13,31312.94,0,5,0
405,59,Male,3,Premium,1839.6,45733.56,3,3,1
406,23,Female,39,Standard,1755.05,23022.05,0,27,0
407,32,Male,10,Premium,909.87,5782.27,9,27,0
408,60,Female,52,Basic,540.28,4754.23,9,8,0
409,54,Female,9,Premium,617.89,14446.74,2,26,0
410,50,Female,46,Standard,518.61,37749.97,3,24,0
411,25,Female,55,Basic,1128.38,13419.48,3,14,1
412,61,Female,46,Basic,1750.22,40809.38,8,17,0
413,61,Female,11,Premium,1569.86,41073.13,5,25,1
414,22,Male,33,Basic,1611.47,23127.04,2,21,0
415,56,Male,36,Basic,951.75,15389.05,6,26,1
416,21,Female,26,Basic,712.65,30084.52,3,3,0
417,23,Male,27,Standard,1538.98,40621.24,6,18,0
418,62,Female,38,Basic,1607.27,3696.25,1,25,1
419,49,Male,22,Premium,1421.17,47694.47,6,15,1
420,47,Male,26,Premium,161,32472.06,7,5,0
421,64,Male,22,Basic,1220.4,20208.31,6,26,0
422,52,Female,5,Premium,759.39,25547.95,5,11,0
423,57,Male,35,Basic,472.77,19586.83,3,14,0
424,33,Female,2,Premium,1419.35,20924.25,8,14,1
425,30,Female,35,Basic,610.2,29983.02,0,14,0
426,59,Female,9,Basic,1834.4,3481.9,4,15,0
427,47,Male,51,Basic,666.35,9181.17,0,29,0
428,36,Male,51,Standard,1154.84,11738.46,9,13,1
429,34,Male,49,Premium,1672.75,20671.96,0,7,1
430,36,Female,18,Basic,864.02,18867.35,5,24,0
431,45,Female,43,Standard,1674.45,36249.13,5,27,1
432,43,Male,12,Standard,1475.02,13329.38,6,24,1
433,54,Female,3,Basic,1849.65,3325.07,9,1,0
434,43,Male,18,Basic,719.09,3244.39,8,14,0
435,40,Male,56,Basic,299.55,1060,5,28,1
436,26,Male,38,Basic,917.66,2382.29,1,7,0
437,29,Male,7,Basic,1593.05,43003.7,3,10,1
438,18,Female,33,Premium,955.83,35013.52,8,15,0
439,18,Male,6,Basic,597.78,49798.59,1,7,1
440,64,Male,18,Basic,152.45,1505.48,6,4,0
441,51,Male,45,Premium,694.75,42525.58,3,19,0
442,49,Male,22,Standard,1455.42,34954.79,9,24,1
443,42,Male,51,Premium,380.47,32196.95,5,3,0
444,57,Male,39,Standard,747.67,18148.34,0,11,0
445,62,Male,51,Standard,138.44,19148.01,7,9,0
446,18,Female,9,Premium,1471.33,42355.28,5,3,0
447,33,Female,35,Basic,1773.3,35817.45,6,18,0
448,56,Female,23,Standard,1180.2,33680.67,5,9,0
449,22,Female,12,Basic,149.16,2017.14,6,28,1
450,39,Male,52,Premium,513.49,9623.82,4,27,0
451,46,Female,24,Standard,933.09,48149.91,2,28,0
452,20,Female,50,Basic,1216.4,22991.38,5,18,0
453,29,Female,40,Standard,1042.93,39178.96,9,18,1
454,43,Male,9,Standard,1840.15,19771.6,8,10,1
455,33,Female,13,Premium,1883.41,38333.98,5,22,0
456,54,Female,40,Basic,303.59,6401.02,8,12,0
457,39,Male,54,Basic,362.94,2585.34,1,20,0
458,46,Female,42,Standard,780.3,23575.74,0,24,0
459,31,Male,17,Basic,900.35,29786.49,3,1,0
460,45,Female,7,Standard,1213.53,16523.24,4,13,0
461,22,Male,17,Premium,1569,35942.23,9,19,0
462,64,Female,55,Premium,357.96,25043.07,6,17,0
463,47,Female,50,Basic,1625.02,46451.68,7,26,0
464,63,Female,24,Premium,1259.05,4707.03,0,15,0
465,22,Male,2,Premium,1963.68,3795.13,5,23,0
466,29,Female,35,Basic,1337.22,45303.53,0,3,1
467,33,Male,28,Standard,1460.57,33620.8,7,0,0
468,43,Male,19,Premium,470.9,33720.36,0,25,0
469,43,Male,33,Basic,1560.84,1863.98,3,2,0
470,38,Male,21,Basic,250.61,46914.92,2,11,0
471,56,Female,53,Basic,1347.41,38705.34,1,22,0
472,53,Female,10,Premium,205.59,38333.58,7,27,1
473,50,Female,53,Premium,318.93,45640.52,5,2,0
474,47,Male,46,Standard,304.95,29118.58,3,20,0
475,54,Female,45,Standard,199.72,20035.99,2,17,0
476,40,Male,9,Standard,710.16,24293.62,5,23,0
477,27,Male,38,Standard,1989.27,38973.41,5,3,1
478,22,Male,6,Standard,761.63,38552.13,4,28,0
479,53,Female,51,Standard,1545.47,30674.54,2,16,0
480,51,Female,53,Basic,351.4,11294.98,9,11,0
481,48,Male,42,Standard,963.53,41034.76,8,19,0
482,27,Female,55,Premium,451.72,32538.46,5,7,1
483,36,Female,35,Standard,464.98,11452.47,4,24,1
484,49,Male,18,Premium,289.41,24291.9,6,16,0
485,18,Male,53,Standard,920.88,49861.71,0,13,1
486,22,Female,19,Basic,243.52,16754.8,6,21,0
487,62,Male,5,Basic,1828.64,6269.75,0,19,0
488,21,Male,25,Premium,951.01,1572.54,8,10,0
489,33,Female,11,Standard,1693.28,9639.3,5,7,1
490,41,Female,10,Basic,1960.98,9754.83,6,0,0
491,33,Male,17,Basic,1387.78,42974.39,6,20,0
492,19,Female,36,Standard,1812.87,8229.66,0,16,0
493,45,Male,26,Premium,357.2,43201.22,1,19,1
494,49,Male,31,Premium,1676.99,4792.47,9,27,0
495,44,Female,32,Premium,615.31,45378.89,2,17,0
496,37,Male,21,Basic,997.94,13189.5,7,28,0
497,41,Male,18,Standard,1328.51,30769.15,8,9,0
498,29,Male,18,Basic,1816.73,8406.5,7,8,0
499,52,Female,1,Basic,1830.89,19807.75,5,1,0
500,50,Female,14,Basic,274.99,4745.51,1,19,0
501,50,Female,8,Basic,792.66,29186.65,1,2,0
502,60,Male,2,Standard,1607.03,17620.94,9,0,1
503,54,Male,51,Basic,1436,42681.43,6,27,1
504,29,Female,15,Basic,150.07,9499.92,8,0,0
505,20,Female,34,Premium,954.79,14359.41,5,17,0
506,18,Female,36,Basic,1675.58,9274.11,0,7,0
507,50,Male,1,Standard,1501.6,28409.23,8,17,0
508,57,Female,51,Basic,882.51,6031.49,6,29,0
509,27,Male,21,Standard,1496.81,9873.17,2,0,1
510,60,Female,42,Standard,1147.3,34085.25,1,21,0
511,61,Male,1,Standard,1834,4183.52,2,16,1
512,46,Male,32,Premium,1215.54,37286.6,1,9,0
513,30,Female,20,Premium,861.39,5664.51,9,8,0
514,29,Male,54,Basic,1739.55,29481.69,1,21,1
515,48,Female,47,Basic,194.75,49891.57,3,9,0
516,63,Male,36,Basic,1810.97,9107.7,5,21,0
517,19,Male,39,Standard,1423.06,13423.77,2,0,0
518,52,Female,30,Standard,1887.15,44972.12,8,15,0
519,40,Male,7,Standard,575.96,31501.18,4,6,1
520,34,Female,22,Basic,1420.35,24880.3,4,2,0
521,43,Female,57,Basic,1637.98,28353.9,6,16,0
522,25,Female,50,Basic,1433.99,15127.02,8,8,1
523,46,Male,45,Basic,499.63,42838.43,0,14,0
524,43,Male,10,Premium,623.62,37390.82,8,7,0
525,27,Male,56,Premium,1176.81,32302.09,1,3,1
526,43,Female,8,Premium,948.83,46621.26,2,18,0
527,51,Female,27,Basic,1496.72,29116.49,4,1,0
528,58,Male,10,Premium,819.49,25837.92,9,1,1
529,24,Male,14,Premium,1733.01,48796.82,3,12,0
530,21,Female,46,Basic,920.65,10697.7,4,26,1
531,62,Male,59,Premium,176.08,7527.42,9,18,0
532,28,Female,52,Basic,132.99,8533,4,0,1
533,46,Male,54,Basic,1328.81,49477.38,4,27,0
534,53,Female,11,Basic,1127.05,32786.43,9,25,0
535,42,Male,6,Standard,1131.21,15643.18,9,22,0
536,38,Male,21,Basic,1601.02,12824.4,9,14,0
537,53,Female,33,Premium,813.87,3303.61,4,1,0
538,27,Female,19,Premium,1991.35,7031.39,1,27,1
539,54,Female,39,Basic,1896.51,45454.54,0,15,1
540,26,Male,24,Standard,124.63,37493.38,9,21,1
541,41,Female,18,Standard,1801.91,47107.21,7,27,1
542,52,Female,35,Standard,1393.04,21474.68,2,13,1
543,52,Male,52,Premium,1053.97,30261.24,6,5,1
544,53,Female,43,Standard,1207.22,24441.73,7,10,1
545,35,Female,37,Standard,1699.53,44128.58,5,13,0
546,56,Female,19,Basic,1906.97,49573.4,5,19,1
547,49,Male,53,Standard,1164.63,46672.37,2,3,1
548,41,Male,24,Standard,444.45,30103.76,8,16,0
549,40,Male,56,Standard,1315.53,3559.2,2,15,1
550,49,Female,34,Basic,244.82,31067.57,4,26,0
551,54,Male,22,Basic,1306.76,5303.85,5,5,0
552,29,Female,4,Standard,1636.36,7371.66,0,7,0
553,30,Female,57,Premium,771.33,9971.56,8,28,0
554,40,Female,10,Premium,235.25,18492.92,6,12,0
555,42,Male,2,Basic,1415.23,29793.43,0,25,0
556,52,Male,8,Standard,744.72,17010.91,5,3,1
557,58,Female,33,Premium,573.28,22887.22,6,15,1
558,47,Female,59,Standard,1409.45,2840.81,4,16,1
559,34,Male,38,Basic,1942.21,31178.01,4,3,0
560,37,Male,43,Premium,1516.11,33023.07,6,15,0
561,42,Male,59,Basic,1033.57,5419.81,2,1,1
562,39,Female,28,Standard,1240.97,39363.3,2,19,0
563,30,Male,10,Basic,370.33,32549.25,0,23,0
564,36,Male,45,Basic,1645.11,24741.61,7,12,0
565,53,Male,1,Basic,1248.16,27866.56,1,2,0
566,29,Female,34,Basic,1935.08,25400.76,2,27,1
567,58,Male,3,Premium,1961.02,3162.75,6,29,1
568,36,Female,9,Standard,773.71,36889.9,9,28,0
569,29,Female,5,Premium,1978.24,25834.63,9,20,0
570,26,Female,42,Standard,1917.98,9054.78,7,9,0
571,24,Male,10,Standard,1315.68,34196.18,8,26,0
572,45,Male,12,Standard,733.58,34905.75,7,17,0
573,31,Male,18,Standard,1531.35,11068.03,6,24,0
574,48,Female,58,Standard,615.35,39926.51,9,29,1
575,36,Male,21,Premium,1296.7,23096.98,0,2,1
576,64,Female,21,Standard,146.71,9440.18,0,0,1
577,33,Male,1,Basic,1294.31,33052.19,7,22,1
578,22,Male,3,Premium,1908.06,30037.98,6,10,0
579,52,Male,5,Premium,546.77,8935.11,1,4,0
580,29,Male,25,Standard,1578.54,43681.27,8,24,0
581,42,Female,58,Basic,657.5,42799.45,9,2,1
582,38,Female,49,Basic,1444.91,41894.11,6,10,1
583,53,Female,8,Standard,1429.95,20261.78,8,0,0
584,40,Female,17,Standard,451,41318.83,0,14,0
585,33,Male,9,Basic,1234.54,42317.37,2,6,0
586,56,Female,32,Premium,1732.42,49828.74,9,23,0
587,62,Female,6,Premium,826.81,47901.43,1,26,0
588,59,Female,49,Standard,1449.53,19450.94,5,1,1
589,56,Male,40,Premium,1381.42,10311.11,9,14,0
590,31,Female,21,Premium,589.28,14976.89,3,17,1
591,48,Female,7,Basic,1845.42,24991.67,1,24,0
592,22,Male,7,Premium,1170.67,40370.15,1,28,0
593,52,Male,47,Basic,775.06,36287.71,5,3,0
594,40,Female,39,Standard,412.28,39491.78,8,0,1
595,46,Female,54,Standard,999.57,19306.36,5,29,0
596,60,Male,27,Basic,1487.22,12721.78,3,8,1
597,28,Female,8,Basic,1284.92,1694.42,8,8,0
598,35,Male,9,Standard,1481.4,31496.09,1,21,1
599,64,Female,28,Basic,1604.35,39854.37,5,5,0
600,29,Female,15,Standard,937.91,44512.45,6,13,0
601,26,Female,2,Standard,1088.32,24073.78,2,8,0
602,27,Female,7,Standard,1974.2,46418.47,3,1,0
603,61,Female,47,Standard,1939.3,10519.4,6,8,0
604,34,Male,18,Standard,888.15,25961.72,8,12,0
605,55,Male,22,Standard,1401.84,11081.5,4,19,1
606,24,Female,50,Premium,608.42,9809.74,1,19,1
607,63,Female,10,Premium,390.13,47692.71,7,28,0
608,30,Female,54,Standard,1559.96,40978.16,8,24,1
609,57,Male,50,Premium,928.74,1084.09,1,22,1
610,59,Male,33,Basic,436.4,13791.39,9,11,1
611,26,Male,7,Basic,1541.81,10654.19,9,9,0
612,44,Male,3,Standard,1838.82,7783.14,0,27,0
613,19,Male,14,Premium,1873.22,35021.92,3,29,0
614,22,Male,44,Basic,1233.03,28558.47,0,4,0
615,46,Male,46,Basic,1011.32,22969.76,0,23,0
616,54,Male,36,Basic,369.55,9880.1,4,11,0
617,55,Female,13,Basic,1606.3,14242.09,6,28,0
618,36,Male,16,Premium,1896.11,18127,2,0,0
619,25,Male,16,Basic,1789.97,39381.39,6,22,0
620,62,Male,54,Basic,1528.39,49464.88,4,3,0
621,18,Male,5,Basic,108.68,9606.86,9,12,0
622,39,Female,52,Standard,874.73,17405.37,7,17,0
623,34,Male,25,Basic,880.36,14369.98,6,1,0
624,24,Female,38,Basic,1799.3,2681.34,0,10,0
625,42,Female,38,Premium,224.74,11351.33,0,27,1
626,62,Female,50,Basic,1109.32,45129.89,6,24,0
627,21,Male,38,Basic,358.66,42221.48,5,21,0
628,53,Male,39,Basic,1358.36,8796.07,8,26,1
629,23,Male,56,Standard,1605.29,18625.07,7,3,0
630,48,Female,56,Premium,1319.72,15884.75,5,17,0
631,36,Female,48,Premium,1609.71,7813.17,5,6,0
632,61,Female,41,Standard,1254.24,31299.31,8,8,0
633,56,Female,26,Standard,460.69,28086.24,3,1,0
634,44,Male,59,Premium,827.06,21636.07,8,3,0
635,27,Male,13,Basic,1918.05,42847.17,7,13,0
636,43,Male,44,Premium,647.53,31175.71,2,16,0
637,36,Female,51,Standard,219.44,13334.05,3,0,0
638,56,Female,26,Basic,831.18,18998.38,6,2,1
639,20,Male,55,Premium,795.98,7932.76,2,0,0
640,62,Male,55,Basic,993.59,29772.98,2,19,0
641,30,Female,1,Basic,1164.58,29538.14,7,29,1
642,45,Male,8,Standard,1985.6,43574.09,4,21,0
643,37,Male,4,Premium,1536.84,42862.93,4,28,0
644,45,Female,21,Standard,168.19,41928.63,7,20,0
645,25,Female,22,Premium,1454.15,27673.14,5,24,0
646,58,Female,51,Premium,1666.04,32774.98,4,12,0
647,56,Male,53,Basic,1801.7,38889.33,0,13,0
648,18,Female,58,Basic,905.61,5038.4,4,11,0
649,20,Male,37,Basic,695.89,15379.6,7,10,1
650,30,Male,49,Standard,1694.72,8869.95,8,17,0
651,45,Female,3,Basic,1577.47,25817.65,5,1,0
652,42,Male,19,Standard,1118.48,41964.56,9,27,1
653,50,Female,1,Basic,323.98,11920.24,2,2,0
654,55,Female,29,Standard,1338.35,36679.72,7,3,0
655,23,Male,23,Premium,224.77,20588.29,4,8,1
656,61,Male,33,Standard,290.7,45202.21,1,10,0
657,62,Female,55,Standard,729.17,31526.08,0,21,0
658,49,Female,52,Standard,805.23,48839.37,7,28,0
659,62,Female,41,Premium,977.75,12660.65,1,24,1
660,64,Female,23,Standard,744.37,46235.94,2,20,0
661,38,Female,5,Premium,164.2,18174.26,8,24,0
662,33,Female,7,Basic,399.09,31287.39,0,8,0
663,38,Male,57,Basic,318.71,9138.16,7,16,0
664,28,Male,58,Premium,919.25,38109.36,1,14,0
665,54,Male,6,Standard,503.04,48923.4,7,8,0
666,53,Male,49,Basic,657.74,39477.59,1,6,0
667,52,Female,22,Standard,995.98,30981.94,6,26,0
668,36,Male,49,Standard,547.57,22686.59,2,7,0
669,37,Male,13,Premium,567.27,17589.2,3,2,0
670,35,Female,12,Basic,1682.97,21241.12,0,0,0
671,64,Male,4,Premium,1141.37,16750.27,9,3,0
672,58,Female,8,Premium,1727.84,41719.14,0,16,1
673,31,Female,37,Premium,1077.6,44709,9,0,0
674,32,Female,31,Premium,1827.6,47508.06,7,3,0
675,48,Female,37,Standard,584.01,21208.93,7,7,0
676,18,Female,45,Basic,1271.67,27537.85,1,27,0
677,20,Male,26,Basic,1056.14,29056.32,3,16,1
678,33,Male,43,Basic,1845.51,32728.86,1,25,0
679,40,Male,8,Standard,895.11,621.59,7,25,0
680,28,Female,40,Standard,1724.17,42213.14,6,11,0
681,29,Male,33,Premium,1171.42,13772.96,6,24,1
682,27,Male,45,Premium,1446.23,23872.12,9,21,0
683,49,Male,29,Premium,1785.1,42157.63,2,15,1
684,33,Male,5,Premium,1994.12,49844.38,4,28,0
685,25,Female,28,Basic,1489.17,39846.73,0,4,0
686,55,Male,53,Premium,697.59,1729.25,9,24,0
687,29,Female,40,Standard,668.12,18753.33,3,24,1
688,41,Female,17,Standard,687.3,12736.93,3,24,0
689,45,Male,55,Standard,286.03,48224.52,0,12,0
690,25,Female,23,Premium,201.84,13579.33,6,12,0
691,45,Female,45,Basic,1203.6,47195.83,4,11,1
692,53,Female,9,Basic,1640.12,46907.12,0,2,0
693,43,Female,2,Premium,168.66,42050.81,4,27,1
694,25,Female,32,Premium,1176.61,5354.55,7,11,0
695,45,Female,51,Standard,806.35,598.76,9,23,0
696,45,Female,52,Standard,1795.72,39797.21,7,25,0
697,54,Male,49,Basic,376.24,42243.3,1,29,0
698,58,Male,31,Standard,1170.52,48127.99,0,19,0
699,53,Female,7,Standard,1944.75,11309.94,1,19,1
700,44,Female,30,Premium,755.56,36790.75,5,27,0
701,34,Male,58,Basic,1509.38,26193.69,4,22,0
702,26,Male,3,Premium,1776.66,16759.87,3,23,0
703,50,Male,51,Basic,453.8,30511.4,7,19,0
704,37,Male,51,Premium,1985.8,27635.87,4,10,0
705,30,Female,56,Basic,1637.83,14968.57,3,9,0
706,45,Female,9,Standard,361.37,13788.89,7,28,1
707,46,Male,10,Basic,690.68,24585.72,0,15,1
708,30,Male,46,Basic,1287.44,23964.81,8,5,0
709,63,Male,50,Premium,1781.34,15451.61,1,16,0
710,52,Male,58,Basic,470.19,13554.69,7,12,0
711,23,Female,47,Basic,1489.29,47738.22,8,17,0
712,35,Male,26,Basic,614.23,43187.34,9,11,0
713,22,Male,1,Premium,1630.29,40930.57,7,4,0
714,64,Male,30,Basic,1398.54,11107.05,8,19,1
715,42,Female,57,Premium,1093.53,9869.91,3,15,0
716,19,Female,38,Standard,1334.75,40561.79,1,29,0
717,27,Female,15,Premium,1765.25,9641.38,2,2,0
718,47,Male,25,Basic,834.21,25425.03,7,15,0
719,62,Male,6,Standard,1561.58,11460.38,4,10,0
720,22,Male,18,Basic,401.92,19214.45,3,13,0
721,50,Female,1,Premium,1432.25,42745.98,2,21,0
722,18,Female,56,Standard,1526.25,44625.21,2,25,1
723,35,Male,3,Standard,941.7,49835.62,9,21,0
724,49,Male,17,Standard,1607.88,47223.26,9,12,1
725,64,Female,48,Basic,1158.5,33726.91,6,10,0
726,28,Male,8,Standard,1878.92,21870.44,7,13,1
727,38,Male,49,Standard,313.69,3355.77,4,9,1
728,43,Male,40,Standard,348.56,30604.22,7,23,1
729,42,Female,17,Standard,1700.61,10928.69,8,17,1
730,39,Male,25,Premium,1700.49,42581.75,3,6,0
731,44,Male,41,Basic,995.33,27670.49,1,22,0
732,30,Male,12,Basic,1931.53,36808.33,4,17,1
733,50,Male,29,Standard,1390.84,33838,1,28,0
734,51,Female,25,Premium,1967.42,17692.89,9,21,0
735,58,Female,51,Standard,1111.55,38074.76,1,20,1
736,52,Female,36,Basic,483.07,42247.07,5,1,0
737,18,Male,53,Basic,944.35,37334.46,9,24,0
738,38,Female,54,Basic,1962.92,38951.94,9,7,0
739,23,Male,25,Standard,803.79,18320.77,0,22,1
740,45,Female,29,Standard,1918.33,47212.55,1,14,1
741,34,Male,11,Premium,1614.34,21516.32,4,29,0
742,22,Female,4,Premium,940,44903.99,9,5,0
743,48,Female,14,Basic,1129.55,42961.56,4,20,0
744,22,Female,46,Basic,1254.13,6654.38,9,12,0
745,55,Male,38,Premium,1364.96,48330.39,2,24,0
746,20,Male,17,Basic,245.73,49818.91,4,4,1
747,40,Male,2,Premium,1873.82,30504.25,8,28,0
748,54,Female,8,Standard,1234.3,39263.95,1,21,0
749,54,Male,36,Basic,1869.18,46717.51,5,2,0
750,27,Male,10,Basic,1300.61,1491.21,7,24,1
751,27,Male,7,Premium,918.93,46534.51,2,14,0
752,36,Male,36,Standard,1177.16,31554.62,1,26,0
753,34,Male,16,Basic,1676.06,41508.59,0,29,1
754,38,Male,14,Basic,719.64,27265.75,0,23,0
755,31,Female,16,Premium,1917.27,26762.03,3,8,0
756,26,Female,25,Standard,985.31,44927.15,5,16,0
757,63,Male,41,Premium,1916.85,25619.86,6,16,0
758,18,Female,4,Standard,1773.44,23853.57,7,12,0
759,62,Female,29,Standard,1558.56,30605.35,7,17,1
760,30,Male,56,Premium,988.13,26169.21,9,19,0
761,21,Male,6,Premium,1215.2,22591.2,0,25,1
762,18,Female,1,Standard,1692.26,9435.93,7,4,1
763,57,Male,39,Premium,1133.71,20171.32,9,12,1
764,49,Female,1,Basic,1502.56,14461.26,0,6,0
765,51,Female,51,Basic,1602.25,20323,2,3,1
766,45,Female,40,Basic,1074.88,29861.34,4,12,1
767,48,Male,57,Basic,1118.87,30638.16,9,16,0
768,25,Female,3,Basic,475.89,12313.74,9,7,0
769,56,Male,1,Premium,565,4681.69,7,26,1
770,43,Male,1,Standard,1819.39,37349.67,7,2,1
771,51,Male,39,Premium,1696.63,26664.25,5,24,0
772,20,Male,21,Basic,119.23,22384.02,3,15,1
773,29,Male,45,Basic,1751.84,6914.98,3,1,0
774,18,Female,30,Premium,147.95,21025.86,7,26,0
775,61,Male,32,Premium,970.73,40999.68,2,0,0
776,22,Male,33,Standard,228.12,29281.06,7,25,0
777,47,Male,48,Basic,1940.76,5003.29,3,7,0
778,47,Male,22,Premium,1947.41,16947.62,9,29,0
779,34,Male,30,Standard,1260.65,49000.2,8,2,0
780,64,Female,54,Basic,845.19,27453.12,1,16,0
781,40,Male,46,Basic,1072.79,14676.61,9,26,1
782,32,Male,4,Basic,1548.37,45715.51,0,18,0
783,54,Female,23,Premium,524.07,17132.03,3,23,1
784,38,Male,55,Basic,939.27,36630.41,8,15,1
785,31,Female,44,Basic,1500.81,7787.42,6,26,1
786,19,Female,25,Standard,851.25,8246.41,8,19,0
787,28,Female,12,Premium,160.79,28285.04,8,9,1
788,56,Female,17,Standard,1064.05,12371.25,9,26,0
789,55,Male,53,Premium,1501.08,2941.94,8,22,0
790,51,Male,15,Basic,1955.95,46360.04,8,23,1
791,55,Female,10,Standard,170.39,3271.48,6,14,1
792,51,Female,35,Premium,1125.85,36013.18,7,6,0
793,35,Male,55,Premium,954.88,16982.8,1,15,0
794,47,Female,52,Basic,560.65,46708.5,8,16,0
795,32,Female,52,Basic,1311.75,49309.59,1,19,0
796,44,Female,29,Standard,410.88,17103.82,7,12,0
797,51,Male,12,Standard,639.34,29759.79,1,28,1
798,55,Female,1,Premium,1585.34,38762.75,7,9,1
799,50,Male,1,Standard,974.78,6608.76,2,8,1
800,41,Male,10,Basic,1987.97,35618.38,1,6,0
801,32,Male,18,Standard,834.28,45356.78,5,11,0
802,47,Female,47,Standard,980.2,9335.88,5,0,0
803,59,Female,2,Premium,670.49,42016.15,0,23,0
804,34,Male,49,Basic,548.96,6222.37,6,15,0
805,22,Male,8,Premium,1852.33,28630.93,0,3,0
806,46,Male,22,Basic,1522.77,17298.5,3,29,0
807,21,Female,22,Basic,733.46,23849.94,5,13,1
808,27,Female,26,Premium,1430.3,15381.29,7,29,0
809,34,Male,26,Standard,1934.99,13396.7,7,27,0
810,27,Male,9,Premium,240.69,37285.39,9,22,0
811,34,Female,21,Standard,602.56,11544.1,6,28,0
812,37,Male,31,Premium,481.1,20716.45,4,21,0
813,41,Female,52,Premium,1752.59,14090.58,5,22,0
814,22,Female,43,Standard,440.46,12312.44,7,25,0
815,51,Male,6,Standard,685.34,31541.26,2,25,0
816,23,Male,56,Standard,1133.34,2748.72,5,16,1
817,19,Female,14,Premium,1280.08,39550.49,3,11,0
818,30,Female,33,Standard,1635.55,27538.59,2,14,1
819,60,Female,7,Standard,873.91,41507.65,2,21,1
820,60,Female,24,Standard,1115.06,11044.29,3,11,0
821,28,Female,9,Basic,1934.38,35615.6,5,2,0
822,64,Male,11,Standard,664.99,21318.9,0,9,0
823,40,Female,56,Standard,571.38,4301.8,1,19,0
824,33,Female,23,Standard,1450.14,37747.58,3,16,0
825,48,Female,48,Basic,1565.16,38228.27,9,13,0
826,28,Male,51,Basic,888.08,13910.38,8,12,0
827,33,Male,2,Standard,504.66,45844.28,7,29,1
828,25,Female,15,Standard,1579.95,38316.5,9,12,0
829,21,Female,35,Standard,1373.94,15684.49,7,25,1
830,57,Male,36,Standard,1764.83,12335.89,6,7,0
831,21,Male,52,Basic,1704.22,22284.43,5,13,0
832,42,Male,54,Standard,489.87,14993.1,6,1,0
833,20,Male,28,Basic,1681.44,11242.64,5,18,1
834,49,Female,39,Premium,432.83,20255.49,2,22,1
835,20,Male,44,Basic,1741.04,1772.36,5,1,0
836,44,Female,4,Premium,1563.61,20369.85,6,11,0
837,46,Female,10,Basic,1182.74,11472.3,5,19,0
838,49,Male,6,Basic,1320.22,13584.54,1,11,0
839,36,Male,57,Basic,297.75,4586.39,5,22,0
840,38,Male,30,Standard,175.78,29652.12,1,27,0
841,22,Male,54,Basic,728.23,23864.46,0,18,0
842,35,Female,46,Standard,1660.67,37656.06,9,15,1
843,45,Female,35,Basic,984.99,49361.38,9,1,1
844,59,Female,49,Basic,524.45,6416.93,9,7,0
845,39,Male,43,Premium,1685.64,13985.04,4,1,1
846,38,Female,10,Basic,534.39,34281.48,3,9,0
847,23,Male,58,Standard,1649.44,12246.94,8,15,0
848,18,Female,53,Premium,960.66,1992.3,8,6,1
849,22,Male,32,Premium,980.64,5935.43,8,26,0
850,58,Female,42,Basic,618.17,21964.53,2,18,1
851,29,Female,42,Basic,1810.33,21823.84,9,19,0
852,43,Male,3,Premium,268.69,48629.08,2,21,1
853,63,Female,56,Standard,374.37,23564.53,2,26,1
854,51,Female,26,Basic,1308.18,34064.35,9,2,0
855,31,Male,15,Premium,1715.22,24863.95,4,16,1
856,43,Male,17,Standard,281.36,13860.97,5,27,1
857,62,Male,27,Basic,1494.13,5719.83,5,7,0
858,44,Male,18,Premium,1510.77,43024.16,2,3,0
859,26,Male,51,Premium,1204.89,8056.8,1,0,1
860,43,Female,19,Basic,1024.78,5296.23,5,17,0
861,64,Male,12,Standard,710.07,11084.52,3,21,1
862,39,Female,24,Standard,767.78,623.19,8,0,0
863,64,Female,5,Premium,1381.42,4062.27,1,8,0
864,47,Male,24,Standard,224.05,31942.24,3,13,1
865,60,Female,27,Premium,1211.38,12555.61,1,6,0
866,34,Female,48,Basic,629.59,17256.35,4,7,0
867,43,Male,30,Standard,986.55,41847.34,2,7,0
868,53,Female,15,Basic,1162.06,38758.53,3,21,1
869,18,Male,47,Premium,1782.75,24866.28,8,23,0
870,25,Male,59,Basic,1200.24,30842.34,9,22,0
871,52,Male,38,Standard,531.6,4747.66,4,0,0
872,32,Female,44,Basic,250.97,38198.94,8,2,0
873,64,Female,34,Standard,1291.28,26051.48,4,8,0
874,39,Female,27,Standard,1135.59,28761.98,9,7,0
875,31,Female,20,Standard,1376.42,33443.58,8,4,0
876,43,Male,41,Standard,972.85,25258.68,7,0,0
877,45,Female,32,Standard,1667.74,26323.79,0,1,0
878,40,Male,4,Premium,1848.34,25231.96,2,9,0
879,31,Female,5,Basic,176.01,25092.47,4,13,0
880,41,Female,53,Premium,1513.76,37635.16,2,14,0
881,19,Female,58,Basic,166.81,21646.82,9,9,1
882,62,Female,8,Basic,945.68,643.22,0,8,0
883,43,Female,22,Basic,977.05,30797.13,1,11,0
884,31,Male,42,Premium,1422.81,47656.79,1,9,0
885,24,Female,7,Standard,769.57,13219.51,3,23,0
886,20,Female,22,Standard,1659.71,40901.57,5,8,0
887,64,Female,46,Premium,751.44,23046.77,1,17,0
888,40,Female,30,Standard,750.78,32327.61,5,18,0
889,63,Male,37,Basic,523.25,44598.25,0,18,0
890,60,Female,16,Standard,1399.35,38665.17,7,16,0
891,64,Male,15,Standard,245.52,44286.38,2,1,0
892,62,Female,5,Standard,789.8,971.24,7,9,1
893,35,Male,3,Basic,607.09,9772.09,2,4,0
894,55,Male,23,Standard,535.74,21462.97,0,6,1
895,52,Male,10,Standard,215.87,42468.17,3,5,0
896,32,Male,5,Standard,461.73,42000.4,2,29,0
897,42,Male,23,Premium,947.86,9664.45,7,1,0
898,54,Female,15,Premium,1057.11,7541,0,7,0
899,45,Male,18,Standard,612.06,41817.77,8,3,0
900,27,Female,25,Premium,1335.46,27301,8,26,0
901,56,Male,8,Premium,738.01,31525.1,5,17,0
902,34,Male,31,Basic,797.77,40555.7,4,3,0
903,56,Female,21,Premium,1586.99,10981.45,4,7,1
904,39,Male,2,Premium,1148.74,7256,5,29,0
905,43,Male,22,Standard,1911.03,43022.69,6,16,0
906,61,Male,8,Basic,782.67,6032.82,7,26,0
907,42,Male,23,Basic,1672.9,4864.95,2,24,1
908,34,Female,32,Basic,1502.84,14215.22,9,13,0
909,30,Male,8,Premium,1791.36,16184.02,0,7,0
910,37,Male,4,Standard,1917.9,12436.2,4,13,1
911,42,Female,30,Basic,114.59,37210.35,0,7,0
912,21,Female,19,Basic,267.77,48681.03,1,25,0
913,27,Male,23,Premium,1381.24,10379.77,7,24,0
914,20,Male,18,Basic,841.38,39201.68,2,13,0
915,58,Female,53,Standard,1656.34,2689.99,9,22,0
916,62,Male,29,Basic,122.76,6385.68,3,10,0
917,35,Female,23,Standard,1633.26,25998.31,5,8,0
918,64,Male,33,Standard,356.96,49980.64,7,16,1
919,53,Female,52,Standard,651.47,47493.6,0,16,1
920,64,Female,47,Premium,1941.25,6041.18,1,11,0
921,39,Female,18,Premium,198.04,12364.5,5,19,1
922,51,Male,54,Standard,763.18,47316.7,7,1,0
923,64,Male,44,Standard,260.6,7960.83,7,23,0
924,25,Male,33,Basic,1721.85,37268.05,2,16,0
925,57,Male,7,Basic,1435.73,554.85,3,19,1
926,61,Female,51,Basic,1620.64,31769.75,9,10,0
927,36,Female,28,Premium,1101.83,24982.72,3,26,0
928,59,Female,1,Basic,779.67,23815.75,3,29,0
929,58,Male,56,Standard,104.32,41544.99,1,8,0
930,54,Male,39,Standard,628.06,4496.35,5,17,1
931,23,Male,34,Premium,1077.65,19177.94,7,5,0
932,43,Female,39,Premium,1362.29,22578.91,8,3,0
933,51,Male,19,Basic,534.98,6634.36,0,13,0
934,62,Male,31,Premium,363.91,4740.49,0,27,0
935,23,Female,13,Standard,483.07,9390.91,8,19,0
936,54,Female,57,Standard,772.74,12431.86,3,21,0
937,50,Male,24,Premium,381.92,48320,6,9,0
938,39,Female,5,Standard,397.95,24042.88,1,28,0
939,38,Male,23,Premium,183.13,25759.31,9,3,0
940,23,Female,19,Standard,1727.78,35496.41,0,14,0
941,23,Female,1,Basic,517.54,34371.21,6,8,0
942,21,Female,33,Premium,1661.61,25387.48,5,11,0
943,47,Male,59,Premium,932.79,17322,2,27,0
944,28,Male,50,Premium,1301.63,16887.06,9,7,1
945,47,Male,56,Standard,243.83,3356.68,3,23,0
946,48,Female,33,Basic,1208.8,45031.69,0,4,0
947,41,Female,32,Premium,650.99,38585.03,6,15,0
948,26,Female,59,Standard,280.9,31355.49,8,21,0
949,20,Female,28,Premium,1825.64,20106.05,0,14,1
950,48,Male,37,Standard,1246.89,29332.05,1,16,0
951,57,Male,41,Basic,559.24,24511.95,1,0,1
952,54,Male,12,Standard,897.33,14059.78,5,24,0
953,53,Female,9,Standard,778.11,15279.35,4,11,1
954,41,Female,50,Premium,1431.1,43786.75,5,19,1
955,48,Male,55,Standard,1254.12,31927.95,0,18,1
956,23,Female,11,Premium,137.59,570.41,5,4,0
957,19,Male,33,Standard,475.87,16680.15,5,29,1
958,37,Female,19,Basic,1008.44,17327.3,6,14,0
959,45,Female,54,Standard,946.42,35463.61,1,8,0
960,28,Male,57,Premium,1081.68,35172.44,5,24,0
961,21,Male,42,Standard,1458.14,23475.67,8,2,0
962,32,Female,34,Standard,1395.82,47573.48,8,11,0
963,23,Male,7,Basic,808.35,43675.34,1,22,1
964,47,Male,31,Premium,1767.41,43377.43,4,18,1
965,55,Female,52,Basic,219.57,17739.14,6,14,0
966,19,Female,2,Standard,1210.57,21834.49,4,2,0
967,32,Female,19,Basic,1904.4,21238.62,2,19,0
968,28,Male,38,Standard,1143.25,22293.21,0,17,0
969,25,Female,32,Standard,964.7,44515.93,6,21,0
970,43,Female,10,Basic,354.44,12831.47,7,15,1
971,62,Female,41,Basic,1639.36,40208.66,5,14,1
972,61,Female,8,Standard,810.21,25944.98,6,4,0
973,22,Female,26,Basic,1432.37,12829.67,8,9,1
974,23,Male,30,Basic,475.34,26601.04,1,9,0
975,43,Female,11,Standard,179.54,10174.36,4,12,0
976,21,Female,41,Premium,680.39,5854.88,2,17,0
977,36,Male,20,Basic,634.69,41989.78,1,27,0
978,37,Female,20,Basic,1759.6,35116.44,2,9,0
979,50,Female,9,Premium,1742.88,10646.46,3,15,0
980,37,Male,8,Basic,1114.4,47143.59,1,1,0
981,29,Female,15,Standard,136.1,1707.72,1,29,0
982,64,Male,34,Basic,533.82,16997.37,7,17,1
983,18,Female,24,Standard,1314.12,1571.83,2,3,1
984,43,Male,33,Premium,292.68,7543.73,2,18,0
985,31,Male,41,Premium,1431.18,9413.93,3,24,0
986,55,Female,41,Premium,122.73,40611.58,4,28,0
987,54,Male,45,Basic,1396.82,49655.46,2,4,0
988,28,Male,40,Premium,1704.62,43432.35,5,27,1
989,53,Female,27,Basic,991.51,31939.08,9,16,0
990,30,Female,21,Basic,1675.25,36284.71,2,1,0
991,60,Male,5,Basic,1584.9,26379.64,7,14,0
992,20,Female,35,Premium,1375.7,21415.91,3,22,0
993,50,Male,21,Premium,945.78,34762.36,4,23,0
994,23,Male,4,Basic,616.62,48669.28,2,5,0
995,27,Female,49,Premium,1735.64,1930.26,4,28,0
996,22,Female,48,Basic,1332.32,16047.21,6,22,1
997,40,Male,16,Premium,1616.23,16837.96,2,17,1
998,27,Female,57,Standard,1148.74,21005.42,2,13,0
999,61,Female,31,Premium,426.55,31531.16,0,11,0
1000,19,Male,26,Premium,1960.93,25930.78,1,5,0
1001,30,Male,52,Premium,447.2,1427.09,3,27,1
1002,57,Male,35,Basic,1831.36,20874.67,8,21,0
1003,19,Male,6,Basic,495.46,31162.71,2,19,0
1004,37,Male,33,Standard,810.12,25488.82,9,26,1
1005,18,Male,21,Standard,936.16,43667.06,4,19,0
1006,54,Female,16,Standard,1850.61,20230.49,8,17,0
1007,26,Male,47,Basic,1787.58,1121.65,3,2,0
1008,34,Female,39,Standard,1664.12,14602.48,3,25,0
1009,26,Female,34,Standard,815.68,7215.8,5,5,0
1010,28,Male,42,Premium,108.54,12886.4,6,3,0
1011,32,Female,57,Standard,1395.01,18423.36,5,18,0
1012,41,Male,15,Premium,880.81,33994.45,3,29,0
1013,55,Female,6,Basic,1538.41,16546.41,6,16,1
1014,52,Male,2,Basic,1610.22,44263.4,9,27,0
1015,47,Male,24,Premium,935.47,15328.61,2,10,0
1016,48,Male,56,Standard,1521.39,7278.2,2,13,0
1017,22,Male,49,Basic,1695.88,8858.84,6,26,0
1018,61,Female,28,Premium,1864.1,46761.7,5,10,0
1019,31,Female,1,Basic,1206.67,23013.32,1,28,0
1020,28,Female,1,Basic,1579.11,20454.74,0,18,1
1021,26,Female,28,Standard,1039.67,3910.59,5,16,0
1022,51,Female,36,Basic,179.16,36799.39,8,3,0
1023,29,Male,20,Premium,394.92,34885.3,2,11,0
1024,52,Male,48,Standard,343.63,19099.16,8,3,0
1025,52,Male,8,Premium,426.35,34742.3,5,26,0
1026,18,Male,1,Premium,119.4,18688.86,3,11,1
1027,57,Male,26,Premium,1731.54,4121.32,9,16,0
1028,39,Female,51,Standard,1164.28,37035.92,9,14,0
1029,46,Male,43,Basic,827.99,48277.46,9,6,0
1030,25,Male,49,Premium,878.58,32590.38,1,20,1
1031,28,Female,25,Basic,980.37,14184.83,8,0,1
1032,58,Female,10,Basic,240.38,13861.05,4,4,0
1033,54,Male,12,Premium,621.86,46484.39,4,11,0
1034,31,Male,41,Basic,1718.09,15512.87,1,6,1
1035,47,Female,7,Standard,1512.98,38525.52,4,21,1
1036,52,Male,12,Standard,1170.47,32324.29,5,25,0
1037,38,Male,47,Basic,1013.34,29833.79,1,14,0
1038,54,Male,40,Basic,592.05,9463.21,0,4,0
1039,22,Female,17,Standard,995.38,2203.35,5,23,0
1040,36,Male,5,Basic,1235.93,24689.52,8,8,1
1041,31,Male,14,Basic,1454.01,49413.85,8,0,1
1042,43,Female,34,Basic,416.62,10190.12,8,5,1
1043,21,Female,48,Basic,1644.91,27075.17,4,15,0
1044,42,Female,17,Premium,757.04,33713.48,9,14,0
1045,62,Male,35,Basic,1056.19,24442.05,0,1,0
1046,59,Female,55,Standard,1255.02,25593.22,2,12,1
1047,42,Male,1,Premium,1027.38,33230.76,7,23,0
1048,35,Female,59,Premium,1186.72,40837.82,8,4,1
1049,57,Male,50,Standard,311.89,16997.74,3,15,0
1050,25,Female,50,Basic,921.1,45014.12,2,0,0
1051,56,Male,36,Premium,632.89,24502.59,1,20,1
1052,57,Male,15,Premium,263.45,33262.93,4,9,1
1053,31,Female,19,Basic,464.13,5772.42,1,15,1
1054,49,Female,51,Basic,1244.64,24877.72,8,12,0
1055,55,Male,42,Standard,473.7,1297.27,9,20,1
1056,50,Female,5,Premium,444.02,19855.72,8,1,0
1057,40,Male,19,Basic,1150.38,3196.97,2,3,0
1058,32,Female,43,Basic,1818.93,44900.55,3,28,1
1059,50,Female,39,Standard,1598.52,33803.85,8,21,0
1060,42,Male,5,Premium,1819.67,39697.88,0,0,0
1061,34,Female,52,Basic,1207.66,23650.13,6,10,0
1062,50,Female,12,Standard,878.87,42668.94,1,8,0
1063,64,Male,19,Premium,1486.32,43715.51,8,22,1
1064,19,Male,47,Premium,596.59,18162.5,2,5,1
1065,31,Female,12,Premium,248.3,19154.32,5,0,0
1066,57,Male,36,Premium,754.77,25657.92,4,7,0
1067,57,Female,12,Standard,668.55,2591.05,1,7,1
1068,56,Female,18,Basic,1383.52,49790.53,8,3,0
1069,23,Male,49,Premium,1147.59,18279.47,2,3,0
1070,23,Male,51,Premium,362.7,23806.74,5,0,0
1071,20,Male,48,Basic,1826.16,37860.48,8,28,0
1072,24,Male,43,Premium,1227.34,15226.92,7,24,0
1073,25,Male,34,Premium,969.6,10480.76,9,29,0
1074,59,Male,48,Basic,1880.67,6808.78,4,7,0
1075,32,Female,33,Basic,284.87,26636.86,5,28,0
1076,64,Female,49,Premium,1600.23,772.17,2,25,0
1077,46,Male,18,Basic,792.86,35621.27,4,22,1
1078,50,Female,57,Standard,1421.24,23338.78,5,17,0
1079,47,Female,29,Standard,1868.38,26825.23,2,22,0
1080,56,Female,45,Premium,1083.65,13528.63,9,19,0
1081,44,Female,5,Premium,143.01,9323.53,1,18,0
1082,53,Male,25,Basic,154.81,35149.49,9,10,1
1083,46,Female,24,Basic,728.07,10908.54,8,29,0
1084,55,Female,29,Premium,1585.15,39114.25,6,27,0
1085,50,Male,59,Premium,647.7,10581.79,3,25,0
1086,54,Male,38,Standard,735.49,30827.81,2,19,0
1087,44,Male,33,Basic,1590.48,32371.67,3,9,0
1088,50,Male,10,Premium,320.76,25529.46,8,28,0
1089,21,Female,37,Premium,1708.94,49841.14,8,5,0
1090,39,Male,33,Basic,605.01,19104.23,5,6,0
1091,19,Female,23,Basic,197.32,44224.4,8,1,1
1092,27,Female,58,Premium,322.95,8876.8,8,22,0
1093,22,Male,11,Premium,1909.85,17191.94,5,25,0
1094,27,Male,24,Premium,957.52,7695.67,4,17,1
1095,50,Male,24,Basic,587.23,30379.41,2,26,0
1096,55,Male,7,Premium,1090.41,32093.74,0,17,0
1097,30,Male,50,Premium,1396.46,22948.45,3,16,0
1098,48,Male,21,Premium,705.72,36147.97,0,12,0
1099,64,Female,20,Standard,1478.02,43448.8,0,14,0
1100,53,Female,53,Standard,579.28,38939.69,5,10,1
1101,62,Female,10,Basic,313.44,12462.29,4,6,0
1102,41,Female,25,Premium,1144.45,16359.76,6,16,0
1103,32,Male,47,Premium,387.13,19323.69,0,18,0
1104,46,Male,36,Basic,1886.92,10586.43,0,26,0
1105,25,Female,48,Basic,100.85,18381.19,7,7,1
1106,22,Female,47,Basic,1535.82,12283.26,5,16,0
1107,46,Female,15,Premium,631,49788.53,7,15,0
1108,64,Male,44,Standard,1707.57,39270.89,5,27,0
1109,21,Male,40,Basic,214.29,43070.84,5,29,0
1110,29,Male,40,Premium,1910.7,46146.27,9,13,1
1111,62,Female,50,Basic,292.65,33417.55,6,21,0
1112,19,Female,6,Premium,1596.98,9210.84,1,27,0
1113,44,Male,37,Basic,1082.95,38047.04,2,17,1
1114,48,Male,2,Premium,917.75,1272.77,3,8,1
1115,53,Female,12,Basic,632.3,6104.91,0,17,1
1116,53,Female,58,Standard,1698.6,1964.43,8,21,1
1117,43,Male,4,Basic,479.53,7204.53,8,19,0
1118,60,Female,23,Basic,1470.36,37724.21,3,24,1
1119,44,Male,13,Standard,947,44331.29,0,15,1
1120,22,Male,17,Basic,1997.14,14302.59,0,16,0
1121,37,Female,31,Standard,1261.66,6396.8,5,16,0
1122,28,Female,16,Premium,297.96,14011.5,1,15,0
1123,27,Female,41,Standard,897.09,32532.13,0,25,0
1124,57,Male,26,Standard,225.97,17835.05,9,18,0
1125,55,Female,28,Premium,642.75,48076.73,1,10,0
1126,23,Female,1,Standard,752.3,6983.45,6,5,1
1127,25,Male,47,Standard,1721.04,49521.95,3,18,0
1128,40,Male,12,Premium,1692.18,1116.36,6,6,1
1129,64,Female,37,Basic,121.96,22858.8,6,8,1
1130,43,Male,55,Basic,1111.33,12964.68,3,11,0
1131,63,Male,56,Standard,524.73,28531.13,1,25,0
1132,60,Male,50,Basic,708.18,5279.27,8,1,0
1133,29,Female,20,Basic,141.14,43853.23,9,3,1
1134,43,Female,2,Standard,1524.52,7258.06,9,2,1
1135,30,Male,36,Premium,1906.12,29575.77,2,21,1
1136,57,Male,15,Basic,516.61,2150.67,0,20,1
1137,35,Male,38,Standard,749.37,15894.11,7,11,0
1138,42,Female,22,Premium,492.22,7911.28,3,2,0
1139,50,Male,44,Basic,1867.09,48903.41,8,8,0
1140,64,Male,50,Premium,117.78,1095.06,7,11,0
1141,57,Female,32,Standard,1209.34,17943.57,6,7,0
1142,60,Male,59,Premium,1754.45,15487.42,8,18,1
1143,29,Female,20,Premium,453.98,33039.99,1,25,0
1144,61,Female,36,Standard,1220.99,3290.71,3,4,0
1145,53,Female,33,Basic,196.23,40625.58,4,20,1
1146,21,Male,15,Basic,1647.71,23592.93,4,4,0
1147,22,Male,50,Premium,621.42,22912.24,0,7,0
1148,54,Female,46,Premium,1978.63,11726.1,8,2,1
1149,25,Male,3,Premium,1851.82,24757.31,8,18,0
1150,59,Female,29,Premium,1491.78,18512.73,4,23,0
1151,45,Male,47,Basic,1044,12634.25,9,8,1
1152,48,Female,27,Standard,1556.52,8849.01,2,20,0
1153,26,Female,5,Standard,348.16,36552.61,7,25,1
1154,46,Male,59,Standard,689.38,7531.13,6,23,1
1155,31,Male,56,Premium,151.1,8815.11,4,13,0
1156,57,Male,31,Premium,1325.55,29065.03,0,20,0
1157,58,Male,22,Standard,1630.52,11690.84,6,27,1
1158,39,Female,35,Basic,1897.94,23239.13,0,19,1
1159,28,Female,54,Standard,1404.36,27869.41,0,1,1
1160,40,Male,7,Basic,1490.97,14084.27,8,26,0
1161,18,Male,6,Premium,1801.37,17505.94,5,29,0
1162,63,Female,26,Standard,1879.12,10905.24,6,14,0
1163,54,Male,54,Standard,1033.47,23291.01,1,28,0
1164,38,Male,1,Premium,308.6,49623.8,7,29,1
1165,43,Male,19,Basic,986.19,18454.24,6,3,0
1166,63,Male,7,Standard,1156.54,32839.85,4,1,0
1167,53,Female,36,Standard,1299.94,31976.78,7,22,0
1168,40,Female,12,Basic,1979.64,39430.85,1,22,0
1169,18,Male,20,Standard,1843.37,35739.96,5,8,0
1170,57,Female,23,Standard,853.09,1083.1,3,27,0
1171,32,Male,25,Premium,315.56,15806.25,6,3,0
1172,38,Male,30,Basic,508.1,43576.56,5,4,1
1173,64,Male,59,Standard,430.22,27207.74,5,10,0
1174,26,Female,29,Standard,776.42,5659.09,4,3,1
1175,26,Female,31,Premium,1765.33,14168.78,4,3,0
1176,27,Female,18,Standard,932.14,14527.61,1,14,0
1177,43,Female,41,Premium,1177.83,43722.28,6,4,0
1178,58,Female,19,Standard,440.42,27893.36,6,2,1
1179,52,Male,54,Premium,1036.41,30612.02,7,15,1
1180,42,Male,4,Basic,1759.89,18669.7,3,29,0
1181,43,Female,1,Basic,1569.58,3485.36,8,24,0
1182,28,Female,41,Standard,254.26,4224.79,9,29,0
1183,55,Female,59,Standard,1737.94,21308.94,2,22,1
1184,19,Male,15,Premium,620.27,9285.95,2,0,1
1185,24,Female,54,Premium,1364.86,5661,1,0,0
1186,35,Male,8,Basic,378.13,13481.06,9,0,0
1187,44,Male,15,Standard,1381.82,37231.29,6,2,0
1188,51,Female,15,Premium,167.83,4114.41,9,8,1
1189,44,Male,50,Basic,1241.22,22687.18,1,28,0
1190,34,Male,39,Basic,1327.29,41391.31,6,12,0
1191,60,Female,22,Premium,564.54,13762.28,2,23,0
1192,61,Male,18,Standard,1880.25,15442.77,0,12,0
1193,41,Female,16,Basic,187.35,44268.26,7,24,1
1194,42,Male,2,Premium,1794.25,32675.18,7,20,0
1195,24,Female,36,Basic,825.61,39986.75,9,22,0
1196,23,Female,20,Standard,1456.44,14815.61,0,12,1
1197,41,Male,16,Premium,1337.94,49840.59,5,25,0
1198,50,Female,3,Standard,419.67,7474.37,3,24,0
1199,46,Male,56,Standard,706.1,48115.89,4,20,1
1200,60,Male,30,Basic,1106.38,45153.91,7,7,0
1201,39,Female,55,Standard,1708.37,27818.79,7,7,0
1202,43,Male,2,Basic,1914.23,29472.18,6,29,0
1203,45,Female,35,Premium,139.11,38864.87,4,18,1
1204,38,Male,26,Premium,769.86,15685.71,5,4,0
1205,24,Male,57,Basic,1369.47,26609.75,7,23,1
1206,34,Female,5,Basic,1102.69,45167.6,4,9,0
1207,37,Male,2,Basic,1891.74,3878.33,2,18,0
1208,58,Male,51,Standard,132.24,45323.67,8,2,1
1209,37,Male,56,Premium,931.7,36574.51,8,21,0
1210,39,Male,20,Premium,1370.73,38607.32,9,6,0
1211,45,Male,34,Standard,513.41,3703.55,0,22,0
1212,57,Male,34,Basic,1479.16,9793.96,6,5,0
1213,24,Male,54,Premium,254.33,46300.46,3,6,0
1214,18,Male,56,Standard,956.97,6640.55,5,29,0
1215,49,Female,55,Basic,1384.85,31743.55,6,6,0
1216,30,Male,20,Premium,606.84,39243.28,7,19,0
1217,47,Male,50,Basic,240.31,11948.46,4,7,0
1218,40,Female,25,Standard,1918.34,35090.12,4,23,1
1219,36,Female,20,Premium,1836.26,3746.04,5,1,0
1220,49,Female,25,Basic,1860.1,25189.04,6,14,0
1221,47,Male,53,Basic,1959.15,17054.44,4,9,0
1222,46,Female,14,Basic,450.93,32464.23,4,20,0
1223,62,Female,47,Standard,399.77,44505.74,3,14,0
1224,46,Male,44,Basic,165.01,6711.8,0,1,0
1225,47,Male,43,Premium,1794.46,22790.23,6,2,0
1226,33,Female,43,Premium,1530.25,21448.09,6,18,0
1227,57,Female,39,Basic,1303.2,16527.86,5,4,1
1228,36,Male,12,Standard,1862.58,24268.25,9,23,0
1229,35,Male,48,Premium,1192.65,44096.06,1,18,1
1230,18,Male,5,Premium,346.49,48696.27,1,6,0
1231,31,Male,2,Premium,436.04,640.72,5,20,0
1232,64,Male,54,Basic,351.15,37082.06,8,13,0
1233,19,Female,16,Premium,684.55,30946.52,4,11,0
1234,45,Male,55,Basic,821.04,49728.35,6,25,0
1235,47,Male,30,Basic,1613.99,4951.6,1,9,1
1236,55,Male,47,Basic,463.38,40661.64,5,9,0
1237,21,Male,43,Basic,1478.19,46729.44,5,3,0
1238,18,Male,38,Basic,1033.33,45649.72,9,17,0
1239,25,Female,45,Premium,1999.35,28248.35,5,5,0
1240,46,Male,51,Basic,1575.51,16714.03,5,19,0
1241,56,Female,42,Basic,1941.01,32175.24,3,3,0
1242,20,Male,24,Basic,750.47,15650.56,4,4,0
1243,49,Female,51,Basic,333.8,20907.33,3,13,1
1244,27,Female,30,Basic,1061.2,22563.39,5,8,0
1245,27,Male,37,Basic,336.06,15446.53,8,14,1
1246,36,Male,57,Premium,1035.66,17420.45,4,0,0
1247,63,Male,59,Basic,612.89,862,4,20,0
1248,51,Male,53,Basic,1032.99,15205.4,2,20,0
1249,50,Male,39,Premium,1904.31,23879.12,6,12,0
1250,40,Female,11,Premium,649.16,9063.86,4,1,0
1251,45,Male,14,Standard,1987.52,40376.44,1,14,0
1252,49,Male,23,Premium,535.73,27113.03,8,14,0
1253,24,Female,53,Premium,495.41,39797.09,4,15,0
1254,46,Male,16,Basic,1135.1,6841.12,6,2,1
1255,25,Female,50,Standard,1699.89,41115.31,6,12,0
1256,18,Male,21,Basic,1524.06,47934.01,9,19,0
1257,20,Female,55,Standard,1474.72,17946.47,7,0,1
1258,41,Male,55,Basic,637,14555.64,3,25,0
1259,40,Female,4,Premium,142.78,32518.16,6,13,0
1260,25,Female,33,Premium,407.32,31977.75,2,2,0
1261,64,Male,54,Standard,764,6067.17,8,16,0
1262,54,Male,47,Basic,1946.2,46374.56,7,16,0
1263,20,Male,14,Basic,1847.58,24213.28,9,8,0
1264,50,Female,19,Premium,481.22,38338.61,8,19,0
1265,45,Female,59,Premium,1478.68,18286.22,1,19,0
1266,64,Female,5,Standard,1200.13,13446.06,3,3,0
1267,25,Male,36,Premium,194.7,6007.96,0,10,0
1268,51,Male,31,Standard,806.24,14088.68,7,14,0
1269,52,Female,45,Standard,1023.54,49674.84,3,24,0
1270,49,Male,18,Standard,1368.39,33069.03,3,12,0
1271,41,Female,44,Standard,660.32,40237.73,6,26,0
1272,31,Male,31,Premium,1874.26,47946.2,5,27,1
1273,49,Male,55,Standard,958.57,4410.07,2,23,0
1274,63,Female,30,Premium,572.21,8652.37,7,19,0
1275,60,Male,21,Standard,701.21,46434.3,1,11,0
1276,33,Male,47,Premium,1528.58,28445.41,0,14,0
1277,21,Male,30,Standard,1316.54,31925.04,1,5,1
1278,54,Male,55,Premium,1510.14,21667.9,8,17,1
1279,38,Male,41,Basic,655.45,40814.22,4,21,1
1280,31,Female,4,Standard,721.01,26103.59,4,16,0
1281,48,Male,5,Standard,853.77,41393.41,5,20,0
1282,35,Female,41,Basic,458.33,49613.24,2,23,0
1283,24,Male,45,Basic,1412.98,32512.98,0,16,1
1284,27,Male,10,Standard,725.76,26676.27,7,10,0
1285,24,Female,27,Premium,719.85,18575.31,6,17,1
1286,50,Female,16,Standard,611.79,10137.47,7,2,0
1287,40,Male,30,Premium,960.37,33004.56,8,22,1
1288,38,Male,13,Basic,1566.75,3600.54,1,27,0
1289,36,Female,36,Premium,1687.66,47836.24,4,23,0
1290,36,Female,21,Standard,1628.56,32553.98,1,3,0
1291,53,Female,45,Basic,1280.27,47988.46,7,12,1
1292,46,Female,53,Basic,632.81,13977.59,3,23,1
1293,35,Male,40,Standard,1496.22,47352.53,3,0,1
1294,19,Male,45,Standard,174.79,30800.19,9,18,0
1295,18,Male,15,Basic,1616.49,40608.07,7,29,0
1296,64,Male,20,Premium,1582.43,9356.7,6,19,1
1297,22,Male,20,Premium,1373,25255.46,0,4,0
1298,37,Female,45,Premium,286.06,28663.54,6,12,0
1299,28,Female,55,Standard,1994.95,19946.29,9,15,1
1300,59,Female,59,Basic,1537.18,13035.02,2,15,0
1301,19,Male,5,Premium,1496.13,45286.35,4,10,0
1302,20,Female,54,Basic,221.61,4710.41,7,8,0
1303,40,Male,54,Premium,857.54,8122.36,5,17,0
1304,29,Male,32,Basic,263.73,16365.27,7,14,0
1305,37,Male,6,Standard,785.97,46028.62,4,12,0
1306,22,Female,30,Standard,1183.92,28428.41,9,6,0
1307,54,Male,26,Standard,1769.86,18972.1,8,2,1
1308,55,Male,37,Premium,637.58,20432.57,5,11,1
1309,47,Female,13,Standard,1284.49,41969.99,8,25,1
1310,26,Male,29,Standard,412.84,1825.59,3,17,0
1311,51,Female,5,Standard,772.53,1061.28,1,8,0
1312,61,Male,25,Basic,1899.75,2781.19,7,2,0
1313,52,Female,13,Basic,1520.52,23725.65,4,23,0
1314,39,Male,24,Basic,1137.03,29271.85,1,0,0
1315,61,Male,31,Basic,578.22,31411.21,5,20,0
1316,41,Female,20,Basic,821.44,36691.29,2,20,0
1317,34,Male,55,Basic,397.72,9891.33,0,21,0
1318,27,Female,8,Basic,771.59,13483.09,5,6,0
1319,47,Male,9,Standard,386.2,12553.6,7,18,1
1320,63,Female,21,Standard,1611.08,7884.02,0,11,0
1321,40,Male,51,Premium,253.44,12597.58,2,29,1
1322,49,Male,20,Standard,459.87,30875.81,5,13,0
1323,34,Male,15,Basic,1413.22,18637.37,9,12,0
1324,34,Female,26,Basic,1814.78,38511.67,2,4,1
1325,31,Female,54,Premium,1932.72,27052.73,6,11,0
1326,26,Female,42,Standard,1688.44,10995.94,5,7,0
1327,57,Female,11,Standard,501.8,23635.41,8,5,0
1328,19,Female,37,Premium,642.85,29871.76,5,17,0
1329,62,Male,41,Basic,1754.43,43376.65,6,6,0
1330,42,Male,11,Basic,1789.73,41769.02,1,18,0
1331,56,Male,27,Basic,1317.24,21610.75,9,14,0
1332,26,Male,30,Basic,695.92,32559.95,3,9,0
1333,39,Male,19,Premium,525.71,15241.34,4,8,0
1334,60,Female,34,Standard,1719.34,31833.66,1,19,1
1335,63,Male,38,Basic,489.98,45683.23,9,15,0
1336,21,Female,23,Standard,1357.43,31414.87,9,26,0
1337,43,Male,53,Standard,1939.11,15536.71,9,19,0
1338,46,Female,1,Basic,1440.05,32377.18,6,3,1
1339,62,Female,3,Basic,589.57,45186.36,3,9,1
1340,51,Female,3,Basic,636.76,7283.82,8,9,0
1341,40,Male,28,Standard,276.5,24381.12,7,7,0
1342,54,Male,14,Premium,1403.85,16392.02,9,0,1
1343,28,Male,52,Basic,1085.03,12452.64,8,2,0
1344,23,Male,30,Standard,492.3,20112.34,7,23,1
1345,35,Female,58,Standard,532.57,20001.42,4,11,1
1346,38,Female,54,Basic,117.15,10916.43,8,6,0
1347,59,Female,5,Premium,1959,20479.44,4,21,1
1348,53,Female,49,Basic,1673.23,31869.73,7,22,0
1349,58,Male,15,Basic,848.92,1773.73,3,0,1
1350,55,Female,38,Premium,1897.57,49466.65,4,23,0
1351,51,Male,14,Basic,1386.53,15149.24,3,19,0
1352,34,Female,14,Basic,1527.78,31370.45,1,0,1
1353,54,Female,57,Premium,1391.92,14535.67,3,3,0
1354,42,Female,59,Standard,1538.01,19980.03,4,17,1
1355,55,Male,49,Standard,424.78,27687.26,5,4,1
1356,29,Male,8,Standard,1168.56,30786.7,3,0,0
1357,40,Female,8,Standard,1713.81,38637.67,9,0,0
1358,59,Female,19,Standard,137.13,39688.35,3,4,0
1359,39,Female,32,Basic,334.54,26175.81,5,17,0
1360,38,Male,31,Premium,566.72,4248.42,6,8,0
1361,44,Male,29,Standard,659.98,28110.29,6,9,0
1362,48,Male,41,Premium,447.14,24140.22,3,6,1
1363,23,Female,11,Standard,1286.23,11161.64,4,14,1
1364,44,Male,45,Basic,658.64,1003.06,2,13,0
1365,57,Female,13,Standard,400.39,16140.32,4,3,1
1366,51,Male,27,Standard,1821.07,13344.67,9,13,1
1367,29,Female,56,Premium,1420.57,24404.06,4,6,0
1368,62,Female,19,Premium,567.51,38199.28,3,7,0
1369,24,Male,26,Basic,785.81,22232.48,5,23,0
1370,27,Female,53,Premium,1507.49,47602.64,4,7,0
1371,62,Female,51,Premium,1602.73,11455.01,7,27,0
1372,34,Female,37,Premium,435.23,11437.13,1,4,0
1373,43,Male,48,Basic,1879.49,30420.25,5,22,1
1374,38,Female,9,Basic,1592.02,44865,1,10,0
1375,45,Male,28,Basic,1727.95,33756.95,5,22,1
1376,63,Male,32,Premium,373.33,33847.07,3,1,0
1377,19,Female,52,Premium,372.4,40411.16,0,14,0
1378,60,Male,54,Basic,680.2,33599.64,5,18,0
1379,18,Female,3,Premium,222.83,38087.71,2,26,1
1380,53,Male,51,Premium,273.03,43373.31,6,17,0
1381,43,Female,32,Standard,372.09,891.58,2,14,0
1382,46,Male,5,Basic,1453.62,44338.33,9,18,1
1383,38,Female,8,Basic,157.44,11155.59,3,24,0
1384,28,Female,14,Premium,258.17,45649.22,8,6,1
1385,57,Female,56,Premium,1893.95,13676.07,6,3,0
1386,28,Female,3,Standard,258.95,23034.33,3,13,1
1387,53,Male,24,Basic,1121.18,46727.23,1,7,0
1388,56,Male,13,Basic,1320.89,5932.47,4,28,0
1389,57,Female,43,Premium,1921.33,37391.51,7,22,0
1390,52,Male,29,Basic,1809.63,19926.21,1,9,0
1391,51,Female,8,Premium,937.3,1692.99,8,12,1
1392,64,Female,51,Standard,1890.11,46987.09,4,5,0
1393,41,Male,42,Premium,921.31,6332.53,5,3,1
1394,39,Male,31,Standard,1372.85,38820.02,6,4,0
1395,22,Female,26,Premium,593.26,19521.37,8,9,0
1396,50,Male,18,Standard,1309.62,40623.85,6,23,0
1397,53,Female,58,Standard,1122.56,37639.22,3,12,0
1398,64,Male,18,Basic,1252.98,31844.32,4,18,0
1399,37,Male,57,Premium,1397.04,46991.51,2,10,1
1400,36,Male,7,Basic,429.57,5396.71,0,27,0
1401,52,Male,48,Basic,672.4,40029.67,2,18,0
1402,60,Male,38,Premium,1498.86,33703.87,0,4,1
1403,34,Female,48,Basic,411.27,16078.68,4,24,0
1404,62,Male,16,Basic,754.06,27525.62,6,4,0
1405,60,Male,55,Basic,1366.31,32409.07,8,0,1
1406,51,Female,56,Premium,1881.54,36945.44,3,20,0
1407,26,Female,33,Basic,243.07,9759.46,9,8,1
1408,43,Female,56,Basic,1081.47,5554.62,9,6,0
1409,19,Male,51,Basic,255.62,5551.77,0,8,0
1410,26,Male,3,Premium,820.35,15046.5,6,25,1
1411,26,Female,38,Standard,433.23,8131.57,2,9,1
1412,57,Female,4,Standard,1333.93,27014.26,0,29,0
1413,34,Female,36,Standard,1539.88,22133.48,3,20,0
1414,18,Female,4,Standard,569.95,44706.79,8,2,0
1415,42,Male,42,Basic,1454.49,36011.42,5,17,1
1416,60,Male,9,Premium,948.96,10687.7,5,8,1
1417,57,Male,40,Basic,638.8,2763.49,6,4,0
1418,59,Male,51,Premium,1094.46,35603.22,0,10,1
1419,42,Male,17,Basic,821.34,42368.46,4,28,0
1420,56,Female,17,Standard,536.99,35199.18,3,0,0
1421,52,Male,33,Standard,1538.01,32367.82,3,1,0
1422,20,Female,20,Premium,1615.3,12841.1,6,17,0
1423,54,Female,14,Basic,1620.59,24982.87,1,27,1
1424,61,Female,22,Standard,826.07,36385.6,4,19,0
1425,61,Male,52,Premium,422.1,10072.05,6,13,1
1426,47,Female,27,Basic,1696.78,24088.91,2,21,1
1427,55,Male,43,Premium,725.6,6292.9,1,7,0
1428,51,Female,3,Basic,1521.33,26770.59,0,29,1
1429,29,Male,24,Basic,1653.16,28890.1,4,28,0
1430,36,Female,30,Basic,1559.49,27001.59,4,28,1
1431,54,Male,8,Premium,840.63,23738.5,3,18,1
1432,61,Female,22,Premium,1882.23,29578.97,7,13,0
1433,34,Female,25,Basic,1354.31,49841.58,1,25,1
1434,27,Female,10,Standard,1193.92,31315.55,3,13,0
1435,64,Female,49,Basic,1426.03,37752.1,4,25,0
1436,29,Male,29,Premium,184.98,10009.98,8,21,1
1437,33,Male,40,Basic,841.98,26736.16,2,19,0
1438,41,Male,54,Premium,1774.31,871.52,0,7,1
1439,36,Female,1,Basic,406.05,2057.16,3,8,1
1440,25,Female,52,Basic,887.36,16462.78,9,24,0
1441,48,Female,21,Standard,869.97,23596.72,5,13,0
1442,38,Female,39,Standard,776.48,28994.02,6,11,0
1443,34,Female,24,Premium,1168.47,44456.22,3,12,0
1444,40,Female,9,Basic,1992.78,38701.94,3,5,0
1445,54,Male,44,Premium,586.11,15348.86,5,13,1
1446,33,Male,54,Basic,1439.42,37302.47,0,14,0
1447,23,Male,26,Basic,1540.19,27694.86,4,1,0
1448,25,Male,9,Basic,1210.55,39069.47,2,17,0
1449,42,Male,20,Standard,285.2,20846.95,7,29,0
1450,35,Male,56,Premium,1187.51,5048.72,4,9,1
1451,42,Male,35,Basic,1911.58,31115.14,6,24,0
1452,29,Male,36,Basic,749.91,28073.36,7,20,0
1453,32,Female,42,Premium,1315.41,47703.37,7,6,1
1454,43,Female,36,Premium,1922.86,8525.44,1,21,0
1455,58,Female,54,Basic,1616.18,32978.58,1,24,0
1456,62,Female,9,Standard,1407.78,23966.64,9,4,1
1457,43,Female,22,Standard,1945.18,19256.66,4,7,0
1458,64,Female,1,Basic,424.11,39831.09,2,19,0
1459,49,Female,5,Standard,1568.22,40627.19,9,12,1
1460,27,Male,9,Premium,872.99,35872.73,0,6,0
1461,33,Male,37,Standard,784.82,4638.27,7,24,0
1462,24,Female,38,Premium,1089.28,17582.98,5,17,1
1463,34,Male,19,Premium,164.13,2814.13,2,8,1
1464,40,Male,8,Premium,693.81,17512.22,7,11,0
1465,43,Male,42,Premium,415.81,32571.93,0,23,0
1466,38,Male,43,Standard,363.51,26175.99,2,25,0
1467,39,Male,32,Premium,740.95,35295.37,8,16,1
1468,24,Female,13,Basic,1624.3,27797.36,5,9,0
1469,31,Male,20,Premium,482.11,28012.78,0,6,0
1470,32,Female,36,Basic,1109.69,25792.78,8,27,0
1471,24,Female,43,Premium,1522.45,18534.1,6,20,0
1472,26,Female,44,Premium,557.85,22604.96,0,4,1
1473,25,Male,37,Standard,1855.99,6065.67,0,22,0
1474,40,Female,30,Premium,1746.35,41808.17,4,14,0
1475,46,Female,10,Premium,577.24,44515.98,3,15,0
1476,35,Female,31,Standard,1980.31,38430.41,7,26,0
1477,48,Female,25,Standard,1371.43,29387.51,1,15,0
1478,47,Male,29,Basic,643.59,28674.37,5,9,0
1479,56,Female,24,Standard,1393.97,23781.02,7,13,0
1480,52,Female,39,Basic,1365.87,11951.66,0,19,1
1481,35,Female,21,Premium,1251.77,19498.29,2,16,0
1482,59,Female,41,Basic,1452.22,49500.34,0,5,1
1483,56,Male,9,Standard,609.8,7717.25,6,0,1
1484,34,Female,42,Premium,1960.07,27362.82,0,10,0
1485,31,Female,42,Basic,1730,43393.03,8,0,0
1486,48,Female,2,Basic,1516.91,22923.58,7,11,0
1487,41,Female,4,Basic,149.98,30477.71,2,23,0
1488,52,Female,8,Premium,1221.73,41475.76,3,19,1
1489,61,Female,32,Basic,1442.32,27604.29,8,14,0
1490,62,Male,14,Basic,1722.79,36707.72,9,4,0
1491,51,Female,49,Standard,1897.7,17689.98,5,9,0
1492,20,Male,13,Basic,1840.12,36784.65,4,25,0
1493,54,Male,21,Premium,871.49,2530.56,4,16,1
1494,60,Female,24,Standard,1803.35,8068.52,0,9,0
1495,57,Male,50,Premium,101.42,32046.16,0,6,0
1496,43,Female,18,Standard,767.8,22723.25,2,26,0
1497,40,Male,45,Standard,316.37,41503.27,1,17,0
1498,61,Female,40,Basic,1777.83,17427.74,9,5,0
1499,56,Male,26,Premium,1863.17,38476.81,0,8,0
1500,32,Male,32,Basic,586.42,7386.09,4,1,0
1501,21,Female,44,Standard,797.89,46542.26,2,21,0
1502,46,Male,57,Basic,1969.37,21212.75,6,27,0
1503,39,Male,55,Standard,1175.52,11929.64,7,11,0
1504,42,Male,56,Standard,1044.41,39563.03,9,4,0
1505,30,Male,53,Premium,1050.83,47420.37,5,14,0
1506,35,Male,33,Premium,1422.76,45945.05,4,12,1
1507,50,Female,52,Premium,1913.63,12277.98,9,28,0
1508,33,Male,31,Premium,796.58,33764.38,4,28,1
1509,62,Male,18,Basic,428.05,27569.47,0,1,1
1510,59,Female,35,Premium,451.52,36392.66,5,14,1
1511,61,Female,12,Premium,138.68,24603.18,5,13,1
1512,19,Female,51,Premium,1155.28,23753.28,2,8,1
1513,52,Male,25,Standard,1865.32,44193.99,3,15,0
1514,59,Male,45,Standard,1454.85,43627.19,3,1,1
1515,51,Male,31,Premium,1986.63,39486.02,5,0,0
1516,47,Male,10,Standard,1828.1,35392.3,7,24,0
1517,30,Female,47,Standard,1034.53,34079.15,8,8,1
1518,30,Female,52,Basic,1024.44,3281,8,24,0
1519,35,Male,34,Standard,1293.88,37602.04,4,23,0
1520,49,Male,51,Basic,310.78,32086.17,7,19,1
1521,49,Male,3,Standard,1254.6,15469.36,7,13,0
1522,52,Male,46,Premium,981.74,41095.02,9,24,0
1523,56,Female,39,Standard,1321.21,41706.13,3,1,0
1524,63,Female,8,Standard,1173.9,46643.44,3,0,1
1525,46,Male,32,Basic,689.75,21208.72,2,27,1
1526,46,Female,43,Premium,1254.75,27786.87,4,9,1
1527,61,Male,29,Basic,795.43,45344.74,7,22,0
1528,33,Male,22,Premium,469.78,16181.67,7,21,0
1529,61,Female,20,Premium,1382.63,39933.81,8,18,1
1530,64,Male,6,Basic,682.06,49602.35,0,17,1
1531,27,Female,43,Standard,1789.15,32770.82,3,23,0
1532,47,Male,49,Premium,478.73,49193.35,5,19,0
1533,42,Female,29,Standard,1240.27,26032.72,4,21,0
1534,56,Male,42,Basic,1185.94,8076.14,3,19,1
1535,37,Female,56,Basic,475.71,9192,2,28,1
1536,22,Male,17,Basic,935.78,36703.04,1,10,0
1537,18,Male,31,Basic,1383.52,544.98,8,8,0
1538,47,Female,53,Premium,705.2,33263.45,9,14,0
1539,20,Male,34,Basic,316.28,7987.95,2,27,1
1540,62,Female,38,Standard,1268.96,49226.24,3,15,1
1541,31,Female,57,Standard,525.83,8574.81,0,12,0
1542,47,Male,37,Premium,1394.8,27846.97,0,20,0
1543,21,Male,4,Basic,1694.99,33637.57,9,5,0
1544,35,Male,2,Premium,334.38,41065.06,8,24,0
1545,54,Male,12,Premium,931.46,23233.55,3,14,1
1546,42,Female,35,Premium,945.35,46723.04,9,14,0
1547,18,Male,6,Basic,1301.82,24272.2,3,21,1
1548,63,Male,56,Standard,735.38,12976.97,5,17,0
1549,32,Male,46,Standard,895.28,29855.24,1,10,0
1550,26,Female,8,Premium,122.78,33071.28,5,0,1
1551,32,Male,21,Premium,332.61,25615.86,6,13,0
1552,41,Female,53,Standard,1182.74,36792.52,0,24,1
1553,21,Male,58,Standard,510.2,21323.7,7,1,1
1554,29,Female,46,Basic,374.7,714.67,5,1,0
1555,54,Male,35,Premium,716.38,13594.68,8,19,0
1556,54,Male,48,Basic,410.72,47322.31,3,25,1
1557,60,Female,15,Standard,213.28,38279.55,1,9,0
1558,23,Male,7,Standard,639.33,9881.92,8,15,0
1559,56,Male,15,Standard,412.28,3799.32,7,2,1
1560,63,Male,45,Standard,1618.85,17864.45,1,13,1
1561,41,Female,6,Basic,219.05,41896.95,7,29,1
1562,28,Male,47,Standard,1520.14,5745.98,7,22,0
1563,30,Female,17,Premium,827.31,27396.02,4,6,1
1564,51,Female,4,Standard,1383.11,14112.51,6,18,1
1565,42,Female,22,Premium,200.11,36449.62,6,18,0
1566,24,Male,32,Standard,1849.34,520.31,3,24,0
1567,21,Female,59,Basic,1558.01,14220.12,5,22,0
1568,25,Female,22,Premium,366.27,34122.89,9,18,1
1569,37,Male,27,Basic,515.69,27564.15,5,2,1
1570,46,Female,46,Standard,1323.59,39053.85,5,12,0
1571,62,Female,15,Basic,1850.97,8304.96,8,18,0
1572,63,Male,44,Standard,947.08,26783.29,1,24,1
1573,27,Male,51,Basic,1022.7,10190.6,9,13,0
1574,60,Female,22,Basic,551.82,32141.4,7,7,0
1575,51,Male,28,Premium,827.72,7001.46,7,28,0
1576,43,Male,42,Standard,643.43,7860.34,0,22,0
1577,58,Male,38,Basic,766.09,16746.16,1,7,0
1578,20,Female,57,Standard,139.14,20394.37,3,16,0
1579,23,Female,9,Premium,178.02,25178.7,4,24,0
1580,22,Male,34,Basic,1393.3,29244.99,4,20,0
1581,22,Female,36,Standard,1395.41,23706.28,5,28,1
1582,64,Male,9,Basic,727.44,2759.12,6,4,1
1583,40,Male,15,Basic,1782.38,17501.29,0,4,1
1584,26,Male,45,Basic,605.61,3538.41,6,24,1
1585,52,Male,20,Basic,851.99,6345.15,5,20,0
1586,37,Male,8,Premium,1489.61,5094.77,4,1,0
1587,59,Female,58,Premium,1512.78,8325.73,5,21,0
1588,52,Female,28,Standard,1736.21,40739.57,7,22,1
1589,35,Female,51,Standard,155.21,31564.83,5,10,0
1590,34,Female,19,Basic,449.14,25585.66,4,14,0
1591,41,Male,57,Basic,1317.09,36746.75,5,22,0
1592,20,Male,16,Basic,742.58,48080.58,8,6,1
1593,49,Female,11,Premium,182.77,21174.92,0,10,0
1594,52,Female,42,Basic,1214.29,18686.89,2,29,0
1595,55,Male,8,Standard,846.84,48899.79,2,1,1
1596,30,Male,33,Basic,791.78,38680.85,8,5,1
1597,64,Male,10,Premium,602.29,38967.01,2,8,0
1598,42,Female,18,Basic,111.4,30197.14,5,16,0
1599,26,Male,35,Premium,446.48,25596.92,8,18,0
1600,21,Male,43,Premium,1001.05,27754.29,9,11,1
1601,31,Female,50,Premium,623.9,32778.21,4,5,0
1602,54,Female,3,Premium,1761.34,19153.55,9,15,0
1603,51,Female,40,Standard,371.7,39223.59,8,22,0
1604,28,Male,27,Premium,1763.15,45506.44,8,1,1
1605,58,Male,59,Standard,869.17,28778.54,5,25,1
1606,20,Female,28,Standard,624.1,19383.04,7,23,0
1607,45,Male,46,Basic,678.15,34931.69,8,10,0
1608,46,Male,6,Basic,727.13,9517.15,8,14,1
1609,26,Male,47,Premium,1062.47,48444.35,7,28,1
1610,20,Female,14,Basic,772.38,33070.37,3,5,1
1611,42,Female,7,Premium,1329.69,3844.65,7,27,1
1612,51,Male,10,Basic,907.84,26722.63,1,24,1
1613,29,Male,15,Premium,1376.12,37641.87,2,8,0
1614,59,Male,31,Basic,1248.41,14253.37,8,8,0
1615,26,Male,29,Basic,564.46,3023.98,9,24,0
1616,32,Female,42,Standard,1644.27,24713.54,3,17,0
1617,57,Female,54,Basic,1618.06,41764.41,1,25,0
1618,42,Male,17,Basic,1979.06,12950.95,2,12,0
1619,22,Male,59,Premium,432.6,35992.15,6,25,0
1620,28,Female,51,Standard,1710.89,20685.64,8,28,1
1621,51,Male,29,Premium,1756.76,3451.79,6,22,0
1622,41,Female,49,Basic,1320.11,15546.17,7,4,0
1623,32,Male,44,Premium,1062.13,16038.17,2,24,0
1624,55,Female,15,Standard,1918.79,45280.88,6,16,0
1625,25,Male,26,Premium,1948.11,49096.53,0,25,1
1626,22,Male,12,Basic,1319.23,10883.51,5,22,1
1627,43,Female,25,Premium,783.16,21810.39,2,25,0
1628,35,Female,41,Basic,1652.61,48846.82,1,20,0
1629,23,Male,5,Standard,269.59,20659.77,3,10,1
1630,54,Male,4,Standard,652.13,17783.97,8,8,0
1631,30,Female,44,Premium,1972.55,5939.13,5,22,0
1632,45,Female,48,Standard,1647.23,37787.58,8,19,0
1633,22,Male,41,Premium,1885.21,22626.78,7,26,1
1634,30,Male,57,Basic,1230.11,32113.82,4,23,1
1635,34,Female,31,Premium,874.58,25737.91,7,8,0
1636,57,Female,3,Basic,1961.41,9139.59,1,8,1
1637,62,Female,53,Standard,687.91,9230.3,7,9,0
1638,49,Female,3,Basic,1539.09,47017.94,0,19,1
1639,46,Female,26,Basic,1160.59,44531.2,2,5,0
1640,20,Male,50,Basic,534.16,30726.38,6,3,0
1641,57,Male,17,Basic,133.22,561.59,3,0,0
1642,51,Female,10,Basic,829.15,21948.13,6,5,1
1643,57,Male,2,Premium,1140.6,26756.19,0,23,0
1644,44,Male,24,Basic,448.06,22747.17,6,5,0
1645,30,Female,11,Basic,887.65,46309.75,2,28,0
1646,62,Male,24,Basic,1268.86,2522.86,1,11,0
1647,50,Male,35,Basic,1458.35,32918.96,8,2,0
1648,23,Male,23,Basic,200.21,16034.9,1,12,0
1649,41,Female,32,Basic,1361.94,28194.11,2,23,0
1650,36,Female,23,Standard,207.67,32967.91,2,9,0
1651,33,Male,34,Premium,153.55,22320.66,3,8,0
1652,57,Male,41,Basic,389.58,7844.53,6,16,0
1653,45,Male,19,Premium,1341.92,26192.39,6,10,0
1654,50,Male,2,Standard,200.36,46681.33,8,26,0
1655,58,Male,51,Standard,139.7,27026.07,9,5,0
1656,30,Male,2,Basic,324.12,6585.52,7,9,0
1657,60,Female,15,Premium,1904.47,41296.07,5,23,0
1658,62,Male,56,Basic,1823.83,11476.37,5,17,1
1659,42,Male,21,Standard,264.29,18825.74,4,13,0
1660,59,Female,35,Standard,677.63,21723.48,1,29,1
1661,53,Male,5,Premium,1899.86,17315.11,5,3,0
1662,44,Male,43,Basic,285.61,20520.36,5,12,0
1663,55,Male,27,Premium,279.73,39876.29,4,0,0
1664,24,Male,24,Premium,263.41,11556.27,5,19,0
1665,22,Female,7,Standard,1955.3,23785.72,4,1,0
1666,60,Male,6,Premium,1511.91,1490.42,3,2,0
1667,62,Female,46,Standard,507.52,25629.46,2,19,0
1668,48,Male,33,Basic,187.3,6028.59,0,2,1
1669,40,Male,58,Premium,1933.96,14470.68,3,5,0
1670,59,Female,49,Premium,908.43,16581.23,8,28,0
1671,27,Male,17,Basic,1236.91,4576.45,6,6,0
1672,49,Female,46,Premium,630.47,18348.03,6,10,0
1673,60,Female,42,Basic,1540.88,25153.84,6,6,0
1674,47,Female,30,Standard,473.92,21839.22,3,16,0
1675,56,Male,8,Standard,1595.13,14381.05,6,20,0
1676,48,Male,40,Premium,538.15,15095.32,1,18,1
1677,35,Male,46,Standard,286.03,31862.36,7,11,1
1678,53,Male,7,Standard,1009.76,36060.6,9,0,0
1679,19,Female,6,Basic,1645.11,29038.27,7,0,0
1680,31,Male,4,Standard,831.24,48821.31,8,17,1
1681,30,Male,1,Standard,154.86,47271.27,4,9,0
1682,46,Female,15,Standard,1151.29,5374.21,9,23,0
1683,29,Female,31,Basic,1392.9,13438.03,7,19,0
1684,56,Male,25,Premium,1507.32,43485.51,1,29,0
1685,19,Female,47,Basic,863.66,1968.34,9,25,0
1686,49,Female,33,Premium,284.34,29813.76,9,2,1
1687,30,Female,52,Premium,1210.22,47747.73,7,13,0
1688,63,Female,35,Standard,726.14,34096.52,9,7,0
1689,44,Female,55,Standard,1899.09,5050.7,8,15,0
1690,58,Male,5,Basic,1055.15,37516.98,5,17,0
1691,34,Male,5,Basic,997.31,19135.99,5,8,0
1692,57,Male,36,Basic,687.5,46115.91,3,3,1
1693,48,Male,17,Standard,743.69,14672.66,7,26,1
1694,51,Male,53,Premium,1074.23,23924.99,6,24,0
1695,41,Male,52,Basic,682.66,37457.06,8,0,1
1696,62,Male,14,Premium,1795.38,13248.23,0,20,0
1697,52,Female,58,Standard,934.13,9498.23,9,25,0
1698,23,Male,29,Standard,654.84,634.05,7,22,0
1699,36,Male,8,Standard,395.25,24654.11,7,13,0
1700,47,Male,34,Standard,1377.47,46466.56,8,10,1
1701,24,Female,40,Premium,149,14433.62,6,3,0
1702,27,Male,1,Premium,954.99,2647.24,8,27,0
1703,58,Male,29,Basic,1145.23,31211.35,9,27,0
1704,49,Female,36,Premium,745.59,3280.41,7,20,1
1705,51,Male,51,Premium,1524.65,25592.16,8,15,1
1706,45,Male,37,Premium,1383.75,19385.72,8,26,0
1707,32,Female,29,Basic,1945.66,24033.48,0,8,0
1708,47,Male,5,Premium,1066.66,8550.69,2,21,1
1709,54,Female,53,Premium,1121.84,4964.99,5,28,0
1710,46,Male,32,Premium,567.09,37575.05,6,13,0
1711,39,Male,52,Standard,832.42,12660.5,3,5,0
1712,21,Male,24,Premium,151.04,40120.99,9,1,0
1713,37,Female,19,Basic,1409.62,38043.14,1,0,0
1714,49,Female,12,Basic,692.08,10319.75,3,19,1
1715,53,Female,52,Basic,1126.7,45460.38,5,25,0
1716,21,Male,1,Basic,584.49,8483.34,3,18,0
1717,44,Male,7,Standard,1279.97,39958.71,9,26,0
1718,34,Female,17,Basic,950.41,21316.42,1,22,0
1719,29,Female,34,Standard,1015.54,9559.31,8,6,1
1720,39,Male,43,Standard,1890.95,46936.51,0,21,0
1721,34,Male,7,Standard,1441.7,48181.25,9,14,0
1722,27,Male,17,Basic,597.61,25812.96,6,4,0
1723,18,Male,59,Basic,1057.45,23724.14,8,2,1
1724,39,Female,3,Standard,986.68,45091.67,2,14,1
1725,43,Male,29,Standard,1610.6,30008.77,5,3,0
1726,35,Male,22,Basic,1683.37,13668.91,8,28,1
1727,31,Male,38,Premium,638.54,21547.26,8,4,0
1728,64,Male,54,Premium,1660.19,41881.46,3,3,0
1729,46,Male,43,Premium,441.05,43048.38,7,2,0
1730,29,Male,29,Basic,1549.26,46993.01,7,1,1
1731,53,Male,50,Basic,572.69,14768.91,6,4,1
1732,52,Female,50,Standard,666.07,34157.66,5,17,0
1733,29,Female,54,Basic,1719.69,3885.25,2,1,1
1734,24,Female,42,Basic,898.14,36432.18,3,14,0
1735,46,Male,5,Basic,1982.08,28378.38,8,17,0
1736,28,Female,30,Standard,388.69,12863.42,9,29,0
1737,50,Male,23,Standard,980.36,32904.28,6,17,1
1738,23,Male,55,Premium,1491.66,7191.51,7,7,0
1739,64,Male,21,Premium,110.2,17023.41,5,11,1
1740,32,Male,56,Basic,388.53,20345.22,0,22,1
1741,49,Female,26,Basic,138.68,38968.29,8,8,0
1742,28,Male,54,Standard,1986.47,15784.82,2,18,0
1743,40,Male,47,Premium,1545.19,2927.22,2,0,0
1744,43,Female,21,Premium,809.76,9446.66,8,21,1
1745,51,Female,20,Premium,396.94,30600.61,3,24,0
1746,63,Female,23,Basic,271.73,1254.89,7,28,0
1747,51,Male,4,Basic,1110.62,39715.5,3,16,0
1748,46,Female,21,Basic,1954.19,45105.44,1,0,0
1749,21,Male,21,Standard,1381.76,25022.18,4,19,0
1750,34,Male,1,Premium,793.76,35527.71,2,25,1
1751,52,Female,15,Standard,1051.62,23402.5,3,16,0
1752,30,Female,17,Premium,1997.92,15783.78,2,24,0
1753,58,Female,51,Basic,1085.66,8660.89,0,5,0
1754,56,Male,14,Standard,1931.98,26149.03,3,4,1
1755,32,Male,59,Standard,131.09,46529.53,8,26,0
1756,46,Male,19,Basic,1469.83,44553.62,6,4,1
1757,46,Male,50,Premium,1291.61,46021.48,5,10,0
1758,28,Male,34,Premium,1402.13,48337.45,9,10,0
1759,49,Male,6,Premium,1184.08,8685.22,8,10,1
1760,19,Female,45,Premium,183.94,7753,3,11,1
1761,64,Male,49,Basic,384.17,21674.19,5,11,1
1762,31,Female,6,Basic,1852.28,34620.92,2,1,0
1763,37,Female,53,Basic,542.56,22264.85,2,2,0
1764,39,Female,54,Basic,1986.58,44671.54,9,27,0
1765,28,Female,5,Standard,1391.22,36011.13,9,6,0
1766,44,Female,7,Standard,944.27,31881.55,7,19,0
1767,20,Male,33,Standard,1848.09,4016.37,4,13,0
1768,34,Male,13,Basic,1610.47,9179.1,7,21,0
1769,61,Male,51,Premium,915.03,21693.61,8,15,0
1770,45,Male,54,Standard,230.33,48830.55,1,23,0
1771,46,Female,1,Standard,1749.78,17053.23,6,13,1
1772,38,Female,13,Basic,1553.58,31683.79,1,16,0
1773,64,Female,43,Premium,1602.4,49450.85,6,14,0
1774,33,Male,27,Premium,1515.23,13569.24,2,10,1
1775,54,Male,7,Premium,623.93,8750.02,7,12,0
1776,37,Male,52,Basic,1731.81,27543.5,3,5,0
1777,23,Male,3,Premium,104.24,27818.57,8,16,1
1778,36,Female,58,Standard,550.82,46133.39,3,11,0
1779,22,Female,25,Standard,188.46,1808.29,1,27,1
1780,20,Male,33,Standard,310.13,20665.2,3,27,1
1781,18,Male,40,Basic,1111.52,15961.23,4,23,0
1782,55,Female,17,Premium,170.79,28767.11,7,3,0
1783,32,Female,45,Basic,444.62,961.85,2,20,0
1784,51,Female,14,Premium,542.21,35697.66,8,9,0
1785,52,Female,37,Basic,1345.14,24506.99,8,17,0
1786,42,Male,58,Standard,990.76,35184.12,9,18,0
1787,41,Female,56,Basic,970.98,22666.41,2,6,1
1788,29,Female,54,Basic,1560.02,23972.55,7,22,0
1789,35,Female,23,Basic,967.77,44829.71,5,29,0
1790,32,Female,59,Standard,762.13,10939.46,5,11,1
1791,61,Male,24,Basic,1928.66,11265.69,1,10,1
1792,33,Male,29,Basic,115.76,28194.09,7,23,0
1793,44,Male,38,Standard,680.25,33181.1,6,28,1
1794,25,Male,59,Premium,1257.85,18057.07,1,2,0
1795,63,Male,54,Basic,1587.34,26215.8,3,1,0
1796,42,Male,27,Standard,1651.18,11778.89,4,1,0
1797,34,Female,38,Basic,187.54,7227.58,8,21,0
1798,46,Female,53,Standard,1447.35,12294,9,1,0
1799,25,Female,40,Premium,1468.48,45860.47,1,26,0
1800,32,Female,45,Premium,506.75,40189.99,6,14,0
1801,44,Male,50,Basic,314.27,7442.16,4,3,0
1802,63,Female,23,Standard,1524.4,2804.74,1,24,0
1803,24,Male,31,Premium,574.05,5112.66,9,25,1
1804,20,Female,36,Premium,103.18,15024.92,2,2,0
1805,46,Female,17,Standard,524.79,40662.27,4,16,0
1806,61,Female,37,Basic,159.03,16408.04,9,1,1
1807,41,Male,3,Premium,573.45,9689.94,0,25,1
1808,20,Female,36,Premium,736.54,20094.13,6,28,0
1809,37,Male,55,Premium,615.66,6640.65,0,9,0
1810,63,Male,5,Basic,1847.88,23775.73,5,6,1
1811,32,Female,46,Premium,541.81,33939.93,5,8,0
1812,42,Male,15,Standard,988.32,18758.01,0,24,0
1813,47,Male,52,Basic,1919.11,9093.77,6,19,0
1814,31,Female,49,Premium,1770.48,22933.28,7,14,0
1815,24,Female,6,Standard,687.59,38243.22,2,7,1
1816,34,Female,59,Standard,720.33,4291.42,9,16,1
1817,61,Female,10,Basic,1227.33,4011.39,0,26,0
1818,37,Female,54,Standard,1843.94,16246.48,1,10,1
1819,53,Female,32,Basic,119,21045.11,0,15,0
1820,26,Male,23,Basic,846.93,11215.36,8,29,0
1821,55,Female,48,Basic,1714.57,1832.08,3,21,0
1822,39,Female,17,Standard,879.89,11368.2,6,29,0
1823,19,Male,46,Basic,1468.1,22050.81,4,23,0
1824,41,Female,20,Basic,1414.66,4431.65,8,17,1
1825,25,Male,44,Standard,490.37,35936.65,8,23,0
1826,28,Female,41,Basic,954.23,27828.99,5,3,1
1827,30,Female,15,Premium,1175.75,22004.79,4,17,0
1828,34,Male,44,Standard,1459.38,26176.24,9,19,0
1829,25,Female,46,Standard,1662.54,32962.4,0,7,1
1830,38,Male,58,Standard,1543.87,49742.53,3,14,0
1831,35,Female,22,Premium,153.79,38868.44,4,12,0
1832,47,Female,50,Basic,1374.21,27247.97,8,3,0
1833,35,Male,52,Standard,1044.9,38641.42,1,28,0
1834,63,Female,6,Standard,1190.34,24023.6,1,13,0
1835,64,Female,4,Standard,808.64,15889.98,2,14,0
1836,48,Male,58,Premium,1456.65,13467.08,2,14,0
1837,55,Female,23,Premium,1380.39,20274.22,6,23,0
1838,49,Male,44,Premium,1201.02,613.02,0,22,1
1839,28,Female,45,Basic,1737.05,9259.32,1,4,1
1840,62,Male,19,Basic,293.61,6763.4,0,23,0
1841,42,Female,54,Premium,671.94,48036.93,8,14,1
1842,50,Male,45,Basic,1040.75,3709.97,9,17,1
1843,55,Male,31,Premium,1921.35,25298.15,8,2,0
1844,58,Female,44,Basic,236.73,46026.04,2,19,0
1845,25,Female,52,Basic,740.45,30572.25,2,9,0
1846,28,Male,3,Premium,1859.19,25015.82,0,4,1
1847,39,Female,28,Standard,1806.1,37278.17,4,4,0
1848,41,Male,3,Standard,1743.97,17992.08,2,14,0
1849,58,Female,14,Basic,685.94,10088.86,1,0,0
1850,34,Female,18,Basic,1708.99,42440.48,2,0,1
1851,29,Male,27,Basic,1060.14,3300.82,7,15,0
1852,63,Male,51,Basic,1277.58,40485.8,7,27,0
1853,49,Female,10,Basic,553.77,5616.62,0,26,1
1854,32,Female,49,Basic,1442.68,31465.61,1,16,1
1855,33,Female,15,Premium,722.62,24113.84,0,13,1
1856,39,Female,19,Standard,753.37,49927.79,7,14,1
1857,45,Female,9,Standard,1309.95,19702.08,0,13,1
1858,37,Male,4,Premium,555.68,47885.69,5,20,1
1859,50,Female,15,Premium,526.43,20487.13,9,1,1
1860,27,Female,51,Standard,801.41,34244.17,7,2,1
1861,57,Male,48,Standard,1578.32,32361.23,7,23,0
1862,49,Male,8,Basic,526.9,4779.37,6,11,0
1863,50,Male,49,Standard,1595.9,37296.61,7,25,0
1864,19,Female,53,Basic,1421.65,10829.05,7,23,0
1865,50,Male,1,Basic,1390.25,19727.83,9,27,1
1866,50,Male,7,Standard,1002.04,39218.94,2,25,0
1867,58,Male,53,Basic,1517.19,47243.53,1,1,1
1868,30,Male,31,Basic,125.69,28210.28,3,7,1
1869,47,Female,18,Premium,680.65,26209.53,4,26,0
1870,50,Female,12,Standard,1390.36,25493.71,1,11,0
1871,30,Female,48,Premium,1975.86,40919.95,7,8,0
1872,43,Male,30,Basic,104.78,49659.25,7,25,0
1873,39,Male,33,Basic,1068.95,31862.76,3,13,0
1874,56,Male,59,Premium,1855.29,19241.81,4,25,0
1875,19,Male,47,Premium,1740.72,11323.88,4,5,1
1876,55,Male,7,Premium,143.96,10341.65,4,16,0
1877,56,Male,28,Basic,1106.16,42879.47,8,10,0
1878,43,Female,49,Standard,108.15,49621.43,8,26,0
1879,63,Female,3,Basic,1600.19,35050.53,3,18,0
1880,32,Male,43,Premium,686.86,47813.53,0,20,0
1881,51,Female,6,Standard,1554.62,17824.78,7,12,0
1882,59,Male,31,Premium,1895.11,31565.96,0,2,0
1883,61,Male,38,Basic,1954.56,25828.39,6,2,1
1884,57,Female,15,Standard,1798.81,24359.9,3,24,1
1885,28,Male,7,Standard,487.87,31802.49,0,20,0
1886,20,Female,43,Basic,469.74,15861.77,3,13,1
1887,23,Male,30,Premium,1288.98,32210.81,6,7,0
1888,26,Male,27,Premium,1133.7,33806.65,7,6,1
1889,23,Female,17,Premium,118.12,41887.61,1,3,0
1890,26,Male,55,Basic,844.28,36658.83,8,2,0
1891,56,Male,18,Premium,1822.71,16328.84,4,18,0
1892,48,Male,22,Standard,1806.88,22814.6,7,26,1
1893,49,Female,56,Premium,487.42,6458.71,1,1,0
1894,58,Male,53,Premium,825.73,13236.06,1,4,1
1895,29,Male,26,Standard,1164.7,26286.78,3,11,0
1896,25,Male,51,Standard,1720.29,5487.66,3,1,0
1897,25,Female,27,Premium,1110.79,28745.01,2,17,0
1898,45,Female,40,Standard,1939.58,19818.82,4,14,1
1899,37,Female,24,Basic,1618.2,2220.93,1,15,0
1900,64,Female,52,Standard,1910.87,22005.17,0,11,0
1901,24,Female,8,Basic,1489.84,14416.44,3,11,1
1902,28,Male,21,Standard,1767.49,3815.38,5,27,0
1903,37,Female,29,Basic,1678.91,15021.81,5,3,0
1904,33,Female,43,Basic,582.29,15057.71,1,21,0
1905,21,Male,21,Premium,536.12,18076.15,5,27,0
1906,23,Female,3,Standard,1742.33,18640.51,3,21,0
1907,39,Male,31,Standard,260.89,21773.69,9,7,1
1908,43,Female,55,Standard,876.27,5051.93,0,10,1
1909,20,Male,27,Basic,1659.25,761.25,0,21,1
1910,58,Male,46,Premium,1645.15,36932.36,1,21,0
1911,59,Female,27,Standard,363.69,17198.65,3,3,0
1912,31,Female,9,Premium,1026.65,30873.78,7,11,1
1913,28,Male,57,Premium,1011.68,15698.22,2,20,1
1914,35,Male,33,Basic,715.07,49217.27,4,26,0
1915,29,Male,33,Standard,1842.64,16113.52,2,22,0
1916,40,Male,26,Premium,1340.92,30449.7,7,9,1
1917,29,Male,28,Standard,1962.36,11388.58,3,26,0
1918,30,Male,44,Standard,226.86,26131.22,7,8,1
1919,42,Male,43,Standard,849.27,29176.87,7,15,0
1920,62,Female,31,Premium,1686.76,9549.79,8,3,0
1921,36,Male,53,Basic,903.1,6620.94,1,25,0
1922,63,Female,1,Basic,597.57,48693.26,9,16,1
1923,53,Female,20,Premium,1995.83,44716.75,6,21,0
1924,62,Male,12,Standard,1758.94,33173.32,9,17,1
1925,25,Male,17,Standard,1138.3,43122.19,0,26,0
1926,46,Female,15,Basic,1167.25,5230.24,3,6,0
1927,49,Male,34,Premium,113.04,36604.12,3,21,0
1928,61,Male,50,Premium,1963.89,14637.42,3,8,0
1929,35,Female,16,Basic,1631.96,27204.91,6,5,0
1930,23,Female,4,Premium,169.79,38358.29,4,29,0
1931,35,Female,8,Premium,435.03,2157.23,4,21,0
1932,36,Male,34,Basic,1659.96,34894.49,2,19,1
1933,39,Male,46,Basic,265.04,22025.91,9,27,1
1934,54,Female,25,Premium,1889.39,22263.81,4,24,0
1935,49,Male,15,Premium,1999.79,45410.27,4,2,0
1936,58,Female,28,Basic,1784.22,43056.95,7,14,1
1937,20,Male,9,Basic,1503.92,3347.92,1,0,0
1938,45,Female,2,Standard,1025.84,31106.61,7,26,0
1939,27,Male,17,Premium,256.62,22074.39,3,25,0
1940,52,Female,58,Premium,1487.85,6331.82,8,23,1
1941,46,Male,10,Basic,854.04,42627.04,7,23,0
1942,32,Male,9,Basic,1183.43,4039.8,4,26,0
1943,50,Female,31,Standard,657.44,2088.82,4,16,0
1944,24,Male,2,Standard,560.1,10277.02,8,8,1
1945,29,Male,24,Basic,716.16,15517.27,4,1,1
1946,47,Female,19,Premium,1646.27,3513.6,8,5,0
1947,38,Male,17,Standard,910.33,32244.92,5,24,1
1948,48,Male,43,Basic,692.25,22138.93,0,15,0
1949,41,Male,49,Basic,922.64,20903.35,7,12,0
1950,37,Female,10,Basic,161.35,7694.37,0,5,0
1951,54,Female,50,Premium,1792.15,22170.56,1,22,0
1952,21,Female,55,Basic,1148.35,19813.21,5,14,1
1953,45,Female,28,Basic,299.17,19490.31,4,24,0
1954,61,Female,38,Premium,647.97,11319.07,1,4,0
1955,37,Male,48,Basic,1968.75,5174.65,5,16,0
1956,41,Male,28,Basic,1226.81,13405.04,6,8,1
1957,49,Female,59,Standard,653.67,33529.87,2,25,0
1958,58,Male,50,Basic,910.06,4109.71,7,29,1
1959,53,Male,52,Premium,591.1,19425.06,3,12,0
1960,51,Male,50,Standard,160.43,25961.62,9,6,0
1961,53,Male,1,Basic,1699.86,48176.01,8,15,1
1962,19,Female,3,Premium,655.71,42269.34,6,7,1
1963,32,Female,15,Basic,1692.98,45872.36,2,17,0
1964,51,Male,52,Standard,1009.26,41090.08,4,4,0
1965,53,Male,10,Premium,447.5,29661.17,8,12,1
1966,23,Female,21,Standard,1623.55,43108.95,8,23,0
1967,56,Male,37,Premium,816.51,28479.75,7,22,0
1968,59,Male,15,Premium,1444.69,18208.53,7,6,0
1969,29,Male,23,Basic,1690.74,18930.93,8,19,0
1970,20,Female,14,Premium,1929.67,28490.35,4,12,0
1971,62,Female,15,Premium,263.05,40567.26,8,1,0
1972,35,Male,10,Basic,115.93,7115.81,5,25,0
1973,57,Male,56,Premium,1142.01,2443.63,5,18,1
1974,38,Male,9,Premium,602.06,39583.65,9,13,0
1975,32,Male,44,Premium,991.29,32555.81,5,29,1
1976,50,Male,39,Premium,238.05,41154.86,6,13,1
1977,52,Male,5,Basic,1053.02,48845.49,8,8,1
1978,43,Female,25,Basic,337.23,12944,2,3,0
1979,25,Female,56,Standard,1693.32,10117.45,5,16,0
1980,53,Male,42,Premium,1543.02,17378.44,9,25,0
1981,47,Female,57,Basic,240.74,43959.13,4,19,0
1982,40,Male,26,Premium,1689.07,1191.21,3,28,1
1983,59,Male,8,Basic,717.42,1021.35,7,15,0
1984,61,Female,22,Standard,770.43,11230.93,2,23,1
1985,31,Female,52,Premium,441.63,19107.86,1,29,0
1986,31,Male,25,Standard,1687.08,15466.13,3,7,0
1987,19,Male,48,Standard,868.94,41333.43,2,25,0
1988,54,Female,12,Standard,192.79,34641.26,6,14,0
1989,22,Female,9,Basic,1935.87,41972.77,3,25,0
1990,55,Male,10,Premium,586.19,19496.13,9,17,0
1991,62,Male,48,Basic,1878.74,29992.61,8,9,1
1992,58,Male,10,Basic,672.35,26015.04,4,3,1
1993,64,Female,9,Premium,1679.71,23998.96,2,6,0
1994,31,Male,26,Premium,1362.02,14761.11,1,23,0
1995,56,Female,35,Premium,1736.44,35606.42,5,16,0
1996,42,Male,27,Premium,1954.62,26439.47,5,7,0
1997,37,Female,31,Basic,1755.82,4390.84,0,0,0
1998,19,Female,19,Premium,866.96,525.86,6,21,0
1999,56,Female,43,Premium,1647.56,1505.79,4,20,0
2000,23,Female,38,Premium,1452.14,4259.53,6,9,0
2001,34,Male,6,Standard,217.05,18862.23,3,14,1
2002,42,Female,15,Premium,1866.54,15630.45,4,22,0
2003,45,Female,29,Premium,985.33,8253.8,6,5,0
2004,19,Female,47,Basic,355.46,26014.74,5,9,1
2005,52,Male,45,Standard,908.22,48523.98,0,29,1
2006,54,Male,54,Basic,1245.97,8454.48,0,0,1
2007,22,Male,5,Standard,1188.6,12904.28,1,5,0
2008,18,Male,14,Basic,1192.11,23374.1,2,12,1
2009,57,Male,53,Basic,586.09,32221.62,0,29,1
2010,29,Male,2,Premium,1302.13,30212.37,9,2,1
2011,53,Female,23,Premium,1824.09,26299.36,1,11,0
2012,62,Female,44,Standard,838.47,36994.78,1,14,0
2013,40,Female,52,Standard,1298.1,42374.31,6,21,1
2014,64,Male,46,Standard,563.58,49948.86,5,6,0
2015,48,Female,19,Premium,191.73,23542.77,8,5,0
2016,28,Female,24,Basic,1212.89,49750.35,9,8,0
2017,27,Male,20,Standard,190.34,36659.72,4,15,0
2018,20,Female,47,Premium,1474.81,33038.42,2,11,0
2019,31,Male,27,Premium,1373.67,32164.31,0,8,0
2020,33,Female,52,Basic,801.72,45581.84,0,7,1
2021,27,Male,24,Basic,881.45,47422.75,1,4,0
2022,46,Male,17,Premium,1843.75,9335.42,2,25,0
2023,27,Male,25,Basic,124.95,24924.48,9,2,1
2024,29,Female,46,Basic,1170.28,47101.77,9,3,0
2025,47,Female,55,Premium,1854.39,19414.59,4,10,0
2026,58,Male,31,Standard,1836.58,12017.49,6,9,0
2027,18,Male,28,Standard,1210.85,5581.33,3,7,0
2028,22,Female,50,Premium,824.34,30062.27,9,8,1
2029,37,Female,59,Standard,287.92,35163.51,5,12,1
2030,25,Male,28,Premium,430.19,10179.63,5,23,0
2031,60,Female,22,Premium,1391.38,33845.09,1,25,0
2032,29,Female,56,Basic,131.6,45031.15,5,18,0
2033,18,Female,59,Standard,1778.62,12557.18,4,22,0
2034,37,Male,5,Premium,1217.08,6538.99,5,10,0
2035,45,Male,54,Standard,185.78,41853.49,3,23,1
2036,60,Female,44,Standard,555.56,45864.1,0,2,0
2037,54,Male,42,Standard,1228.98,11135.67,8,0,0
2038,64,Female,8,Premium,167.64,36208.34,2,22,0
2039,54,Female,38,Basic,1581.98,29750.51,0,13,0
2040,29,Male,28,Standard,1847.85,12340.22,3,18,0
2041,54,Male,57,Premium,1926.32,41271.06,6,0,0
2042,61,Male,47,Standard,1493.95,23786.65,3,22,1
2043,45,Female,12,Basic,1727.97,35166.53,3,26,0
2044,64,Female,57,Standard,1260.34,15420.43,8,11,0
2045,32,Male,25,Premium,971.23,40881.19,5,13,0
2046,23,Male,38,Standard,1454.96,13582.15,8,14,1
2047,61,Male,44,Standard,525.94,18556.97,1,6,0
2048,37,Female,15,Standard,308.59,19877.73,6,3,1
2049,31,Female,44,Basic,1547.52,10718.13,6,13,0
2050,19,Female,41,Standard,1920.55,43781.29,7,17,1
2051,26,Male,51,Premium,1197.21,6117.65,9,15,0
2052,54,Male,53,Standard,1016.83,28374.89,8,25,0
2053,37,Female,34,Standard,1115.37,40800.47,7,13,1
2054,43,Male,45,Standard,1009.08,29254.79,1,20,0
2055,46,Male,13,Basic,940.18,16681.38,2,10,0
2056,18,Male,8,Premium,1899.37,39177.08,1,26,0
2057,52,Male,59,Standard,1011.55,25209.28,0,24,1
2058,23,Female,13,Premium,254.09,8569.14,6,5,0
2059,54,Male,36,Premium,1554.48,16184.73,7,14,0
2060,22,Female,6,Basic,843.97,29801.02,4,9,0
2061,50,Female,38,Premium,1450.32,33109.44,9,29,0
2062,31,Male,32,Standard,1201.18,27632.54,8,11,0
2063,29,Female,21,Basic,1455.04,13964.47,3,8,0
2064,59,Female,44,Basic,217.79,29890.76,0,27,0
2065,37,Male,44,Premium,164.36,16956.35,3,16,0
2066,41,Female,49,Basic,819.23,11633.59,4,17,1
2067,60,Female,59,Premium,1417.02,47303.67,7,10,0
2068,51,Female,7,Premium,525,16086.23,4,5,0
2069,42,Female,26,Basic,923.46,17113.21,9,18,1
2070,46,Female,15,Standard,1963.54,44890.43,8,1,0
2071,56,Female,56,Premium,508.26,7563.3,5,21,0
2072,48,Female,49,Basic,1711.09,29437.45,7,22,0
2073,64,Female,42,Basic,1668.38,39293.68,2,19,1
2074,60,Male,23,Premium,1793.57,14046.44,2,12,1
2075,40,Male,52,Premium,1838.77,42282.01,8,28,1
2076,61,Male,38,Premium,1063.91,38597.62,5,25,0
2077,55,Female,41,Premium,1395.67,24561.66,3,8,1
2078,37,Female,15,Standard,1275.89,6376.43,7,26,0
2079,40,Female,48,Standard,687,48520.3,3,11,1
2080,62,Male,53,Standard,631.6,31399.4,3,15,0
2081,33,Male,40,Standard,748.98,26096.37,6,28,0
2082,59,Male,16,Basic,515.07,44329.75,6,18,0
2083,25,Female,32,Premium,1539.03,21357.13,7,1,0
2084,38,Male,37,Basic,1932.69,28400.25,9,15,0
2085,18,Male,18,Basic,1748.77,42991.44,6,26,0
2086,25,Female,20,Standard,514.09,19952.12,7,29,0
2087,46,Male,46,Basic,198.64,38733.38,7,4,0
2088,49,Female,2,Standard,1538.48,13178.82,6,27,0
2089,55,Male,55,Premium,841.41,35267.07,0,24,0
2090,22,Female,23,Standard,1666.76,25766.53,3,16,1
2091,64,Female,30,Premium,1580.55,8662.89,2,5,0
2092,39,Female,3,Standard,1288.28,7232.37,8,23,0
2093,64,Female,46,Basic,585.14,23155.57,9,6,0
2094,51,Female,39,Basic,297.67,35686.93,7,5,1
2095,18,Male,47,Standard,580.03,30363.15,8,2,0
2096,43,Female,49,Premium,1068.54,42808.89,4,24,0
2097,60,Female,1,Premium,1960.98,19788.25,4,20,1
2098,27,Female,41,Standard,221.01,42260.29,9,14,0
2099,47,Female,22,Basic,480.14,2332.91,4,27,0
2100,35,Male,29,Premium,1291.83,18607.33,1,15,0
2101,34,Female,14,Standard,678.29,4112.66,6,16,0
2102,43,Male,48,Premium,1731.16,46002.59,7,8,0
2103,25,Female,28,Basic,364.89,24027.95,4,25,0
2104,64,Female,21,Premium,1930,16149.74,7,8,1
2105,57,Male,45,Standard,1833.51,24878.14,5,16,0
2106,29,Male,32,Premium,1786.31,26875.88,3,28,0
2107,44,Male,6,Premium,428.83,42388.51,6,6,0
2108,25,Female,54,Basic,726.04,27350.17,7,24,0
2109,42,Male,1,Basic,1627.78,21853.38,8,1,0
2110,63,Female,21,Basic,1634.84,48087.05,4,25,1
2111,21,Male,57,Basic,1439.83,48443.63,8,5,0
2112,50,Male,4,Standard,951.3,2401.63,7,9,0
2113,18,Female,3,Premium,692.02,35488.86,0,16,1
2114,36,Male,49,Premium,1929.62,18902.02,7,13,0
2115,48,Male,30,Premium,364.6,33922.38,7,2,0
2116,33,Female,31,Premium,183.13,32027.66,6,26,0
2117,31,Female,34,Standard,117.35,16840.17,0,15,0
2118,22,Female,19,Basic,1572.55,49339.61,5,15,0
2119,58,Male,20,Premium,207.74,18176.92,1,4,0
2120,43,Male,23,Premium,1123.42,31783.09,5,15,0
2121,45,Male,54,Basic,797.86,40762.63,1,22,1
2122,19,Male,59,Basic,379.12,7700.52,1,26,0
2123,23,Male,40,Premium,1507.13,15378.14,6,4,1
2124,26,Female,25,Basic,204.51,10349.15,9,23,0
2125,50,Male,15,Premium,704.95,39200.21,0,4,1
2126,58,Female,38,Premium,1168.16,40159.82,4,5,0
2127,42,Male,23,Premium,864.59,13169.22,0,17,0
2128,30,Female,52,Premium,592.38,704.44,8,11,0
2129,26,Male,2,Premium,1859.4,21455.85,4,20,1
2130,30,Male,57,Premium,1868.84,34513.31,4,6,0
2131,48,Female,57,Basic,890.58,31313.86,3,16,0
2132,58,Male,15,Standard,848.11,22562.14,2,9,0
2133,28,Female,52,Standard,684.03,15446.11,7,8,0
2134,21,Male,44,Premium,1725.94,23982.17,6,8,0
2135,51,Male,35,Basic,1179.04,1247.59,8,23,0
2136,55,Female,10,Premium,270.09,4156.6,5,10,0
2137,63,Male,14,Basic,1721.31,8552.5,0,24,1
2138,21,Female,27,Premium,1116.28,31457.57,4,13,0
2139,55,Male,54,Premium,889.62,11330.56,4,4,0
2140,36,Male,14,Standard,741.94,21457.26,6,6,0
2141,23,Male,35,Basic,288.91,31259.84,9,16,0
2142,51,Male,33,Basic,1917.73,41613.55,0,22,0
2143,35,Male,52,Standard,1508.36,27708,0,8,1
2144,30,Male,1,Standard,350.38,9267.76,5,18,0
2145,58,Male,34,Standard,1071.41,47611.11,5,24,0
2146,40,Female,19,Standard,1155.59,4955.75,8,20,1
2147,36,Male,24,Basic,418.99,18672.4,2,12,1
2148,62,Male,42,Basic,911.72,46105.54,4,8,0
2149,28,Male,4,Standard,1326.92,30315.51,4,12,1
2150,18,Female,36,Premium,639.62,33301.29,0,13,0
2151,41,Female,13,Premium,730.06,15433.79,5,7,0
2152,24,Male,58,Premium,331.85,4387.66,3,13,1
2153,42,Male,32,Premium,885.16,18605.17,5,12,1
2154,38,Male,9,Basic,1209.33,20406.79,7,26,0
2155,32,Female,39,Basic,321.4,13878.48,7,22,0
2156,18,Male,16,Basic,1268.09,11166.53,2,9,1
2157,29,Female,50,Premium,855.81,18097.68,8,21,0
2158,24,Male,3,Standard,1388.55,32151.14,3,1,0
2159,32,Female,52,Premium,698.19,47477.22,0,11,1
2160,38,Female,20,Basic,1180.15,35337.15,8,15,0
2161,36,Male,10,Premium,1264.33,39090.35,4,6,0
2162,46,Male,56,Standard,1411.96,15650.31,7,1,0
2163,42,Male,58,Standard,1538.18,5682.28,6,15,0
2164,50,Male,58,Premium,359.07,14929.92,4,21,0
2165,49,Male,22,Basic,1933.96,20431.38,7,5,0
2166,52,Male,48,Basic,1702.93,34649.13,0,15,0
2167,61,Male,3,Basic,1168.41,46998.25,3,24,1
2168,55,Female,11,Premium,1791.68,40559.98,4,12,0
2169,43,Male,25,Basic,826.62,13686.81,3,9,1
2170,28,Male,42,Premium,165.14,41104.88,5,26,0
2171,52,Female,48,Basic,1481.36,20881.47,8,19,0
2172,25,Male,8,Standard,1892.35,9184.22,0,8,1
2173,63,Male,9,Standard,407.52,23332.05,9,1,0
2174,31,Male,15,Basic,1323.36,28379.42,1,20,0
2175,27,Male,32,Premium,1645.51,38288.55,0,15,1
2176,19,Female,53,Basic,1819.63,17819.88,6,2,0
2177,63,Female,3,Premium,625.4,7765.58,1,21,0
2178,26,Male,4,Standard,344.59,5170.5,8,1,1
2179,20,Male,30,Premium,570.92,6066.08,7,28,0
2180,38,Female,13,Basic,1197.67,47526.16,9,9,0
2181,43,Male,44,Standard,1845.58,47611.69,0,24,1
2182,25,Female,21,Premium,1206.82,48453.44,2,19,1
2183,19,Female,41,Premium,1847.28,15473.2,5,22,0
2184,23,Female,57,Standard,1563.07,9984.91,2,4,0
2185,45,Male,46,Basic,1236.94,49055.27,8,7,1
2186,46,Male,19,Standard,141.42,49419.07,9,11,0
2187,43,Male,39,Basic,732.84,4378.35,9,3,0
2188,42,Female,48,Basic,209.17,37750.14,1,13,0
2189,29,Male,22,Premium,712.26,14788.87,5,22,0
2190,22,Male,20,Basic,218.43,45510.29,1,26,0
2191,51,Female,37,Basic,418.85,4916.64,2,14,1
2192,54,Male,31,Standard,880.3,44484.6,9,20,0
2193,32,Male,10,Standard,1078.28,629.75,8,2,0
2194,61,Male,18,Basic,512.57,26337.9,8,23,0
2195,53,Female,43,Premium,1491.9,17110.41,1,21,0
2196,32,Male,39,Standard,1221.69,21653.02,7,14,0
2197,60,Female,46,Premium,1414.35,21972.34,2,3,0
2198,40,Female,20,Standard,1492.25,32853.36,1,14,1
2199,23,Female,18,Standard,1481.15,1643.31,9,24,1
2200,63,Male,11,Basic,1878.84,34722.52,7,8,0
2201,61,Male,22,Standard,550.72,1598.81,2,17,1
2202,60,Male,59,Standard,613.3,9671.05,7,25,0
2203,62,Female,44,Premium,278.98,30533.71,5,12,1
2204,38,Female,18,Standard,1225.91,4778.65,0,8,1
2205,40,Male,58,Standard,850.85,49549.73,1,3,0
2206,60,Female,34,Premium,1042.78,39327.01,1,24,0
2207,33,Male,23,Basic,422.66,35430.46,6,12,0
2208,64,Male,1,Basic,1333.21,13750.21,5,9,0
2209,32,Male,55,Standard,1276.14,2903.96,1,7,0
2210,42,Male,10,Standard,603.09,48949.66,0,13,0
2211,53,Male,53,Premium,984.29,7818.49,4,15,0
2212,28,Male,1,Basic,1799.17,41613.08,1,25,0
2213,32,Male,38,Basic,1569.65,10277.11,9,29,1
2214,21,Female,39,Basic,531.19,19017.72,9,18,0
2215,38,Male,49,Premium,1769.82,34832.68,5,29,0
2216,30,Female,9,Premium,227.89,47295.56,1,25,0
2217,39,Female,31,Premium,886.46,1479.23,8,6,0
2218,36,Male,7,Standard,252.22,13408.02,4,11,0
2219,51,Female,17,Basic,1856.01,38365.8,6,12,1
2220,31,Female,35,Standard,177.33,9082.99,3,14,0
2221,21,Female,48,Standard,387.36,6017.03,1,14,0
2222,63,Male,37,Premium,1838.58,2786.14,2,17,0
2223,44,Male,52,Basic,1206.1,25373.25,4,1,1
2224,46,Male,18,Standard,1610.86,38502.82,0,13,0
2225,64,Male,33,Basic,131.17,48105.86,3,19,1
2226,45,Male,4,Standard,896.28,13740.55,3,25,0
2227,52,Female,23,Premium,1970.48,6507.93,1,6,1
2228,25,Female,11,Standard,1201.66,20426.39,8,19,0
2229,33,Male,52,Premium,1714.4,3244.29,5,1,0
2230,59,Female,9,Basic,1930.76,16902.3,8,27,1
2231,53,Female,30,Standard,1401.58,32332.46,5,1,0
2232,47,Female,8,Standard,722.5,8824.22,1,4,0
2233,35,Female,40,Premium,686.35,31777.9,0,2,0
2234,19,Male,5,Premium,235.43,48611.48,3,2,0
2235,30,Male,12,Basic,912.77,43277.9,0,0,1
2236,21,Male,1,Premium,1839.24,18163.33,7,18,1
2237,43,Female,15,Basic,1008.32,21364.07,0,19,0
2238,42,Female,25,Standard,1830.89,21256.37,4,11,0
2239,47,Male,18,Basic,1652.57,43065.09,8,21,0
2240,28,Male,38,Basic,1969.96,49694.44,0,26,0
2241,24,Female,42,Basic,1900.62,41381.84,3,5,0
2242,48,Male,46,Standard,1442.32,28126.85,7,27,0
2243,61,Male,53,Standard,1755.31,5319.62,7,20,1
2244,27,Female,26,Premium,1521.35,47746.97,0,19,0
2245,56,Female,40,Basic,1436.45,43072.27,7,5,1
2246,30,Male,59,Standard,1459.56,42149.84,2,12,0
2247,48,Female,3,Basic,1469.98,19894.99,6,28,0
2248,24,Male,54,Basic,820.9,22634.98,9,20,0
2249,59,Female,22,Basic,904.77,6423.26,0,9,0
2250,59,Female,26,Standard,658.74,46924.71,4,0,1
2251,53,Male,19,Basic,381.7,47190.1,3,15,1
2252,37,Female,44,Basic,971.04,13094.84,3,13,0
2253,21,Male,44,Premium,1809.9,34952.39,4,27,0
2254,24,Female,47,Basic,1337.4,10572.74,2,17,0
2255,18,Male,39,Premium,206.74,19950.88,6,13,0
2256,61,Female,59,Basic,1641.28,15467.88,1,24,0
2257,62,Female,36,Premium,1877.26,19784.75,0,9,1
2258,59,Male,21,Standard,1675.9,15794.15,5,19,0
2259,64,Female,41,Standard,1482.33,17591.92,0,21,0
2260,30,Male,54,Basic,385.23,39657.48,6,4,1
2261,39,Female,48,Premium,763.1,15351.34,7,1,0
2262,38,Female,26,Standard,1174.05,40827.43,1,16,0
2263,39,Male,13,Basic,246.04,28612.15,3,0,1
2264,45,Female,36,Basic,301.91,39132.02,6,0,0
2265,26,Female,24,Premium,1875.08,45985.09,5,5,0
2266,43,Male,41,Premium,1435.11,7352.04,1,25,0
2267,26,Female,26,Basic,622.67,17522.57,3,6,1
2268,32,Male,21,Premium,721.98,3250.1,2,6,0
2269,27,Male,18,Premium,830.42,20642.05,8,24,0
2270,41,Male,15,Standard,242.64,12251.45,5,15,0
2271,59,Female,15,Premium,1504.44,28798.09,1,18,0
2272,25,Female,6,Basic,435.98,39277.8,1,29,1
2273,41,Male,43,Premium,1629.73,24575.12,2,8,0
2274,33,Female,31,Basic,1707.16,17014.32,4,0,0
2275,43,Male,28,Basic,1313.02,8051.54,5,17,0
2276,44,Female,8,Premium,1562.72,1828.09,4,6,1
2277,54,Male,29,Premium,426.49,34055.21,0,27,0
2278,21,Male,21,Premium,1194.28,2012.02,0,17,0
2279,41,Female,17,Standard,1385.92,46081.51,6,9,0
2280,36,Male,56,Standard,1356.97,29914.39,9,26,1
2281,53,Male,57,Premium,322.85,17988.12,6,19,1
2282,56,Female,49,Basic,754.33,2574.72,9,1,0
2283,27,Male,24,Premium,717.57,20967.58,5,10,0
2284,42,Male,58,Standard,1187.8,43431.33,8,17,0
2285,35,Female,50,Standard,1553.95,48506.26,1,10,0
2286,36,Male,36,Premium,1184.12,4703.96,0,13,0
2287,53,Male,31,Basic,1534.17,38968.34,5,12,0
2288,27,Male,47,Basic,288.04,13288.7,5,0,0
2289,50,Male,34,Standard,1768.46,19282.13,8,24,1
2290,22,Male,2,Standard,1119.57,27609.79,9,9,1
2291,64,Male,42,Standard,171.25,49739.07,0,14,0
2292,52,Male,3,Basic,1322.1,10836.34,0,18,0
2293,61,Male,30,Standard,1082.96,6959.67,9,28,0
2294,51,Female,8,Standard,518.7,29951.36,5,16,0
2295,50,Male,52,Basic,1552.41,42725.93,4,9,0
2296,38,Male,7,Standard,1873.78,32586.68,5,21,1
2297,34,Female,12,Standard,713.1,17705.03,5,7,1
2298,39,Male,58,Premium,1038.44,48860.64,3,22,1
2299,54,Male,19,Standard,343.53,49754.09,9,6,0
2300,32,Male,26,Premium,1866.62,38647.13,7,17,1
2301,52,Male,28,Standard,705.71,40219.61,4,26,1
2302,45,Male,15,Standard,470.09,38161.66,5,3,0
2303,24,Male,14,Premium,1009.01,13254.22,1,5,1
2304,49,Female,48,Standard,182.24,7938.07,0,1,1
2305,28,Female,59,Premium,580.39,27940.5,7,12,1
2306,27,Female,14,Standard,228.55,47730.24,5,20,0
2307,26,Female,3,Premium,342.01,43975.47,8,11,0
2308,31,Female,50,Premium,313.1,5789.56,4,4,1
2309,30,Male,29,Standard,1757.6,3321.06,7,18,0
2310,42,Male,54,Standard,1867.83,43751.65,6,1,1
2311,19,Male,6,Premium,1001.59,30844.25,9,10,0
2312,52,Male,49,Basic,1297.79,15563.89,0,22,1
2313,24,Male,23,Standard,1422.21,28307.52,6,7,0
2314,38,Female,28,Standard,843.5,11472.6,3,3,0
2315,35,Female,14,Basic,803.4,47374.11,5,3,1
2316,20,Male,14,Basic,1383.58,41446.29,8,10,0
2317,59,Male,20,Premium,815.76,48130.78,8,13,0
2318,56,Male,13,Standard,1203.92,9759.33,8,8,1
2319,58,Female,27,Premium,1078.87,42261.69,4,19,0
2320,28,Female,35,Standard,1096.48,28234.14,3,25,0
2321,56,Male,45,Basic,1675.78,16587.1,5,13,1
2322,41,Female,56,Premium,1437.71,24243.34,9,27,0
2323,63,Male,2,Standard,1925.3,47247.01,4,2,0
2324,36,Female,41,Standard,1602.86,34726.92,9,26,1
2325,21,Female,45,Basic,377.01,18315.82,4,12,0
2326,43,Male,40,Basic,1503.12,49995.03,7,13,1
2327,55,Female,48,Standard,1364.73,17614.27,9,16,0
2328,59,Female,24,Basic,1327.48,40779.13,4,2,0
2329,49,Male,29,Basic,1013.41,39326.68,0,14,0
2330,56,Female,3,Premium,218.68,36284.87,4,20,0
2331,62,Male,45,Standard,1907.82,33637.1,4,28,1
2332,63,Female,4,Premium,1718.66,5878.94,4,1,0
2333,53,Male,50,Basic,1024.94,49750.32,2,20,0
2334,57,Male,2,Standard,401.3,8471.62,8,24,1
2335,54,Female,20,Basic,1666.5,30008.63,4,9,1
2336,50,Female,54,Basic,918.28,12832.82,1,26,1
2337,53,Male,53,Standard,841.22,8854.49,4,21,0
2338,20,Female,15,Basic,1364.23,28193.54,8,14,0
2339,26,Female,49,Premium,1541.48,41899.04,7,18,0
2340,25,Female,32,Standard,219.4,19158.81,5,20,0
2341,50,Male,42,Basic,1558.36,4319.86,8,11,0
2342,23,Male,1,Basic,1494.49,31376.07,6,16,0
2343,58,Male,38,Basic,1219.5,38438.3,1,15,1
2344,56,Female,35,Standard,743,15156.18,0,7,0
2345,21,Female,51,Premium,413.12,34684.19,2,24,0
2346,30,Male,7,Basic,295.04,4251.62,3,4,1
2347,19,Male,45,Basic,102.25,18390.71,8,24,0
2348,22,Female,13,Basic,492.27,23969.5,4,23,1
2349,61,Female,49,Standard,881.54,39207.2,1,14,1
2350,44,Female,1,Basic,562.92,17238.01,9,7,0
2351,49,Female,14,Basic,687.06,22958.14,4,17,0
2352,38,Male,29,Basic,841.86,31603.52,1,20,0
2353,25,Female,58,Standard,685.7,31391.96,8,27,1
2354,55,Female,3,Premium,1476.78,26129.13,5,7,0
2355,25,Male,46,Standard,1034.28,16759.5,4,18,0
2356,20,Male,24,Premium,136.72,33661.27,1,16,0
2357,61,Female,1,Premium,530.67,41939.14,6,29,0
2358,20,Male,48,Standard,1448.35,8113.8,6,26,1
2359,39,Female,10,Basic,671.77,17352.86,1,3,1
2360,23,Female,13,Premium,1848.27,33603.05,9,3,0
2361,19,Male,36,Basic,1454.06,37910.89,5,25,0
2362,40,Male,9,Premium,650.86,39182.25,9,19,0
2363,61,Female,14,Basic,1081.18,32836.96,9,19,1
2364,19,Male,36,Basic,1367.75,24174.38,2,8,0
2365,55,Female,10,Standard,467.4,32467.08,7,26,1
2366,34,Female,40,Basic,567.76,7184.7,4,13,0
2367,52,Female,23,Premium,1063.54,10784.18,7,0,0
2368,51,Male,35,Basic,1857.3,46412.79,6,8,0
2369,40,Female,55,Basic,753.62,46147.46,7,22,0
2370,47,Female,7,Basic,864.05,36332.25,0,12,1
2371,25,Female,42,Premium,462.18,16688.84,5,29,0
2372,39,Male,35,Premium,1227.1,32617.58,2,20,1
2373,61,Female,2,Premium,1506.29,34545.68,4,17,1
2374,53,Female,15,Basic,937.22,25998.19,1,29,1
2375,22,Female,9,Standard,1525.47,37552.03,3,9,0
2376,30,Male,47,Premium,674.95,1969.7,5,27,0
2377,46,Female,17,Basic,1443.27,13182.93,0,25,0
2378,48,Female,39,Premium,590.85,39825.29,1,25,1
2379,64,Male,52,Standard,1583.23,46965.67,1,3,0
2380,33,Male,18,Basic,1678.22,43866.35,8,26,0
2381,59,Female,15,Premium,1615.67,35966.42,4,14,1
2382,47,Female,18,Premium,509.4,8692.09,4,3,0
2383,33,Female,24,Standard,1419.07,18751.62,5,19,0
2384,29,Male,23,Premium,1123.23,2985.53,9,10,0
2385,34,Male,12,Basic,1973.47,32173.16,2,11,1
2386,33,Female,23,Basic,787,22768.23,8,12,0
2387,29,Male,21,Standard,1565.38,28864.09,2,1,1
2388,25,Female,26,Standard,803.15,48977.97,3,7,0
2389,37,Female,8,Standard,854.03,20411.5,8,3,1
2390,20,Male,30,Basic,310.89,15682.15,9,8,0
2391,33,Female,34,Standard,555.36,7954.93,7,1,0
2392,47,Male,2,Premium,412.52,7608.69,5,22,1
2393,62,Male,5,Premium,402.48,26169.4,7,4,0
2394,40,Female,31,Basic,117.13,37586.79,0,4,0
2395,45,Male,33,Premium,1608.18,28440.89,3,22,0
2396,57,Female,54,Standard,989.07,43727.99,9,3,0
2397,22,Male,4,Premium,1627.92,16135.68,3,18,0
2398,37,Female,6,Standard,1263.85,29954.81,1,8,0
2399,57,Female,23,Premium,1679.54,33231.46,1,11,0
2400,61,Female,45,Basic,1057.15,14394.17,9,2,0
2401,18,Male,19,Standard,278.68,20117.05,8,4,0
2402,47,Female,43,Premium,1271.85,29751.52,5,1,1
2403,38,Male,45,Basic,1387.75,1536.07,6,22,1
2404,37,Male,8,Premium,1290.36,44387.24,3,12,0
2405,23,Male,39,Basic,1622.54,5997.67,2,27,0
2406,39,Male,13,Premium,1489.85,2854.12,2,26,0
2407,35,Male,1,Standard,922,11144.25,4,6,1
2408,25,Female,6,Standard,1656.3,25364.74,5,27,0
2409,56,Male,7,Standard,1414.39,16770.52,1,20,0
2410,49,Female,48,Standard,328.7,22287.21,6,7,0
2411,50,Female,27,Standard,1125.76,4671.42,6,24,0
2412,33,Male,15,Premium,1484.26,12038.68,0,28,0
2413,29,Female,52,Premium,1151.25,5334.21,6,19,0
2414,55,Female,34,Premium,1903.15,11870.48,3,10,0
2415,51,Male,58,Premium,292.83,35313.8,3,11,0
2416,31,Female,57,Standard,1472.41,28976.89,2,17,0
2417,53,Male,23,Basic,1666.46,17031.56,8,17,0
2418,50,Male,48,Standard,1435.04,13430.75,2,26,0
2419,40,Male,49,Premium,832.61,49877.63,3,28,0
2420,62,Female,24,Standard,832.41,38509.45,2,15,0
2421,19,Female,15,Standard,1214.48,41191.19,7,19,1
2422,58,Female,35,Standard,854.49,1805.05,7,21,0
2423,38,Female,4,Basic,1778.05,3449.55,9,5,1
2424,19,Male,44,Standard,308.87,35774.42,7,17,0
2425,44,Male,37,Standard,1314.4,9995.73,4,16,0
2426,26,Female,17,Basic,354.82,21569.94,6,17,1
2427,18,Male,31,Standard,1126.3,9616.25,2,23,1
2428,28,Female,38,Standard,1459.6,9265.06,7,20,0
2429,20,Male,10,Standard,414.47,5899.31,9,2,0
2430,40,Male,54,Standard,1437.66,29915.88,1,8,0
2431,43,Male,50,Standard,365.96,37095.42,7,27,1
2432,21,Male,27,Premium,1279.05,3313.81,5,27,1
2433,35,Male,42,Standard,1060.55,14139.82,1,6,1
2434,23,Female,6,Basic,666.34,33089.24,5,23,0
2435,52,Female,56,Standard,311.94,19919.64,9,21,1
2436,39,Male,6,Premium,1498.12,35380.96,1,6,0
2437,60,Female,52,Basic,825.43,38081.8,2,18,0
2438,32,Male,15,Basic,264.41,2098.55,4,0,1
2439,39,Male,4,Standard,1568.3,19352.56,0,0,1
2440,54,Male,57,Premium,542.5,36592.38,8,0,0
2441,59,Male,48,Standard,1499.26,19231.59,9,10,0
2442,29,Female,54,Premium,1173.31,788.74,2,26,0
2443,64,Male,56,Premium,469.61,17147,0,27,1
2444,59,Female,40,Standard,245.17,43696.31,5,22,0
2445,55,Male,7,Premium,1227.17,47620.98,0,17,0
2446,35,Male,51,Standard,147.9,28245.57,2,12,0
2447,62,Female,58,Premium,224.38,15664.83,6,27,0
2448,52,Male,49,Basic,1434.22,23570.18,3,21,0
2449,47,Male,53,Standard,1123.86,12192.07,8,29,0
2450,41,Female,45,Premium,719.96,8822.22,6,29,1
2451,59,Female,47,Basic,1124.53,24930,4,14,0
2452,47,Female,26,Basic,1224.13,36965.86,8,16,0
2453,31,Male,58,Basic,1174.04,11512.01,2,9,0
2454,23,Male,31,Basic,1320.85,45522.1,7,7,0
2455,20,Female,2,Standard,1886.55,8827.27,7,20,0
2456,33,Female,28,Premium,838.68,28141.37,3,8,0
2457,24,Male,42,Basic,672.19,38930.97,0,18,1
2458,31,Male,13,Premium,173.03,11062.73,3,17,0
2459,26,Female,18,Premium,379.44,15174,8,7,0
2460,32,Female,30,Premium,301.87,3048.47,9,26,1
2461,38,Female,55,Standard,737.34,47225.45,0,4,0
2462,52,Female,11,Standard,1258.98,24605.12,2,13,0
2463,19,Male,13,Basic,188.03,3683.16,7,12,0
2464,44,Male,51,Premium,1482.56,41591.28,2,0,1
2465,19,Male,24,Standard,855.12,28682.54,1,10,0
2466,52,Male,57,Standard,1930.66,3236.59,0,11,1
2467,35,Female,29,Standard,1179.93,22819.38,8,5,1
2468,31,Male,56,Basic,1565.59,22002.95,9,11,0
2469,37,Female,54,Standard,1736.24,7731.05,2,2,0
2470,35,Male,5,Premium,1788.81,21308.45,6,7,0
2471,27,Male,35,Standard,1085.08,14498.95,9,28,0
2472,42,Male,19,Standard,853.81,35147.12,2,21,0
2473,19,Female,55,Basic,1164.98,771.85,7,1,0
2474,42,Male,13,Premium,863.93,5765.61,8,5,1
2475,50,Female,5,Standard,557.36,45973.12,7,2,1
2476,53,Female,44,Premium,715.45,21950,4,6,0
2477,48,Male,14,Premium,542.26,9221.01,9,15,1
2478,31,Female,38,Standard,611.93,39764.71,1,16,0
2479,18,Male,22,Basic,277.85,42653.83,5,11,0
2480,63,Female,9,Premium,910.28,10955.09,7,14,0
2481,33,Male,49,Standard,547.04,35823.2,1,13,0
2482,63,Female,40,Premium,951.9,30949.22,5,0,1
2483,20,Female,26,Premium,1605.18,37380.31,6,25,1
2484,52,Male,45,Premium,951.79,39500.97,8,11,0
2485,58,Male,5,Standard,1913.76,33216.32,8,19,0
2486,23,Male,29,Premium,380.89,47832.74,1,22,0
2487,42,Male,54,Premium,1715.5,43279.2,0,19,0
2488,30,Female,22,Basic,571.69,11834.09,6,13,0
2489,51,Female,49,Standard,1874.47,45721.51,5,15,0
2490,25,Female,3,Standard,531.58,18300.07,9,24,0
2491,38,Female,28,Premium,1519.23,36463.82,9,14,0
2492,51,Male,38,Basic,218.02,42476.51,9,7,0
2493,21,Female,14,Premium,1296.65,22100.34,3,20,0
2494,42,Male,47,Premium,515.48,3049.67,8,0,0
2495,32,Female,14,Standard,1373.33,47508.24,0,12,1
2496,21,Male,43,Basic,1308.08,4087.76,6,29,0
2497,62,Male,11,Premium,1855.02,17731.42,4,2,0
2498,29,Male,9,Standard,1290.69,30024.14,4,23,0
2499,49,Male,38,Premium,875.67,6318.07,5,11,0
2500,49,Male,47,Premium,467.78,41991.21,1,6,0
2501,45,Female,44,Basic,1349.16,10569.4,2,7,0
2502,30,Male,6,Basic,321.1,49307.18,8,16,1
2503,48,Female,1,Basic,1674.18,45863.46,3,17,1
2504,31,Female,25,Premium,569.94,30425.53,5,9,1
2505,37,Male,16,Basic,1095.9,33170.5,2,14,0
2506,35,Female,52,Standard,1232.3,26913.52,2,22,1
2507,46,Female,15,Premium,788.73,19859.65,8,20,0
2508,23,Female,34,Basic,1361.36,17909.55,8,20,0
2509,49,Male,17,Premium,575.41,44636.92,2,27,0
2510,46,Male,3,Premium,165.79,29042.68,2,28,0
2511,60,Male,3,Standard,1922.61,41253.04,5,9,0
2512,19,Male,37,Standard,708.09,25946.52,0,8,0
2513,40,Female,17,Standard,1455.58,15697.73,4,0,0
2514,36,Female,55,Premium,1064.31,5042.09,8,20,1
2515,48,Female,49,Premium,1371.1,16522.99,8,22,0
2516,22,Female,52,Standard,310.78,44065.82,7,4,0
2517,36,Female,38,Premium,1085.81,35742.08,5,14,0
2518,51,Female,1,Standard,845.22,39398.58,8,13,1
2519,27,Male,7,Standard,958.51,38784.99,2,25,0
2520,42,Female,26,Basic,1935.8,6438.63,8,10,0
2521,19,Female,47,Standard,358.95,8363.6,7,22,0
2522,28,Female,39,Basic,1533.93,16203.34,0,16,0
2523,48,Male,19,Standard,727.65,15400.92,8,20,1
2524,32,Female,52,Premium,651.68,3771.01,7,13,1
2525,26,Female,54,Basic,614.48,8096.84,7,29,1
2526,40,Male,30,Premium,762.68,42883.4,5,5,0
2527,36,Female,43,Premium,778.52,29657.72,8,21,0
2528,26,Male,55,Standard,614.42,17443.01,7,3,1
2529,52,Male,14,Standard,1368.24,26560.66,1,12,0
2530,38,Female,13,Premium,190.67,13435.01,5,20,0
2531,26,Female,20,Standard,731.36,29400.19,7,23,1
2532,45,Male,26,Standard,632.39,4194.23,5,21,0
2533,63,Female,27,Standard,1527.69,45181.21,8,16,0
2534,24,Female,25,Premium,378.35,12402.11,4,20,0
2535,33,Male,9,Basic,1887.31,41044.24,7,11,0
2536,33,Male,41,Basic,423.99,33169.94,9,22,1
2537,50,Female,48,Premium,803.05,26388.84,1,11,0
2538,21,Male,12,Standard,479.43,46524.92,4,23,0
2539,21,Female,10,Standard,644.73,8262.25,0,29,1
2540,56,Female,6,Basic,1545.95,6404.23,4,3,1
2541,57,Female,50,Premium,1005.17,16432.08,6,1,1
2542,34,Female,34,Premium,408.89,41595.95,0,19,1
2543,54,Male,59,Standard,188.61,2242.47,9,5,0
2544,56,Female,52,Standard,536.84,12350.58,2,5,1
2545,46,Male,41,Standard,1896.65,21522.76,5,21,0
2546,53,Female,19,Premium,1706.1,35790.58,0,0,1
2547,55,Female,6,Basic,936.33,15316,2,10,0
2548,56,Male,2,Premium,1015.79,22681.57,7,22,0
2549,54,Female,15,Premium,1808.8,17174.1,8,22,0
2550,52,Male,17,Premium,1223.56,5056.98,6,28,1
2551,24,Male,16,Basic,1773.46,37064.46,3,20,0
2552,44,Female,28,Standard,1034.49,23338.28,6,28,1
2553,45,Female,21,Standard,480.19,40719.35,6,11,0
2554,39,Female,8,Premium,1479.26,34887.3,6,3,0
2555,31,Female,10,Premium,1100.15,3361.85,7,27,1
2556,24,Male,10,Basic,1370.04,25253.76,3,15,0
2557,54,Female,50,Basic,398.74,49547.35,3,26,0
2558,39,Female,10,Standard,1330.44,15739.58,8,18,1
2559,22,Female,9,Premium,826.29,24901.43,7,26,1
2560,19,Female,28,Basic,730.8,32775.61,3,10,0
2561,44,Female,24,Basic,1375.8,10512.15,5,10,1
2562,38,Male,19,Premium,1225.25,35274.11,8,12,0
2563,55,Female,33,Premium,1333.3,33158.95,5,12,0
2564,32,Male,4,Premium,1934.13,19060.54,4,7,0
2565,38,Female,56,Premium,1432.27,14579.74,6,10,0
2566,27,Female,3,Premium,1317.71,45995.58,1,15,0
2567,40,Female,42,Premium,1265.75,6787.67,7,12,0
2568,56,Male,12,Basic,857.56,21885.52,6,23,0
2569,22,Female,18,Premium,1694.46,38465.69,5,2,0
2570,18,Male,23,Standard,823.78,7832.79,2,26,0
2571,30,Male,20,Premium,1430.46,46679.91,8,10,0
2572,38,Female,6,Standard,656.97,26549.49,1,20,0
2573,43,Male,53,Standard,380.74,25488.37,3,7,0
2574,62,Female,34,Standard,346.55,21501.73,1,9,0
2575,38,Female,42,Premium,1305.66,43438.78,5,25,0
2576,35,Male,2,Premium,723.11,47447.85,6,29,0
2577,54,Female,30,Standard,622.59,19313.37,8,21,1
2578,62,Female,9,Premium,1224.91,27348.49,5,17,0
2579,49,Male,27,Basic,148.77,16113.45,5,16,0
2580,53,Male,42,Basic,567.83,18716.83,4,6,0
2581,34,Male,34,Basic,747.04,1902.51,9,17,0
2582,52,Male,40,Basic,1445.91,39403.81,9,9,0
2583,28,Male,24,Premium,1135.5,48481.99,3,25,1
2584,38,Male,49,Standard,1726.38,38591.56,9,19,0
2585,43,Female,17,Premium,735.56,26151.47,3,26,0
2586,21,Male,29,Basic,663.24,41461.74,3,21,0
2587,51,Male,36,Premium,163.08,42965.01,4,12,0
2588,35,Female,50,Premium,1908.26,27453.87,0,6,0
2589,57,Female,12,Basic,1052.84,46889.3,1,22,0
2590,52,Male,31,Standard,1054.8,1993.42,2,6,1
2591,58,Male,49,Premium,1854.53,999.75,6,19,1
2592,46,Female,9,Premium,650.84,4532.24,0,10,1
2593,46,Male,19,Basic,731,3363.96,2,9,0
2594,55,Male,46,Standard,1347.06,21518.24,6,25,0
2595,59,Female,46,Basic,1591.83,47045.89,5,11,0
2596,38,Male,17,Basic,1428.69,33923.57,1,12,1
2597,59,Female,2,Premium,1598.56,33142.92,3,11,0
2598,30,Male,40,Standard,1192.71,19551.86,0,11,0
2599,58,Female,5,Basic,1739.36,26921.44,4,5,0
2600,34,Female,59,Premium,1145.2,15556.65,1,2,0
2601,26,Female,39,Basic,535.75,26132.97,7,7,1
2602,58,Male,54,Premium,1129.23,37459.71,9,16,0
2603,18,Female,48,Standard,1454.59,28155.28,5,29,0
2604,19,Male,16,Basic,1341.79,21234.16,0,12,1
2605,46,Female,17,Standard,561.73,42323.64,1,7,1
2606,50,Female,54,Standard,178.05,14728.42,3,4,1
2607,27,Female,27,Premium,579.71,24333.6,2,23,0
2608,57,Male,7,Basic,1969.68,48918.29,8,27,0
2609,38,Male,52,Basic,450.49,48382.42,0,3,0
2610,45,Female,8,Premium,982.31,811.09,6,15,0
2611,28,Male,8,Premium,1312.86,26845.55,8,17,1
2612,51,Male,23,Standard,1771,17177.5,8,3,0
2613,25,Male,32,Basic,1544.49,14915.58,5,10,0
2614,39,Female,43,Basic,1827.01,30014.48,6,7,0
2615,25,Male,47,Premium,1248.33,22592.06,7,25,1
2616,32,Female,18,Premium,1744.11,36775.68,2,0,0
2617,34,Female,38,Premium,601.3,1843.14,4,26,0
2618,40,Female,54,Basic,918.07,46381.1,3,12,1
2619,41,Male,12,Basic,1703.17,28595.87,8,20,0
2620,62,Female,15,Standard,718.57,34361.3,8,26,1
2621,36,Male,28,Premium,1755.32,30427.03,3,21,1
2622,22,Male,55,Standard,789.92,49462.01,1,3,1
2623,49,Female,38,Basic,790.45,49321.77,0,3,0
2624,61,Female,50,Standard,687.16,30689.63,2,3,1
2625,18,Female,56,Standard,1139.19,34356.18,1,12,0
2626,40,Male,31,Standard,345.23,31119.21,4,18,0
2627,54,Male,52,Premium,169.55,15878.71,5,15,0
2628,25,Female,9,Basic,1805.08,10034.37,8,27,0
2629,30,Female,8,Premium,1864.98,20436.78,3,13,1
2630,25,Male,46,Standard,244.72,34296.46,3,9,1
2631,40,Male,19,Premium,1144.43,3270.88,3,4,0
2632,60,Female,51,Basic,1125.4,25958.11,0,14,0
2633,18,Male,8,Basic,807.62,20715.67,2,5,0
2634,62,Male,34,Standard,1180.92,26610.5,3,18,0
2635,41,Male,57,Standard,970.43,43081.22,0,13,0
2636,52,Male,4,Premium,1030.31,2856.7,4,26,0
2637,41,Male,31,Basic,1535.14,38299.39,9,10,1
2638,34,Male,38,Basic,1099.32,33512.04,8,2,0
2639,22,Female,3,Premium,714.95,10590.48,0,24,0
2640,37,Male,35,Basic,1204.77,36842.09,6,1,0
2641,38,Female,19,Standard,1317.43,25070.41,1,5,0
2642,57,Female,43,Standard,1358.39,24310.73,9,23,1
2643,48,Male,29,Premium,1274.78,24411.99,8,7,1
2644,63,Female,10,Premium,1362.75,47487.09,3,0,0
2645,53,Female,12,Premium,689.18,47246.04,2,29,0
2646,28,Female,46,Standard,947.65,45723.6,6,27,0
2647,32,Male,30,Premium,1370.54,44393.73,5,13,0
2648,36,Female,30,Basic,1533.3,2360.61,9,15,1
2649,24,Male,18,Premium,924.88,20329.45,7,16,0
2650,45,Female,24,Basic,794.13,44796.41,8,7,0
2651,60,Female,32,Standard,1460.18,37878.76,6,16,1
2652,22,Female,9,Basic,522.13,23104.66,5,12,0
2653,22,Female,47,Basic,118.04,38776.03,7,18,1
2654,47,Male,24,Basic,995.22,10805.2,8,8,0
2655,49,Female,26,Standard,429.41,30190.06,7,2,0
2656,25,Female,3,Basic,818.74,26883.41,5,17,0
2657,27,Male,23,Basic,653.34,28890.58,7,0,1
2658,55,Male,11,Premium,1576.8,36228.87,8,12,1
2659,64,Male,10,Premium,729.68,47515.2,5,12,0
2660,49,Female,50,Premium,1317.28,13568.58,5,11,0
2661,45,Male,36,Basic,1380.43,38023.51,1,0,1
2662,34,Male,13,Basic,967.26,32434.48,8,9,1
2663,48,Male,29,Standard,254.05,34909.68,7,18,1
2664,25,Male,38,Basic,1430.69,21731.52,4,21,0
2665,57,Male,59,Basic,242.82,47256.64,9,6,1
2666,42,Male,53,Standard,288.5,24242.98,2,13,0
2667,26,Female,13,Basic,472.4,6518.79,8,5,0
2668,19,Male,57,Standard,632.71,34194.3,9,5,0
2669,32,Female,26,Standard,1708.26,6879.02,6,8,1
2670,20,Male,20,Premium,1382.35,16472.41,8,19,1
2671,53,Male,5,Basic,835.7,11786.28,6,15,0
2672,21,Male,20,Premium,1959.39,27177.25,7,4,0
2673,31,Female,14,Basic,562.84,17701.44,9,14,0
2674,58,Male,45,Premium,1258.65,8412.74,4,29,1
2675,58,Male,14,Standard,1709.71,39645.31,9,0,0
2676,42,Male,8,Standard,1623.84,23690.34,9,3,1
2677,27,Male,48,Standard,271.58,22995.23,5,9,0
2678,38,Female,13,Standard,1424.82,44374.97,7,5,1
2679,53,Female,24,Basic,589.94,27171.81,6,22,0
2680,29,Female,15,Basic,775.89,35639.86,0,26,0
2681,44,Female,51,Premium,1029.08,16739.24,9,1,0
2682,57,Female,1,Basic,1602.43,28283.83,3,9,0
2683,19,Male,22,Basic,415.78,36457.53,7,21,0
2684,30,Male,34,Premium,306.25,15175.36,8,18,0
2685,49,Male,50,Standard,391.54,34582.44,5,22,0
2686,48,Female,51,Premium,514.62,28653.78,3,8,0
2687,33,Male,40,Premium,213.05,21992.56,1,10,0
2688,49,Female,3,Standard,1860.08,35791.99,8,3,1
2689,49,Male,55,Premium,706.26,16186.77,0,23,0
2690,51,Female,26,Premium,436.25,35867.89,4,9,0
2691,28,Male,14,Premium,1311.88,27780.15,7,5,1
2692,27,Male,58,Basic,1595.29,12657.39,3,2,1
2693,32,Male,41,Standard,1531.14,33579.64,0,12,0
2694,34,Male,8,Standard,1465.54,44295.84,3,18,0
2695,57,Female,49,Premium,196.01,15845.69,4,2,1
2696,35,Male,55,Basic,1586.1,40710.43,4,19,0
2697,26,Male,55,Standard,1053.57,17138.45,0,29,0
2698,42,Male,56,Standard,1333.26,41145.5,1,17,0
2699,57,Female,16,Premium,1917.21,3031.98,5,11,0
2700,31,Male,42,Premium,1640.28,857.16,9,11,0
2701,42,Male,21,Premium,1668.21,6106.47,4,20,0
2702,39,Male,10,Standard,444.79,43760.17,8,11,0
2703,47,Male,57,Premium,1005.19,26919.23,6,29,0
2704,37,Male,25,Premium,1903.72,29908.01,4,23,0
2705,38,Female,56,Premium,1207.1,42189.17,8,27,0
2706,61,Female,38,Basic,294.91,3006.97,0,28,1
2707,49,Female,22,Premium,1490.46,19661.8,2,6,0
2708,63,Male,49,Standard,181.56,32332.97,1,8,0
2709,38,Female,48,Premium,1510.36,20531.67,6,11,0
2710,52,Male,47,Standard,1771.57,2090.44,8,18,0
2711,49,Male,54,Basic,907.98,32721.71,1,3,1
2712,47,Male,46,Basic,885.86,19874.36,5,23,0
2713,56,Male,4,Premium,678,1450.85,1,9,0
2714,29,Female,4,Standard,1766.18,8940.66,2,26,0
2715,58,Female,30,Premium,1140.79,11270.32,0,18,0
2716,64,Female,2,Premium,1200.59,25775.48,5,16,1
2717,35,Male,29,Standard,1357.24,9725.56,1,17,0
2718,38,Female,43,Standard,670.44,18385.7,2,9,1
2719,30,Female,36,Standard,922.29,37657.96,5,25,0
2720,38,Male,21,Standard,1509.05,40482.13,5,23,0
2721,25,Female,21,Standard,1972.43,39872.94,3,11,1
2722,63,Male,48,Basic,165.18,34906.6,0,22,0
2723,57,Female,21,Basic,181.03,27319.71,6,19,0
2724,63,Female,4,Basic,913.36,27756.2,1,7,0
2725,24,Female,1,Standard,1353.28,47692.68,5,18,0
2726,40,Male,26,Standard,834.09,43954.5,6,0,1
2727,61,Female,56,Standard,1999.31,32664.31,1,3,0
2728,49,Female,51,Premium,471.18,23690.5,5,5,0
2729,28,Female,2,Basic,115.06,36588.99,0,21,1
2730,39,Female,9,Basic,461.25,3604.44,5,3,0
2731,39,Male,55,Premium,1785,47258.11,7,15,1
2732,60,Male,57,Premium,375.78,27605.19,7,7,0
2733,42,Female,45,Basic,1010.05,25388.13,6,8,1
2734,39,Female,18,Standard,896.62,14896.32,3,14,0
2735,45,Female,48,Basic,1364.88,667.78,3,17,1
2736,46,Male,48,Standard,203.73,3531.54,4,2,0
2737,30,Female,57,Basic,1351.63,13518.92,7,27,0
2738,35,Female,42,Basic,774.03,27306.54,3,23,0
2739,19,Male,41,Premium,1859.48,4637.23,8,16,0
2740,46,Male,11,Premium,1712.89,48616.57,2,0,0
2741,38,Male,25,Standard,859.06,20842.56,8,6,0
2742,32,Female,26,Standard,1986.49,16157.71,1,9,1
2743,44,Male,58,Basic,198.69,26497.23,5,14,0
2744,48,Male,36,Premium,1598.4,3716.84,4,22,1
2745,32,Female,42,Standard,924.29,42597.31,4,12,0
2746,40,Male,35,Standard,923.28,23283.72,5,22,0
2747,41,Female,38,Standard,423.25,9327.6,9,28,0
2748,61,Female,3,Basic,1078.27,8505.85,6,28,0
2749,30,Male,59,Standard,260.97,18367.24,3,4,0
2750,39,Female,41,Standard,1271.5,28881.46,3,27,1
2751,60,Male,35,Premium,559.02,21136.84,8,6,1
2752,54,Male,50,Premium,1477.23,30041.47,3,13,0
2753,50,Male,40,Premium,1253.99,35421.15,7,13,0
2754,20,Female,22,Basic,1518.17,37550.19,9,8,0
2755,36,Male,8,Premium,1524.51,20347.3,0,21,0
2756,40,Female,15,Premium,473.75,35991.66,3,5,0
2757,46,Female,45,Premium,101.28,7504.47,1,18,1
2758,47,Female,7,Premium,794.95,25898.26,9,14,1
2759,56,Male,19,Standard,1846.23,4089.48,4,29,1
2760,61,Female,40,Basic,1198.01,12583.23,1,29,0
2761,64,Female,42,Standard,1482.25,29367.74,6,15,0
2762,42,Male,17,Standard,1771.18,37150.82,9,22,0
2763,54,Male,1,Basic,1821.51,5217.81,6,21,0
2764,64,Female,45,Standard,1105.15,10749.96,8,11,1
2765,25,Female,29,Premium,1127.79,49598.96,3,20,1
2766,59,Male,58,Basic,1716.78,17214.05,4,2,0
2767,33,Female,13,Standard,1634.22,14560.02,2,2,0
2768,25,Female,56,Standard,1427.83,4720.23,6,5,0
2769,18,Female,48,Premium,1248.48,34894.72,4,21,0
2770,61,Female,29,Standard,1272.71,25658.54,8,20,0
2771,22,Male,41,Standard,789.53,8298.77,6,18,0
2772,20,Female,42,Standard,1697.74,31828.46,3,11,0
2773,18,Male,6,Basic,1273.78,26525.14,6,15,1
2774,21,Female,5,Basic,524.7,28464.79,0,17,1
2775,57,Male,34,Standard,555.7,49745.31,1,3,0
2776,52,Female,11,Standard,1737.05,1916.33,2,19,0
2777,49,Male,9,Premium,1288.84,45791.12,4,25,0
2778,59,Female,38,Basic,857.54,42173.59,4,12,0
2779,51,Male,40,Basic,455.49,21059.47,6,12,0
2780,60,Female,41,Basic,1259.41,44106.84,8,1,1
2781,42,Female,9,Standard,450.19,32603.78,9,29,0
2782,27,Male,8,Premium,993.32,44523.05,8,27,0
2783,38,Male,44,Premium,1387.27,29939.18,5,8,0
2784,63,Male,58,Standard,1174.29,11199.39,6,26,0
2785,56,Male,40,Standard,1851.99,29022.96,7,10,0
2786,44,Male,3,Premium,175.47,9363.58,3,2,0
2787,44,Female,13,Premium,631.61,7470.98,6,16,0
2788,19,Male,19,Basic,208.46,32876.03,5,11,0
2789,58,Male,34,Standard,469.75,47400.09,7,4,1
2790,30,Female,32,Basic,335.57,29630.55,0,13,0
2791,26,Male,49,Premium,1492.06,39891.49,4,25,0
2792,53,Male,16,Basic,801.81,8834.04,2,18,0
2793,39,Male,36,Premium,1857.58,32883.41,8,21,0
2794,59,Female,18,Premium,144.42,36782.38,8,16,0
2795,43,Male,14,Basic,1340.56,2559.92,2,29,0
2796,29,Female,30,Standard,1944.04,5309.63,9,25,0
2797,34,Female,2,Basic,434.09,39188.25,1,3,0
2798,31,Male,13,Basic,940.62,22277.53,4,0,0
2799,31,Female,27,Standard,1433.59,20576.26,3,29,0
2800,51,Male,59,Standard,1302.96,46058.3,6,16,1
2801,37,Male,53,Basic,1175.45,49602.31,7,9,0
2802,28,Male,52,Premium,720.84,38337.03,3,7,1
2803,33,Male,17,Basic,1483.58,39733.39,2,25,0
2804,48,Male,31,Premium,1341.19,10811.89,8,10,0
2805,23,Female,15,Standard,409.32,10015.16,7,19,1
2806,36,Female,57,Standard,1931.77,49043.8,6,9,0
2807,54,Female,20,Premium,1155.78,34907.04,7,18,0
2808,21,Female,5,Basic,1098.38,34492.13,7,5,0
2809,64,Male,7,Standard,1711.65,14666.3,9,10,0
2810,21,Male,18,Premium,1316.79,44380.73,7,15,1
2811,37,Female,56,Premium,241.51,2699.8,0,9,0
2812,27,Male,11,Basic,1062.52,14092.22,3,24,1
2813,41,Female,32,Premium,1583.13,9417,9,21,0
2814,52,Female,50,Premium,1429.96,35699.26,6,0,0
2815,43,Female,27,Basic,1944.46,35909.82,5,7,0
2816,54,Female,26,Standard,147.34,26969.21,2,16,0
2817,55,Male,37,Standard,596.32,760.35,2,18,0
2818,38,Male,45,Standard,1143.4,43750.89,3,8,0
2819,57,Female,28,Premium,1277.03,47801.56,9,19,0
2820,56,Female,50,Premium,621.28,10514.47,5,7,1
2821,38,Female,2,Basic,1670.92,42190.52,0,8,1
2822,27,Female,20,Premium,412.26,48677.68,9,15,0
2823,55,Female,4,Premium,101.61,16685.22,3,13,1
2824,63,Male,13,Standard,1909.54,9660.31,8,23,1
2825,21,Female,24,Premium,843.96,48888.23,6,5,0
2826,62,Female,48,Premium,1919.23,3457.29,5,8,0
2827,37,Male,38,Premium,628.07,14160.05,4,10,0
2828,34,Male,58,Basic,220.55,37230.45,1,21,1
2829,24,Male,40,Premium,1567.79,31059,1,14,0
2830,21,Male,48,Basic,1688.06,34383.28,5,14,0
2831,46,Male,45,Standard,1034.97,35550.53,8,4,0
2832,31,Male,55,Premium,240.32,34464.14,8,7,0
2833,20,Male,29,Basic,1342.85,17440.94,0,19,0
2834,41,Male,58,Standard,446.07,15919.26,6,2,0
2835,54,Male,36,Premium,1713.82,21709.09,6,19,0
2836,33,Female,2,Basic,620.64,40480.34,9,27,0
2837,21,Male,41,Basic,1710.64,46944.42,1,24,0
2838,41,Female,18,Standard,911.16,23034.68,9,3,0
2839,51,Female,49,Premium,1233.33,4745.42,3,6,1
2840,47,Female,8,Premium,1600.17,46945.78,7,16,0
2841,35,Female,58,Premium,176.83,4481.2,5,11,0
2842,36,Female,15,Basic,1660.22,8375.93,6,5,0
2843,48,Female,41,Premium,363.43,43450.06,9,23,1
2844,36,Female,17,Basic,780.99,27798.19,5,22,0
2845,63,Female,23,Basic,998.28,17957.97,8,20,0
2846,36,Male,2,Standard,1801.31,46580.03,9,3,1
2847,39,Female,6,Basic,142.64,48045.07,9,17,0
2848,41,Female,29,Standard,1162.48,16872.75,8,15,0
2849,62,Female,27,Standard,1320.79,43487,5,0,0
2850,29,Female,37,Premium,701.51,34087.18,5,28,0
2851,47,Male,49,Standard,651.92,14087.32,8,16,0
2852,55,Female,34,Premium,1031.89,47100.92,9,4,0
2853,48,Male,18,Standard,455.49,3621.92,8,24,1
2854,53,Male,42,Basic,989.43,16238.14,2,22,0
2855,36,Female,10,Premium,1553.55,20114.95,6,17,0
2856,62,Female,38,Basic,1706.25,34687.33,2,5,0
2857,53,Male,59,Premium,831.81,2402.43,3,25,0
2858,47,Female,44,Basic,1272.87,44543.96,8,22,0
2859,50,Female,17,Standard,100.04,33125.6,9,12,0
2860,35,Male,59,Premium,1145.67,14113.63,7,7,1
2861,45,Male,13,Premium,1952.95,33087.93,5,26,0
2862,64,Female,52,Premium,693.3,27077.73,5,24,0
2863,28,Female,48,Standard,1230.07,17145.65,7,18,0
2864,62,Female,42,Basic,1548.34,1915.53,1,27,1
2865,50,Male,27,Standard,1256.97,27779.48,4,15,1
2866,34,Female,53,Standard,895.15,4567.98,6,17,1
2867,23,Male,2,Standard,389.89,40603.73,2,6,0
2868,21,Male,34,Basic,981.03,4882.02,7,23,1
2869,37,Female,31,Standard,660.09,21722.59,2,8,0
2870,64,Male,23,Premium,1422.25,22010.31,3,25,0
2871,44,Female,7,Standard,939.63,28031.98,9,27,0
2872,32,Female,38,Basic,1714.77,2455.64,9,29,1
2873,23,Male,33,Premium,467.31,10589.71,5,20,1
2874,64,Female,12,Basic,893.67,10375.31,5,24,1
2875,31,Male,45,Standard,1159.26,30149.05,1,0,1
2876,28,Male,12,Basic,339.43,13549.96,1,8,0
2877,56,Female,19,Premium,1217.03,7637.65,2,28,1
2878,26,Female,9,Basic,652.75,1408.48,2,9,0
2879,43,Female,10,Premium,536.12,42106.97,3,20,0
2880,33,Female,17,Premium,369.63,48591.64,3,29,0
2881,22,Male,50,Standard,764.78,35311.47,3,17,1
2882,27,Male,40,Standard,1865.07,20929.27,9,21,1
2883,20,Male,39,Premium,158.91,6539.54,9,0,0
2884,30,Female,41,Basic,1719.1,24017.69,2,12,0
2885,60,Male,10,Premium,854.99,23137.43,0,13,0
2886,47,Male,12,Standard,1167.04,21283.88,8,22,0
2887,62,Female,15,Basic,1074.34,19226.03,1,6,0
2888,23,Female,31,Premium,1858.91,25089.3,2,27,0
2889,34,Female,15,Standard,1563.25,4122.45,1,28,0
2890,62,Male,28,Premium,1971.16,2395.58,5,25,0
2891,36,Female,4,Premium,1609.42,3666.03,5,7,0
2892,59,Male,36,Premium,662.19,10399.92,0,0,0
2893,52,Male,55,Basic,1929.48,14264.48,3,1,0
2894,63,Male,1,Standard,1968.78,8888.15,9,10,1
2895,43,Male,58,Standard,333.88,12969.88,4,0,0
2896,22,Male,44,Premium,1811.98,9698.95,5,23,1
2897,46,Female,57,Premium,1361.98,7961.79,4,11,0
2898,54,Male,34,Premium,1851.79,15002.64,2,7,0
2899,37,Female,47,Basic,1839.9,20176.88,2,27,1
2900,38,Male,17,Standard,1793.61,37341.21,2,2,0
2901,27,Male,39,Premium,1782.02,47799.72,5,9,0
2902,22,Female,38,Standard,323.53,45988.78,3,14,1
2903,53,Male,44,Premium,372.68,24058.72,3,11,0
2904,23,Male,51,Standard,323.78,23336.58,2,1,0
2905,43,Female,33,Premium,272.96,6722.05,3,24,0
2906,21,Female,21,Basic,771.24,48601.14,7,4,0
2907,56,Male,26,Premium,1399.52,38124.84,2,8,0
2908,56,Male,46,Premium,773.92,42454.63,9,17,0
2909,52,Male,36,Premium,1468.57,12091.1,2,5,0
2910,18,Female,5,Premium,1658.54,20353.76,5,10,1
2911,41,Male,33,Premium,1365.81,5580.93,0,13,1
2912,53,Female,1,Standard,983.7,47070.25,9,0,0
2913,23,Female,53,Standard,661.48,14648.55,5,22,0
2914,58,Male,6,Basic,336.37,30002.48,8,3,1
2915,63,Female,37,Premium,1037.94,8034.89,2,6,0
2916,61,Male,2,Standard,1467.24,40238.43,1,8,0
2917,48,Male,57,Standard,1141.66,9724.06,2,16,0
2918,37,Female,53,Premium,1470.82,40564.53,2,16,1
2919,41,Female,59,Premium,736.92,20387.25,1,10,0
2920,42,Female,59,Basic,226.91,29098.97,3,22,1
2921,53,Female,5,Basic,1565.09,13850.58,7,25,1
2922,38,Female,26,Standard,517.48,44197.43,6,26,0
2923,47,Female,41,Basic,1270.94,38113.49,9,11,1
2924,41,Male,51,Standard,1628.16,18036.56,8,14,0
2925,61,Male,53,Basic,364.31,29475.52,7,1,0
2926,59,Male,47,Premium,1237.14,6884.93,6,7,0
2927,47,Female,13,Basic,1409.81,8443.38,5,19,1
2928,39,Female,12,Standard,1518.41,26917.04,2,22,1
2929,45,Female,5,Basic,380.57,32209.64,9,25,0
2930,24,Male,2,Standard,1667.72,28092.87,3,1,0
2931,52,Male,59,Standard,278.88,28190.7,7,23,0
2932,45,Female,4,Basic,1087.21,37243.36,1,5,0
2933,31,Female,59,Basic,942.48,45169.17,5,0,1
2934,27,Female,27,Standard,521.36,19686.08,0,24,1
2935,33,Female,50,Premium,673.67,27078.2,6,26,1
2936,33,Male,53,Basic,412.43,44704.69,3,17,1
2937,48,Male,10,Standard,908.88,23481.79,0,3,0
2938,59,Male,13,Premium,167.47,22534.87,4,24,0
2939,42,Female,44,Standard,1788.94,38442.47,4,7,0
2940,30,Male,2,Basic,410.63,43926.41,5,7,0
2941,23,Female,26,Standard,1783.43,37014.78,7,13,1
2942,61,Female,15,Standard,1740.8,5456.16,3,19,0
2943,26,Female,46,Standard,958.19,23506.16,6,13,1
2944,62,Male,57,Basic,1045.68,10992.5,3,0,1
2945,53,Male,10,Premium,673.64,16208.72,1,25,1
2946,60,Female,22,Premium,1994.06,23703.34,7,19,0
2947,37,Male,40,Premium,1374.47,11465.67,4,2,0
2948,35,Female,25,Premium,1908.44,26038.72,9,14,0
2949,60,Female,15,Basic,888.11,32342.16,3,26,1
2950,38,Female,13,Standard,1777.73,43807.47,1,18,1
2951,21,Male,8,Premium,951.65,10967.3,6,0,0
2952,50,Male,21,Premium,1746.97,15872.97,4,24,0
2953,44,Female,21,Basic,348.76,20587.12,8,2,1
2954,24,Male,22,Standard,1310.02,11615.07,6,19,0
2955,23,Male,46,Standard,1389.54,16935.98,8,0,1
2956,32,Male,33,Premium,1346.72,44225.85,9,18,0
2957,35,Male,45,Premium,949.35,7363.41,9,16,1
2958,49,Female,27,Standard,1399.44,22465.51,4,12,0
2959,28,Male,40,Basic,554.98,15892.87,5,19,0
2960,37,Female,50,Standard,1232.11,4319.65,7,15,0
2961,41,Female,22,Standard,1153.05,5258.2,9,25,1
2962,32,Male,30,Premium,704.85,39351.56,5,11,0
2963,24,Female,9,Basic,1579.84,42690.48,3,6,0
2964,38,Female,45,Basic,253.66,37199.68,1,25,0
2965,59,Male,35,Basic,425.74,27191.84,5,26,1
2966,43,Female,18,Premium,995.19,38746.64,8,23,0
2967,61,Female,42,Basic,1794.3,8024.78,7,23,0
2968,31,Male,5,Basic,1192.8,39119.98,2,16,0
2969,54,Male,27,Premium,1699.93,21462.02,4,10,0
2970,38,Male,57,Standard,1083.38,37640.62,5,21,0
2971,35,Male,6,Basic,1592.37,11773.6,6,7,0
2972,22,Male,32,Standard,719.02,41710.9,1,9,1
2973,20,Female,8,Basic,1648.77,28621.77,5,15,0
2974,40,Female,56,Standard,863.2,863.21,1,28,0
2975,43,Male,39,Standard,1161.78,26203.72,7,9,0
2976,54,Male,21,Premium,434.17,15858.83,6,23,0
2977,41,Female,18,Premium,1848.82,3346.34,1,24,0
2978,36,Male,14,Basic,1432.77,22641.82,3,7,1
2979,42,Male,15,Basic,1731.82,15917.77,6,4,0
2980,38,Female,42,Premium,494.94,10617.31,8,16,1
2981,29,Female,26,Basic,228.6,17781.54,2,12,0
2982,58,Female,53,Basic,740.7,9390.56,9,24,0
2983,50,Male,44,Premium,1081.7,15340.7,9,9,1
2984,21,Female,32,Standard,1624.5,6209.05,7,9,0
2985,59,Male,39,Basic,855.68,4673.47,8,25,0
2986,24,Female,28,Premium,612.92,45545.96,7,25,0
2987,39,Male,39,Basic,807.84,45186.91,3,20,1
2988,50,Male,43,Basic,1436.85,41486.26,3,22,0
2989,34,Male,32,Premium,738.81,11901.11,6,11,1
2990,41,Female,13,Premium,1960.41,36431.59,3,11,0
2991,51,Female,15,Basic,432.46,29690.75,9,6,0
2992,45,Female,18,Basic,1530.88,3036.05,9,10,0
2993,60,Male,39,Standard,1219.41,45029.49,6,19,0
2994,58,Female,6,Standard,542.88,49900.11,8,23,0
2995,56,Female,55,Premium,1531.87,35581.71,8,26,0
2996,39,Male,11,Basic,950.33,11959.64,8,25,1
2997,34,Male,32,Premium,1396.56,27943.27,9,24,0
2998,51,Female,40,Premium,1358.29,5914.33,9,11,1
2999,23,Female,20,Basic,310.22,15289.57,5,3,1
3000,63,Female,33,Standard,1695.97,36004.17,0,17,0
3001,23,Male,40,Premium,1394.8,15403.17,7,9,0
3002,51,Female,8,Premium,1583.11,7786.69,5,19,0
3003,18,Male,51,Basic,950.76,869.82,6,1,0
3004,27,Male,35,Standard,470.62,28839.46,1,27,1
3005,38,Female,5,Standard,719.81,48449.19,2,0,0
3006,22,Female,35,Basic,1812.79,24464.58,5,13,0
3007,19,Male,47,Premium,1882.24,11024.29,2,16,1
3008,39,Male,14,Basic,1015.55,23432.36,4,26,0
3009,19,Female,21,Basic,667.71,30303.14,3,3,0
3010,27,Female,47,Standard,1487.59,40167.73,4,29,0
3011,51,Female,24,Premium,1555.39,22907.59,7,24,0
3012,33,Male,17,Premium,1649.39,9061.13,3,29,1
3013,56,Male,18,Standard,159.06,9806.49,8,8,0
3014,39,Female,34,Premium,118.49,45036.44,2,6,0
3015,29,Male,12,Premium,778.6,12193.97,6,20,1
3016,41,Male,16,Basic,389.74,36536.87,6,21,0
3017,64,Female,4,Basic,1629.47,13812.96,0,16,0
3018,57,Male,25,Basic,1112.4,36167.82,2,2,0
3019,55,Female,34,Premium,1668.16,4379,9,0,0
3020,27,Female,28,Premium,436.13,10765.96,0,9,1
3021,52,Male,46,Premium,1291.72,20730.71,7,4,0
3022,49,Male,11,Premium,1202.33,26008.17,9,3,0
3023,24,Female,13,Standard,746.72,17971.08,4,18,1
3024,38,Male,31,Standard,1082.45,28889.06,3,5,0
3025,37,Female,25,Premium,1219.15,16605.81,2,5,0
3026,43,Male,39,Basic,1790.03,34082.73,6,8,0
3027,21,Male,10,Basic,205.71,25804.75,7,19,0
3028,63,Male,24,Standard,1664.41,35402.91,7,8,0
3029,39,Female,1,Standard,1962.3,21833.46,0,28,0
3030,32,Male,53,Premium,1490.37,43886.76,6,14,1
3031,57,Female,25,Premium,1500.96,19415.57,4,19,0
3032,38,Female,28,Premium,514.15,15752.62,1,7,0
3033,32,Female,36,Premium,1093.84,28075.71,7,23,0
3034,39,Male,18,Premium,1441.29,25704.04,1,1,0
3035,45,Female,6,Basic,1244.33,26145.85,5,29,1
3036,31,Female,2,Basic,831.75,39908.44,4,9,0
3037,44,Male,3,Premium,1886.22,29635.54,5,13,0
3038,58,Female,46,Basic,1076.57,44320.64,9,27,0
3039,57,Female,8,Premium,1942.76,31145.3,7,23,0
3040,45,Male,31,Premium,1171.36,1574.21,8,1,0
3041,43,Female,48,Standard,1607.43,43584.48,2,26,0
3042,19,Male,19,Basic,1509.84,42069.33,2,23,1
3043,42,Female,50,Basic,1355.57,2918.07,6,21,0
3044,20,Female,6,Standard,127.48,6701.58,2,12,0
3045,25,Male,14,Basic,247.12,28039.62,9,18,1
3046,61,Female,3,Standard,1204.82,2621.2,4,27,0
3047,50,Female,48,Basic,1832.38,20852.81,9,26,0
3048,59,Female,1,Premium,1242.17,48780.35,3,29,0
3049,52,Male,44,Standard,548.39,9052.42,8,28,0
3050,23,Male,30,Premium,708.41,10701.74,7,28,0
3051,56,Male,46,Premium,1284,33979.24,8,29,0
3052,40,Male,19,Basic,1234.4,2676.92,5,6,0
3053,42,Male,54,Standard,1915.84,41123.96,1,11,0
3054,60,Female,19,Premium,1105.26,10352.04,7,5,0
3055,36,Male,9,Premium,774.53,26811.93,0,2,0
3056,22,Male,7,Standard,1097.49,12813.78,4,29,0
3057,28,Male,46,Basic,1593.84,33114.66,1,4,0
3058,29,Female,37,Premium,1126.69,29567.2,6,3,0
3059,27,Female,50,Basic,719.5,47348.77,4,13,1
3060,25,Male,41,Standard,743.38,22557.24,9,28,0
3061,41,Female,53,Basic,1537.94,43806.51,2,5,1
3062,45,Female,7,Standard,226.25,29003.18,6,16,1
3063,58,Female,9,Basic,622.04,45765.9,2,16,1
3064,53,Female,4,Basic,390.77,14945.19,5,23,0
3065,54,Male,25,Premium,1894.88,27713.17,3,12,0
3066,38,Male,49,Basic,271.18,19806.47,9,23,0
3067,25,Female,12,Premium,1540.55,3761.92,1,11,1
3068,26,Female,6,Standard,1297.81,28926.16,8,24,0
3069,64,Female,18,Standard,1302.33,39814.31,5,28,0
3070,32,Female,40,Premium,1550.52,28032.08,4,23,0
3071,63,Male,21,Basic,860.93,14327.44,4,29,1
3072,57,Female,15,Standard,861.41,13559.54,7,1,0
3073,35,Male,3,Standard,648.54,12273.01,4,13,0
3074,59,Female,2,Standard,1235.73,48991.77,7,26,0
3075,37,Male,56,Premium,1866.63,20261.37,7,4,1
3076,23,Female,55,Standard,1855.57,16185.05,0,7,0
3077,29,Male,41,Standard,1435.63,21214.17,3,14,1
3078,19,Male,40,Standard,1821.75,6232,8,8,1
3079,24,Male,59,Standard,1930.69,10202.97,1,15,1
3080,33,Female,4,Premium,1610.7,25690.66,3,12,0
3081,20,Male,32,Premium,874.88,40042.93,3,21,0
3082,62,Female,2,Basic,1018.13,43883.12,0,14,0
3083,20,Male,46,Standard,1869.39,43366.25,9,3,0
3084,44,Male,29,Premium,1373.02,47265.17,9,24,0
3085,60,Female,2,Basic,1659.32,6725.69,6,15,0
3086,57,Male,34,Basic,320.62,2528.03,0,11,0
3087,55,Female,27,Standard,468.41,5733.7,4,19,0
3088,50,Female,54,Basic,753.81,30236.74,7,21,0
3089,45,Female,39,Premium,457.66,28027.89,3,11,1
3090,18,Female,44,Basic,1822.28,33724.9,4,14,0
3091,25,Male,38,Basic,512.09,18868.99,9,4,0
3092,54,Male,18,Premium,1158.65,19883.65,2,0,0
3093,49,Female,36,Basic,262.36,27505.97,4,19,0
3094,60,Male,19,Basic,394.43,4413.28,2,25,0
3095,54,Male,27,Basic,570.09,40093.67,3,2,0
3096,21,Female,45,Basic,1967.5,46181.35,2,7,0
3097,47,Male,20,Standard,1614.42,19673.59,4,6,0
3098,23,Female,21,Standard,1379.75,37108.84,1,12,0
3099,63,Male,23,Premium,1840.9,27667.32,8,9,0
3100,36,Male,30,Basic,1916.8,12182.43,2,16,0
3101,49,Female,25,Premium,961.79,3855.99,9,10,1
3102,26,Male,31,Standard,722.61,12672,0,7,1
3103,29,Male,27,Basic,699.1,30442.85,4,22,0
3104,28,Female,34,Basic,167.89,2491.37,3,14,0
3105,63,Male,8,Standard,631.31,41891.44,1,11,1
3106,33,Female,19,Basic,774.59,48530.16,7,17,1
3107,18,Male,41,Basic,170.11,4633.34,8,9,0
3108,62,Female,26,Standard,1776.95,12711.55,5,11,0
3109,38,Female,28,Premium,1710.93,33943.86,7,29,0
3110,47,Female,4,Premium,577.85,40400.98,1,29,0
3111,30,Female,31,Basic,1624.86,17626.71,5,3,0
3112,51,Female,16,Standard,1612.8,26004.3,0,14,0
3113,21,Male,51,Premium,736.52,44642.09,9,17,1
3114,45,Male,10,Premium,1424.43,19527.72,2,24,1
3115,55,Female,38,Basic,650.73,4536.14,6,12,0
3116,48,Male,48,Premium,233.52,49747.26,0,23,0
3117,44,Female,10,Standard,1059.12,9423.87,5,16,1
3118,22,Male,45,Premium,932.82,2914.7,6,0,0
3119,42,Male,9,Standard,362.49,20827.35,2,23,1
3120,20,Female,39,Standard,1032.05,6512.44,7,4,0
3121,50,Female,36,Basic,1903.81,48947.3,7,16,1
3122,21,Male,51,Premium,1489.65,19349.3,4,26,0
3123,42,Male,58,Basic,1503.86,41377.65,1,19,0
3124,37,Female,36,Premium,1539.35,9241.97,1,17,0
3125,51,Male,19,Basic,1514.8,7371.33,4,28,1
3126,43,Male,19,Basic,137.81,32640.01,3,8,0
3127,22,Female,12,Basic,1856.91,45510.85,3,9,0
3128,52,Male,13,Premium,1677.26,6169.55,4,21,0
3129,45,Female,25,Basic,621.7,29668.07,0,26,1
3130,46,Female,36,Standard,1150.21,4704.5,6,24,0
3131,26,Female,25,Premium,1268.51,40702.07,2,16,0
3132,55,Male,28,Standard,350.7,45510.64,9,0,0
3133,23,Male,42,Basic,582.53,31625.32,9,26,0
3134,36,Female,53,Basic,144.18,34572.98,7,3,0
3135,61,Female,39,Standard,1741.51,3244.1,8,17,0
3136,28,Male,30,Basic,147.32,4112.37,7,14,0
3137,19,Male,5,Premium,705.52,9393.69,1,14,1
3138,64,Male,17,Standard,248.67,14054.51,6,0,0
3139,61,Female,18,Premium,1584.67,38112.88,3,21,0
3140,61,Female,43,Premium,1857.47,22053.75,4,23,1
3141,26,Male,47,Premium,1169.35,4373.36,9,0,0
3142,38,Male,21,Basic,365.18,42705.93,4,10,1
3143,41,Male,22,Basic,1160.51,49694.42,8,10,0
3144,51,Female,39,Standard,1563.65,23023.8,1,25,0
3145,39,Female,50,Standard,1464.99,25832.32,1,25,0
3146,20,Male,58,Premium,1509.27,4386.22,2,5,0
3147,29,Male,57,Basic,630.43,19459.36,4,0,1
3148,45,Female,6,Basic,240.1,18904.32,3,13,1
3149,47,Female,50,Basic,383.03,48306.68,9,23,1
3150,43,Male,16,Standard,1915.46,33191.36,9,5,0
3151,38,Male,2,Basic,1265.68,39218.07,8,29,0
3152,45,Male,51,Premium,1483.01,6852.44,2,16,0
3153,43,Female,1,Premium,1808.22,21137.88,0,8,0
3154,50,Male,57,Premium,1720.23,9981.86,4,16,0
3155,38,Female,30,Basic,514.96,43079.35,7,24,0
3156,52,Female,58,Premium,210.31,8042.43,0,13,1
3157,51,Male,43,Premium,1857.74,22224.13,0,18,0
3158,58,Male,52,Standard,1965.17,3155.69,5,7,0
3159,64,Female,37,Standard,1177.95,31897.57,6,23,1
3160,35,Male,48,Basic,1787.96,24355.28,7,22,0
3161,28,Female,23,Basic,540.45,25149.36,7,11,0
3162,40,Male,1,Basic,310.97,5530.14,2,1,0
3163,39,Male,19,Basic,1049.65,25942.07,3,2,0
3164,34,Male,46,Basic,1641.25,28407.28,8,20,1
3165,22,Male,3,Standard,1343.84,48160.58,4,12,0
3166,61,Female,2,Standard,1310.91,2144.52,8,4,1
3167,28,Female,56,Standard,133.17,46174.32,4,17,0
3168,47,Female,37,Premium,703.24,24238.44,4,0,0
3169,32,Male,17,Premium,1885.04,10900.67,8,4,0
3170,44,Female,28,Standard,355.12,33444.53,5,20,0
3171,52,Female,18,Standard,1480.1,26094.08,2,11,1
3172,50,Female,33,Basic,1542.69,11724.37,4,18,0
3173,37,Male,15,Standard,1492.38,31527.93,0,23,0
3174,33,Female,22,Basic,1979.64,23926.48,8,5,0
3175,51,Male,41,Standard,877.5,34606.22,9,1,0
3176,19,Male,27,Basic,1396.17,34609.31,9,1,0
3177,52,Female,55,Standard,467.94,23904.36,6,19,1
3178,57,Male,37,Basic,859.45,19844.41,0,12,0
3179,45,Female,32,Premium,1033.97,3630.59,3,13,0
3180,64,Female,45,Premium,508.17,24945.41,1,5,1
3181,56,Female,19,Basic,1822.94,12534.19,2,11,0
3182,23,Female,28,Basic,1460.78,3135.75,3,24,1
3183,26,Female,28,Premium,639.14,16853.82,1,12,0
3184,37,Male,56,Standard,356.42,4829.72,9,23,0
3185,18,Female,10,Basic,646.95,29197.22,0,7,0
3186,25,Male,20,Standard,1283.67,25431.62,3,13,0
3187,40,Female,25,Premium,1670.18,39725.24,8,17,0
3188,20,Female,21,Premium,1056.02,13747.86,8,29,0
3189,21,Female,14,Basic,294.74,18890.69,8,26,0
3190,42,Male,22,Standard,573.7,34603.04,2,3,0
3191,64,Male,53,Premium,755.77,49650.75,0,5,1
3192,55,Male,26,Standard,1308.66,45256.4,0,29,0
3193,32,Male,44,Premium,568.62,26280.83,2,21,0
3194,38,Female,11,Basic,544.46,34058.39,9,27,0
3195,52,Female,55,Standard,643.78,26830.16,7,25,0
3196,63,Male,7,Standard,1225.81,22022.87,3,5,0
3197,31,Male,17,Basic,1036,30313.74,7,14,0
3198,53,Male,18,Basic,1699.11,19631.71,6,23,0
3199,29,Female,7,Basic,1426.07,14369.32,7,23,0
3200,34,Male,56,Basic,1366.96,35430.86,1,29,0
3201,56,Male,20,Premium,393.84,43662.68,7,12,0
3202,26,Female,38,Standard,204.93,14757.2,8,6,1
3203,52,Male,11,Premium,1069,35491.14,9,12,0
3204,30,Female,44,Basic,236.12,21983.94,5,20,0
3205,32,Female,58,Premium,791.63,15453.21,2,5,0
3206,35,Female,16,Premium,149.61,31244.99,6,5,0
3207,50,Female,51,Standard,435.94,47001.02,8,13,0
3208,23,Female,55,Standard,309.7,17908.73,7,2,0
3209,44,Male,27,Standard,1621.87,38094.23,7,10,0
3210,40,Male,51,Basic,757.64,16077.56,6,12,0
3211,44,Female,11,Basic,249.81,40291.48,4,2,0
3212,51,Female,16,Standard,604.41,38119.24,1,11,1
3213,63,Male,23,Premium,1397.34,38398.82,4,22,0
3214,55,Male,59,Standard,1516.71,49886.55,4,21,0
3215,31,Female,12,Basic,327.74,7455.62,1,20,0
3216,53,Male,59,Premium,1579.28,19747.54,9,26,1
3217,25,Male,40,Basic,804.06,31725.2,0,21,0
3218,52,Female,3,Standard,1390.83,29728.54,4,21,0
3219,36,Male,2,Standard,1375.86,39141.34,5,19,0
3220,47,Male,38,Premium,1607.83,2822.02,6,27,1
3221,31,Male,48,Standard,1424.65,35400.03,1,26,0
3222,37,Male,52,Basic,173.85,37017.34,5,4,1
3223,42,Female,24,Basic,1087.01,3524.51,7,12,0
3224,57,Male,29,Basic,415.74,27164.78,5,22,0
3225,41,Female,47,Premium,1942.93,12627.14,2,26,0
3226,31,Male,46,Basic,586.09,40180.55,2,10,0
3227,43,Female,34,Standard,898.2,2955.87,6,16,0
3228,55,Female,20,Premium,473.73,7735.13,1,27,0
3229,40,Male,18,Basic,355.72,5670.46,2,28,0
3230,39,Female,14,Basic,1241.77,3728.28,6,9,0
3231,36,Female,18,Standard,1037.04,30203.65,8,11,0
3232,63,Female,2,Standard,811.85,43493.07,0,5,0
3233,20,Female,1,Premium,262.3,25793.17,4,4,0
3234,59,Female,20,Basic,1498.32,10923.79,1,21,0
3235,36,Male,34,Basic,111.13,17517.92,4,0,1
3236,26,Female,41,Standard,969.56,18338.13,5,19,0
3237,45,Female,41,Premium,1301.89,22855.95,7,23,0
3238,37,Male,48,Standard,918.35,21316.65,6,19,0
3239,62,Male,11,Standard,339.8,33721.99,4,29,1
3240,24,Female,27,Premium,1578.67,17325.65,4,14,1
3241,31,Male,23,Basic,715.49,33316.79,1,15,0
3242,26,Male,38,Basic,356.04,27565.29,5,28,0
3243,36,Male,44,Basic,1145.51,2901.19,2,9,0
3244,64,Male,3,Premium,136.43,46023.77,5,23,0
3245,31,Male,12,Premium,715.72,9308.89,2,26,0
3246,55,Male,30,Premium,1526.22,22850.68,1,7,0
3247,53,Female,31,Premium,1834.15,47406.06,7,1,0
3248,57,Female,23,Premium,1224.28,12742.99,3,21,1
3249,34,Male,1,Standard,513.46,1597.15,4,6,0
3250,47,Male,41,Basic,518,24757.47,8,22,0
3251,26,Female,20,Premium,1247.36,11584.59,3,0,0
3252,50,Male,54,Basic,872.85,29310.36,0,19,0
3253,42,Female,6,Premium,436.8,40946.85,5,29,0
3254,31,Male,11,Basic,1596.05,25805.39,4,22,1
3255,28,Female,35,Standard,480.46,32428.95,9,5,1
3256,52,Female,4,Basic,711.12,33474.54,2,12,0
3257,58,Male,29,Basic,216.72,41116.46,4,11,0
3258,31,Male,59,Premium,1432.61,34552.38,7,18,0
3259,47,Male,10,Basic,623.03,48820.52,0,25,1
3260,58,Male,51,Standard,542.45,23082.46,3,25,0
3261,21,Female,29,Standard,676.38,2987.79,2,16,0
3262,21,Male,38,Standard,1760.85,20004.33,3,4,0
3263,45,Female,1,Premium,1084.24,42073.96,1,26,0
3264,25,Male,40,Premium,399.98,7086.85,1,23,0
3265,19,Female,8,Premium,1571.51,36929.02,1,14,0
3266,58,Male,57,Premium,496.06,27015.24,2,13,0
3267,63,Male,38,Premium,883.7,45082.97,8,2,0
3268,39,Female,17,Standard,1179.34,36693.89,4,4,0
3269,58,Male,19,Basic,1210.44,33195.94,3,24,0
3270,33,Male,33,Standard,231.16,44400.46,3,13,1
3271,46,Male,15,Premium,1689.93,45456.89,2,7,0
3272,47,Male,45,Standard,1010.92,19553.38,8,10,0
3273,29,Male,31,Basic,1979.6,46428.44,9,24,0
3274,52,Female,21,Premium,1463.14,3207.55,0,14,1
3275,28,Male,3,Standard,1985.88,38247.05,5,12,1
3276,63,Female,2,Standard,961.6,17158.28,3,4,0
3277,38,Male,35,Basic,367.48,24626.15,7,12,0
3278,38,Male,41,Premium,1481.89,41869.62,6,2,0
3279,22,Female,59,Premium,1577.74,32033.42,2,12,1
3280,37,Female,16,Basic,1720.39,23145.81,4,10,1
3281,54,Female,56,Basic,672.75,8614.7,3,8,0
3282,20,Female,45,Basic,1070.3,46993.61,3,3,1
3283,61,Female,51,Basic,1729.26,16957.64,9,16,0
3284,50,Male,59,Premium,1743,5507.5,7,14,0
3285,26,Female,50,Premium,148.8,28425.26,8,26,1
3286,26,Female,21,Standard,1374.74,20610.85,3,17,0
3287,21,Male,12,Standard,1243.21,29730.3,1,15,1
3288,52,Male,28,Standard,258.34,12059.73,0,23,1
3289,34,Female,12,Premium,1867.26,19247.08,9,1,0
3290,51,Female,33,Premium,946.21,48639.16,3,5,0
3291,41,Female,20,Premium,1381.09,46858.54,7,11,0
3292,49,Male,40,Standard,1777.32,43286.9,4,4,0
3293,18,Female,49,Basic,347.23,39066.48,1,24,1
3294,25,Male,21,Basic,1726.1,8249.71,3,23,0
3295,62,Male,52,Basic,1476.18,23613.06,3,16,1
3296,40,Male,54,Basic,1695.23,36531.19,9,18,1
3297,64,Male,39,Basic,1040.19,13457.49,4,29,1
3298,57,Female,41,Premium,163.62,2137.17,1,11,1
3299,29,Male,49,Standard,1373.98,21195.9,6,4,0
3300,29,Male,59,Basic,811.61,21544.5,4,27,0
3301,63,Female,42,Basic,864.59,3722.46,3,23,1
3302,64,Male,36,Basic,938.4,16370.47,7,6,0
3303,32,Female,22,Premium,1036.53,45906.35,1,1,1
3304,58,Male,26,Basic,1357.68,12889.69,0,29,0
3305,36,Female,7,Standard,1480.87,28673.41,5,11,0
3306,43,Male,7,Premium,1576,24650.16,9,22,0
3307,46,Male,8,Premium,1376.05,43175.23,9,4,1
3308,39,Female,26,Premium,1626.61,32850.74,7,21,0
3309,57,Male,24,Basic,332.08,8342.26,6,7,0
3310,38,Male,24,Basic,1689.95,7572,8,4,0
3311,55,Female,40,Basic,835.83,28095.62,0,15,0
3312,37,Male,48,Basic,1104.68,2800.08,2,8,0
3313,46,Male,12,Standard,924.18,19979.78,8,0,0
3314,21,Female,47,Premium,1003.86,20251.05,4,4,1
3315,24,Female,8,Basic,642.31,10218.49,5,0,1
3316,45,Female,54,Standard,422.91,15400.1,6,16,0
3317,45,Female,9,Premium,299.3,16832.44,2,0,0
3318,21,Female,3,Premium,957.66,1082.05,6,14,0
3319,39,Male,54,Premium,338,40391.62,2,4,0
3320,29,Female,21,Basic,565.48,47893.59,5,8,0
3321,62,Male,31,Premium,353.87,14818.69,7,17,0
3322,20,Female,48,Basic,307.33,6043.29,6,5,0
3323,39,Male,47,Standard,1776.68,47700.83,4,20,0
3324,61,Male,24,Premium,1380.65,37157.28,5,11,0
3325,19,Female,4,Standard,1855.14,44611.55,3,13,0
3326,41,Male,20,Basic,1323.62,18363.37,1,6,1
3327,51,Male,16,Basic,1703.51,24461.08,6,6,1
3328,44,Female,10,Basic,1155.07,46546.87,3,18,0
3329,58,Female,43,Premium,979,23247.85,5,5,0
3330,18,Female,26,Premium,1104.11,33768.72,9,2,0
3331,25,Female,29,Standard,708.43,35387.54,1,15,0
3332,40,Male,5,Basic,1350.15,41937.14,1,15,0
3333,55,Male,11,Standard,1804.63,48771.36,5,17,0
3334,23,Male,29,Basic,1586.47,17077.52,7,4,0
3335,39,Male,45,Basic,977.8,12748.82,0,19,0
3336,42,Male,15,Standard,1912.45,4346.44,9,28,0
3337,35,Male,6,Basic,1972.3,42898.61,6,3,1
3338,34,Female,48,Standard,1036.89,14987.65,5,15,1
3339,29,Male,15,Premium,1742.82,2955.83,4,3,1
3340,23,Male,43,Standard,109.06,43330.89,9,23,0
3341,43,Male,20,Standard,226.65,25740.52,7,12,0
3342,44,Female,34,Basic,142.54,41996.5,0,13,0
3343,25,Female,2,Standard,1569.01,27946.86,4,16,0
3344,36,Female,44,Premium,251.58,16029.62,5,2,1
3345,59,Female,16,Premium,132.4,6924.19,3,24,0
3346,18,Male,19,Premium,380.1,22139.49,9,2,0
3347,46,Male,34,Premium,681.96,1814.18,9,16,0
3348,62,Male,49,Standard,982.93,30321.74,1,12,1
3349,52,Female,14,Premium,224.27,21669.4,7,20,0
3350,57,Male,24,Standard,1048.07,7505.42,4,19,1
3351,31,Male,28,Standard,571.32,26746.61,9,9,0
3352,52,Male,48,Basic,621.31,40145.08,5,28,1
3353,62,Female,32,Standard,1661.61,48752.61,8,23,0
3354,37,Female,37,Standard,1975.15,26604.25,1,26,0
3355,30,Female,10,Basic,981.34,6912.77,4,11,0
3356,55,Male,49,Premium,711.36,40629.96,0,26,0
3357,63,Male,45,Premium,1869.75,34941.54,2,8,0
3358,25,Male,48,Standard,1050.85,47721.58,5,25,0
3359,60,Male,9,Basic,1487.67,26993.04,7,20,1
3360,37,Female,24,Standard,886.11,18176.64,4,0,1
3361,50,Male,36,Standard,484.84,48160.59,3,3,0
3362,43,Female,56,Premium,1344.28,27153.01,4,18,0
3363,56,Male,29,Basic,1363.2,1287.33,3,5,0
3364,38,Female,29,Standard,974.35,23946.62,1,14,0
3365,59,Male,58,Premium,612.9,617.71,0,17,1
3366,60,Male,48,Standard,1680.45,37016.54,7,4,0
3367,58,Female,23,Premium,623.1,28514.28,0,7,0
3368,26,Female,27,Basic,1352.15,5935.16,1,10,0
3369,41,Male,31,Standard,829.57,40744.06,4,4,0
3370,54,Male,43,Basic,997.71,27053.64,7,20,0
3371,58,Male,7,Premium,501.67,6145.99,9,7,0
3372,34,Female,49,Basic,1334.01,8420.54,2,10,0
3373,41,Male,54,Basic,529.07,41194.14,8,20,0
3374,38,Female,45,Basic,1022.86,18096.6,5,19,1
3375,56,Male,4,Standard,724.07,41144.26,2,9,0
3376,58,Male,14,Premium,1930.85,3940.42,9,8,1
3377,56,Male,42,Basic,1966.22,12571.02,6,1,0
3378,30,Male,42,Standard,1531.63,38346.84,6,16,0
3379,28,Female,10,Premium,1969.44,32264.25,6,3,0
3380,63,Female,59,Premium,315.75,15687.81,3,25,0
3381,36,Male,44,Premium,1985.42,46833.31,5,11,0
3382,28,Male,34,Basic,296.76,10947.78,2,18,0
3383,30,Male,26,Basic,889.36,42564.09,3,24,0
3384,63,Female,23,Basic,554,34939.32,2,18,0
3385,62,Male,9,Premium,1912.31,6495.3,2,18,0
3386,18,Female,37,Premium,1308,27978.22,0,25,0
3387,57,Female,8,Basic,1234.54,46530.43,4,28,0
3388,61,Female,53,Basic,1995.13,31135.35,2,6,1
3389,36,Female,14,Premium,1263.61,26675.97,0,12,1
3390,29,Male,7,Premium,1327.7,18633,8,27,1
3391,25,Male,7,Standard,185.07,39545.01,3,1,0
3392,25,Female,9,Standard,1732.2,45696.43,8,26,0
3393,62,Male,3,Basic,1943.17,37789.18,1,7,1
3394,29,Male,14,Premium,1924.59,36399.84,1,5,0
3395,50,Male,17,Premium,520.1,10028.27,3,27,0
3396,62,Female,50,Standard,529.24,41782.32,3,10,0
3397,43,Male,44,Premium,795.49,2514.44,4,27,0
3398,56,Male,22,Basic,689.4,37989.39,0,29,1
3399,45,Male,46,Standard,680.67,10938.07,4,8,0
3400,22,Male,26,Premium,1249.91,24619.43,9,7,0
3401,25,Male,58,Premium,1630.66,34914.08,1,19,1
3402,42,Male,28,Basic,1879.86,38074.38,4,23,0
3403,44,Male,45,Premium,228.93,44460.16,9,19,0
3404,63,Male,14,Standard,628.16,14488.31,9,26,1
3405,40,Male,9,Standard,584.53,11603.85,5,14,0
3406,47,Male,51,Premium,779.14,49814.19,2,20,0
3407,62,Female,26,Premium,906.24,10774.13,3,26,0
3408,64,Male,2,Premium,839.43,33441.3,4,25,0
3409,40,Female,11,Premium,1909.08,47660.86,5,10,0
3410,64,Male,17,Standard,930.55,44879.52,8,14,0
3411,37,Female,34,Basic,1148.03,22441.54,8,22,0
3412,35,Female,19,Standard,1522.4,32060.29,5,21,0
3413,35,Male,39,Premium,1477.66,26690.27,0,4,0
3414,19,Female,18,Premium,1207.63,17659.45,5,15,0
3415,21,Female,13,Standard,1735.58,7648.89,9,1,0
3416,47,Female,5,Standard,1285.94,40268.01,2,29,0
3417,50,Male,50,Premium,1762.04,4976.86,4,14,0
3418,53,Female,23,Standard,675.25,30676.56,4,4,0
3419,35,Female,58,Premium,350.84,29921.27,9,14,0
3420,54,Male,56,Standard,1657.09,17073.8,3,25,0
3421,36,Female,24,Premium,826.78,7202.72,2,22,0
3422,64,Female,29,Standard,1337.06,40082.04,0,10,0
3423,45,Female,48,Premium,1500.89,23365.26,6,28,1
3424,57,Male,47,Basic,720.75,36401.01,7,5,0
3425,37,Female,8,Basic,1059.81,1316.05,4,5,1
3426,50,Male,26,Standard,1800.36,4187.91,7,4,1
3427,29,Female,15,Basic,1771.61,9204.46,3,29,0
3428,32,Female,57,Premium,1523.78,6134.99,7,29,0
3429,58,Female,1,Standard,1549.21,9989.49,2,24,1
3430,56,Female,28,Standard,1805.6,34481.16,7,0,1
3431,19,Male,49,Premium,1499.03,2826.36,5,19,1
3432,46,Female,47,Premium,745.21,2374.35,8,6,0
3433,58,Male,46,Premium,329.49,2066.78,4,15,0
3434,27,Female,14,Standard,901.58,35033.63,0,16,0
3435,19,Male,42,Premium,265.95,27038.71,7,28,0
3436,28,Female,34,Basic,319.96,18827,2,27,0
3437,30,Female,59,Standard,1905.33,33942.59,4,26,0
3438,27,Male,31,Premium,1384.19,27903.41,1,14,0
3439,31,Male,6,Standard,1718.06,863.07,6,19,1
3440,35,Male,49,Basic,1321.51,42008.21,4,21,0
3441,26,Male,5,Basic,895.23,17834.13,6,9,0
3442,56,Female,31,Premium,147.8,20278.28,6,7,0
3443,45,Male,37,Standard,1916.09,39223.35,4,22,0
3444,20,Male,15,Premium,234.77,9761,4,27,0
3445,37,Male,15,Standard,1259.31,998.56,8,8,0
3446,23,Female,52,Premium,294.19,45487.5,2,22,1
3447,44,Female,43,Premium,639.88,25521.17,7,18,0
3448,19,Female,5,Standard,453.05,17801.59,0,9,0
3449,46,Female,28,Standard,1152.06,41042.76,3,19,0
3450,55,Male,33,Basic,1785.44,1801.6,1,2,1
3451,20,Female,11,Basic,1307.68,10513.4,2,24,0
3452,33,Male,43,Standard,1361.96,8186.76,5,10,0
3453,47,Female,6,Basic,1826.97,37022.62,3,10,1
3454,57,Male,23,Basic,1523.91,15948.29,0,7,0
3455,19,Male,40,Standard,1745.32,38758.88,4,9,0
3456,34,Male,2,Standard,891.14,2553.08,2,28,1
3457,58,Male,15,Standard,1744.18,30601.72,1,8,0
3458,29,Male,23,Premium,1327.14,16251.93,3,9,1
3459,52,Female,22,Standard,357.65,9752.54,3,9,1
3460,60,Male,9,Standard,173.55,40929.87,2,17,0
3461,18,Male,47,Standard,563.67,20906.38,4,4,0
3462,62,Male,40,Basic,818.86,28795.67,4,4,0
3463,32,Male,30,Standard,1691.38,2137.65,7,6,0
3464,43,Female,16,Basic,1508.36,39685.41,9,19,0
3465,54,Female,59,Premium,1915.21,14700.69,6,19,0
3466,38,Male,46,Standard,1162.43,34823.6,8,7,1
3467,48,Male,47,Standard,1520.71,38143.49,6,16,1
3468,42,Male,52,Basic,623.04,6297.25,1,5,0
3469,40,Male,30,Premium,1391.2,15147.08,2,24,0
3470,41,Female,45,Standard,1441.69,36310.28,5,12,0
3471,55,Female,9,Premium,1711.99,11992.79,0,12,0
3472,45,Male,1,Premium,1119.17,42484.61,7,12,0
3473,38,Male,59,Standard,1333.11,15942.69,6,15,1
3474,60,Male,38,Premium,485.79,20415.35,5,1,0
3475,35,Male,8,Premium,1499.84,5437.3,4,4,0
3476,53,Male,59,Standard,1692.98,7809.92,9,9,0
3477,52,Female,59,Basic,1228.1,14133.37,4,9,0
3478,62,Female,52,Standard,319.78,2920.99,7,24,0
3479,26,Male,18,Premium,694.43,10055.1,7,10,1
3480,55,Female,27,Standard,1003.48,20742.68,2,27,0
3481,47,Female,18,Basic,1386.61,19308.13,8,19,0
3482,61,Female,32,Premium,708.62,10335.37,2,24,0
3483,51,Male,58,Premium,1696.55,4482.31,9,23,0
3484,49,Female,49,Basic,806.4,16248.32,7,8,0
3485,20,Female,32,Basic,181.39,37394.66,6,12,0
3486,20,Male,53,Premium,1608.59,25749.93,8,12,0
3487,45,Female,48,Basic,1324.02,47366.8,8,28,0
3488,61,Male,45,Standard,1623.72,7424.37,0,1,1
3489,32,Female,54,Basic,762.89,10762.24,0,25,0
3490,58,Male,36,Standard,133.5,14374.83,2,4,1
3491,40,Male,36,Premium,240.13,1143.59,6,25,1
3492,57,Female,21,Premium,312.42,47197.33,2,24,0
3493,28,Female,46,Premium,1629.78,22545.51,2,4,1
3494,49,Male,32,Premium,672.73,24341.65,3,11,1
3495,53,Male,31,Premium,1996.01,8313.94,7,19,0
3496,50,Female,37,Basic,1540.94,43698.54,0,7,1
3497,41,Female,16,Basic,1242.19,34785.3,3,5,0
3498,56,Female,46,Premium,1968.88,21852.37,3,17,0
3499,51,Female,46,Basic,700.99,43959.59,7,7,0
3500,45,Male,14,Basic,414.67,45320.16,6,27,1
3501,54,Male,57,Premium,1500.82,2949.29,3,20,0
3502,24,Male,24,Basic,628.36,6406.57,7,22,1
3503,21,Female,25,Premium,1925.97,1867.6,2,19,0
3504,54,Female,46,Premium,1977.33,29295.65,9,24,0
3505,18,Male,51,Premium,1860.17,11288.22,6,1,0
3506,18,Male,35,Premium,1895.05,42323.94,8,27,1
3507,64,Male,17,Basic,1269.74,23562.74,5,9,0
3508,37,Male,46,Basic,1415.03,41966.63,3,24,0
3509,36,Male,42,Standard,279.07,28002.46,3,19,1
3510,46,Male,45,Standard,1549.8,39910.31,0,5,1
3511,27,Female,54,Premium,483.92,18906.82,5,4,0
3512,35,Male,4,Standard,1696.62,47297,2,15,0
3513,45,Male,11,Basic,1926.91,33524.36,2,2,0
3514,52,Male,47,Basic,503.52,29976.78,0,22,1
3515,60,Male,15,Standard,248.26,17941.66,6,3,1
3516,64,Male,30,Standard,1019.39,46890.61,8,0,1
3517,48,Male,24,Basic,1603.94,17217.85,2,13,0
3518,44,Male,2,Standard,1564.22,41875.04,6,13,0
3519,28,Female,43,Basic,1423.96,20513.26,8,23,0
3520,55,Male,34,Basic,1659.32,38475.61,2,18,1
3521,22,Female,23,Standard,432.48,45637.96,8,5,1
3522,25,Female,31,Standard,1338.68,23547.55,1,11,0
3523,51,Female,37,Premium,1250.79,26543.69,2,17,0
3524,29,Male,13,Premium,391.52,16851.97,3,8,0
3525,55,Male,33,Premium,887.41,3207.44,6,19,1
3526,18,Male,7,Premium,1719.81,32797.82,8,22,0
3527,48,Male,32,Premium,1946.42,6422.3,0,24,0
3528,21,Male,7,Basic,1364.32,18025.92,8,12,0
3529,62,Male,42,Standard,1851.69,17799.95,9,26,0
3530,22,Male,38,Basic,350.89,7974.69,4,18,1
3531,47,Male,52,Premium,1952.61,33502.16,3,12,1
3532,41,Male,44,Premium,163.66,9142.67,5,18,0
3533,20,Male,13,Standard,1101.79,39027.65,9,18,0
3534,28,Female,24,Basic,652.92,12839.31,4,29,1
3535,62,Male,28,Premium,1646.43,14720.73,4,20,0
3536,21,Male,32,Premium,513.33,17514.55,4,9,1
3537,43,Male,43,Premium,121.91,8061.25,7,5,0
3538,44,Female,18,Premium,887.76,21996.09,9,2,1
3539,63,Male,34,Basic,221.81,4476.09,7,25,0
3540,60,Male,48,Basic,651.18,21642.25,9,15,0
3541,44,Female,34,Premium,1323.12,17325.65,3,8,1
3542,59,Male,51,Basic,659.94,17244.14,8,16,0
3543,23,Female,38,Premium,567.01,33203.38,7,22,0
3544,32,Female,1,Standard,395.44,38566.63,5,26,0
3545,47,Female,43,Standard,356.83,18121.93,1,8,0
3546,59,Female,50,Standard,1099.13,13469.73,8,4,0
3547,54,Male,42,Basic,1394.86,24970.3,5,18,0
3548,54,Female,31,Premium,960.19,39492.09,7,28,0
3549,59,Female,50,Standard,334.85,32406.36,5,14,0
3550,54,Male,1,Standard,1330.74,2381.07,4,9,1
3551,52,Male,51,Basic,1158.53,24256.51,6,3,0
3552,40,Male,16,Basic,824.42,49552.77,3,23,0
3553,23,Female,58,Standard,727.09,17979.81,9,11,0
3554,21,Male,39,Premium,447.99,22315.48,2,13,0
3555,35,Female,15,Premium,377.97,14726.63,6,14,1
3556,26,Female,33,Premium,743.67,25135.89,1,18,0
3557,46,Male,23,Standard,179.1,8465.61,9,4,0
3558,30,Male,53,Basic,929.59,12727.18,2,11,0
3559,64,Male,41,Premium,1242.99,35730.95,0,2,0
3560,34,Male,34,Standard,1889.14,7345.2,0,14,1
3561,62,Male,17,Standard,1289.07,46344.12,1,29,1
3562,49,Male,25,Basic,1285.74,15744.04,0,14,0
3563,39,Female,56,Premium,811.39,28963.74,1,11,0
3564,21,Female,42,Standard,353.3,16430.62,0,14,0
3565,22,Male,6,Premium,949.18,24162.52,2,5,1
3566,54,Female,31,Premium,1237.49,45238.17,8,27,0
3567,58,Female,5,Premium,1475.66,3894.58,8,16,0
3568,30,Female,40,Standard,1669.56,42888.96,7,22,1
3569,51,Female,40,Premium,586.26,28099.9,8,14,0
3570,62,Female,30,Basic,558.32,33421.03,3,14,0
3571,39,Female,5,Standard,1174.07,3266.41,7,10,1
3572,40,Male,12,Standard,1175.43,38189.26,4,29,0
3573,20,Male,7,Premium,514.1,6825.03,3,21,0
3574,59,Male,45,Premium,1216.2,48258.65,3,11,0
3575,51,Female,13,Premium,757.17,40064.72,1,21,1
3576,49,Male,49,Standard,1314.7,24896.96,9,18,0
3577,62,Male,4,Basic,652.98,46246.26,8,0,1
3578,38,Male,50,Basic,1225.35,8869.13,8,15,1
3579,63,Female,42,Standard,1559.79,49587.37,0,10,0
3580,61,Male,3,Basic,1962.3,35982.54,3,0,0
3581,38,Female,12,Premium,1831.03,5369.71,8,22,0
3582,61,Male,1,Standard,1056.72,27061.28,3,3,0
3583,28,Male,27,Basic,1027.86,35688.38,1,29,1
3584,56,Male,43,Standard,931.63,30844.6,1,5,1
3585,21,Female,50,Basic,152.73,21485.5,9,3,0
3586,18,Female,13,Standard,415.31,12783.07,8,23,1
3587,45,Female,17,Basic,212.46,12292.36,3,27,1
3588,41,Female,8,Standard,1423.07,46384.04,0,24,0
3589,52,Female,32,Standard,885.15,12119.67,0,1,0
3590,30,Male,20,Standard,221.16,48139.05,0,16,0
3591,64,Male,51,Standard,1412.09,10906.18,7,0,1
3592,51,Female,17,Standard,1324.43,19522.05,0,29,0
3593,28,Female,34,Premium,1467.93,1110.01,4,12,0
3594,53,Male,35,Standard,1239.68,45205.63,8,11,1
3595,34,Female,35,Standard,406.93,5665.41,3,27,0
3596,52,Male,38,Standard,216.65,18187.8,8,22,1
3597,35,Female,42,Basic,1652.57,42204.65,4,28,0
3598,57,Male,24,Standard,510.04,39698.95,8,29,1
3599,39,Female,54,Premium,1130.81,42154.3,1,1,0
3600,41,Female,18,Standard,1021.91,45748.33,7,18,1
3601,36,Male,50,Basic,1850,45598,6,11,0
3602,54,Male,46,Basic,1149.64,38639.71,6,3,1
3603,56,Female,48,Standard,1202.03,29329.97,2,24,1
3604,38,Female,39,Standard,707.06,28296.69,9,25,0
3605,25,Male,33,Standard,1921.52,1139.52,1,17,1
3606,45,Female,49,Standard,1263.51,36267.23,9,29,1
3607,22,Male,23,Basic,109.46,11720.5,0,25,0
3608,34,Male,25,Standard,1156.56,41520.52,0,1,0
3609,54,Female,37,Basic,791.34,27913.3,6,28,1
3610,53,Male,27,Basic,161.01,49368.77,8,0,0
3611,36,Male,1,Premium,919.94,10908.54,0,23,1
3612,44,Female,21,Basic,1569.78,36311.54,9,29,0
3613,51,Male,59,Standard,1057.2,27602.92,3,12,1
3614,28,Male,49,Standard,1314.97,46624.44,1,23,0
3615,62,Male,10,Standard,1315.51,13666.69,7,4,0
3616,64,Male,31,Standard,1374.94,3442.16,8,18,1
3617,29,Female,44,Premium,836.43,27421.35,2,0,0
3618,38,Male,25,Premium,803.01,26319.84,2,1,0
3619,28,Female,20,Premium,108.71,15929.51,6,13,1
3620,56,Male,57,Premium,393.02,49333.62,8,8,0
3621,45,Female,2,Basic,1906.54,3950.72,6,7,0
3622,22,Male,55,Premium,1700.59,28691.24,6,25,0
3623,34,Female,48,Basic,622.71,13380.74,1,10,0
3624,37,Male,15,Standard,862.26,594.64,0,3,1
3625,58,Male,28,Basic,1885.85,49398.53,1,28,1
3626,63,Male,13,Basic,575.84,24339.84,5,2,0
3627,29,Male,50,Premium,1111.81,42930.93,9,4,0
3628,23,Female,52,Standard,141.95,42083.33,7,23,1
3629,34,Female,54,Standard,1277.5,40707.78,7,13,0
3630,36,Male,14,Premium,1867.14,23221.35,5,9,0
3631,43,Female,50,Basic,1781.01,44848.35,1,5,0
3632,61,Male,2,Premium,1053.74,18679.98,8,9,0
3633,61,Male,34,Basic,1334.32,20715.15,9,10,1
3634,49,Female,35,Premium,1182.62,13157.41,3,19,1
3635,23,Female,37,Premium,227.25,22680.21,4,7,0
3636,53,Female,25,Standard,401.57,49331.76,0,3,0
3637,55,Male,48,Standard,1931.25,28875.41,8,20,0
3638,28,Male,54,Standard,586.34,41639.34,9,17,0
3639,50,Female,15,Premium,830.45,13535.47,0,25,0
3640,41,Male,12,Standard,1066.99,47818.07,6,19,0
3641,40,Female,9,Standard,1960.35,1152.07,8,25,1
3642,32,Female,58,Premium,1410.99,46547.14,2,13,1
3643,44,Female,31,Standard,1296.24,44951.19,1,25,0
3644,28,Female,14,Basic,1096.36,3834.13,9,2,0
3645,34,Female,29,Standard,1431.28,30439.91,7,11,1
3646,31,Female,53,Basic,1361.63,39369.58,3,14,0
3647,44,Male,48,Standard,1815.4,20488.49,0,27,0
3648,35,Male,43,Premium,1129.49,5046.94,7,23,0
3649,45,Female,38,Premium,900.85,41555.3,5,7,0
3650,64,Female,42,Standard,1633.61,23591.67,5,13,0
3651,64,Female,8,Basic,1619.59,13530.88,3,22,1
3652,21,Male,48,Standard,422.69,4007.34,5,5,0
3653,24,Female,3,Premium,549.9,32188.51,1,24,0
3654,62,Female,2,Standard,1921.41,2593.94,5,13,0
3655,52,Female,16,Premium,943.81,39659.15,1,3,0
3656,26,Male,19,Basic,1087.36,38652.22,5,19,0
3657,25,Female,30,Basic,689.3,16485.66,8,5,1
3658,62,Male,41,Premium,1014.03,23878.22,6,15,0
3659,34,Male,16,Basic,1512.38,33626.37,3,16,1
3660,34,Female,31,Premium,1016.46,47976.63,0,1,1
3661,50,Male,54,Premium,698.09,26247.48,8,17,1
3662,49,Male,58,Premium,282.4,49835.65,0,12,0
3663,25,Male,28,Standard,1863.7,16592.74,4,25,0
3664,36,Female,4,Basic,1756.15,26561.35,6,19,0
3665,55,Male,10,Standard,1603.59,6222.97,9,15,0
3666,20,Female,51,Standard,1418.73,28043.76,9,20,0
3667,22,Female,45,Basic,1079.47,27047.51,5,12,1
3668,30,Female,18,Standard,1805.05,42516.29,2,13,1
3669,64,Male,47,Premium,1604.23,49829.3,7,29,0
3670,63,Female,32,Standard,1650.42,49315.82,6,17,1
3671,48,Male,30,Premium,688.15,12196.91,8,7,0
3672,33,Male,36,Basic,904.57,17253.05,0,4,0
3673,49,Male,9,Standard,1442.92,14095.52,7,23,0
3674,39,Male,36,Basic,805.02,10384.14,3,8,0
3675,46,Female,29,Premium,1038.55,7931.73,6,14,0
3676,39,Female,16,Standard,1328.37,25831.33,6,28,0
3677,60,Male,28,Premium,931.74,43688.69,3,26,0
3678,20,Female,21,Premium,1606.78,29698.44,7,8,0
3679,27,Female,47,Premium,320.93,43696.85,0,19,0
3680,59,Female,56,Basic,1464.31,47994.98,4,9,0
3681,38,Male,2,Basic,375.9,19465.5,3,17,0
3682,33,Female,59,Basic,1881.9,41865.56,3,13,0
3683,29,Male,46,Standard,696.67,3090.59,2,26,0
3684,19,Female,35,Premium,1611.32,24313.12,0,17,0
3685,58,Male,54,Basic,1090.69,18730.68,4,15,0
3686,41,Male,28,Premium,273.07,10640.17,7,27,0
3687,52,Male,55,Basic,1206.92,22200.44,9,4,1
3688,47,Female,36,Premium,1833.14,22463.28,5,9,0
3689,47,Male,31,Basic,398.75,40522.71,0,19,0
3690,64,Female,33,Basic,710.48,43511.47,4,5,0
3691,52,Male,23,Basic,934.4,33019.05,5,8,0
3692,36,Female,41,Basic,622.6,31852.71,8,22,1
3693,25,Male,17,Premium,1893.18,5954.03,8,15,0
3694,43,Female,46,Basic,817.25,28975.46,4,27,0
3695,57,Male,49,Basic,1350.32,14085.02,2,29,0
3696,24,Male,1,Basic,525.44,15090.76,5,10,0
3697,47,Male,42,Premium,517.44,5191.35,7,19,1
3698,24,Female,23,Basic,434.11,31975.47,4,22,0
3699,20,Male,48,Premium,926.14,29398.52,7,17,0
3700,18,Male,27,Standard,1112.43,11403.49,0,4,0
3701,53,Male,25,Premium,120.42,13520.33,7,27,0
3702,42,Male,32,Standard,1682.55,38763.56,1,26,0
3703,54,Female,19,Basic,1074.23,39750.2,6,8,0
3704,18,Male,24,Basic,398.7,24907.69,1,10,0
3705,32,Male,57,Premium,227.86,7875.63,2,29,0
3706,54,Female,3,Basic,220.08,3251.82,4,8,0
3707,30,Female,12,Basic,589.52,13937.71,9,3,1
3708,57,Female,35,Premium,1048.66,36693.7,6,7,0
3709,25,Male,15,Basic,1734.46,30240.42,8,4,0
3710,22,Female,17,Standard,1815.63,36046.29,4,2,0
3711,26,Female,50,Standard,1681.42,23851.53,0,28,0
3712,18,Female,32,Basic,724.27,37857.94,2,21,1
3713,53,Male,7,Basic,682.46,24299.89,4,3,0
3714,52,Male,19,Standard,1976.17,4658.73,2,28,0
3715,19,Male,7,Basic,1394.43,4452.99,7,15,1
3716,57,Female,5,Standard,679.41,41659.38,7,12,0
3717,40,Male,58,Premium,725.25,31666.4,0,2,1
3718,26,Female,40,Standard,925.82,14316.79,7,3,0
3719,51,Female,21,Basic,1281.43,37980.18,3,28,0
3720,63,Female,48,Basic,1806.16,7218.9,5,0,0
3721,31,Male,48,Standard,476.78,32439.55,9,25,1
3722,21,Female,51,Standard,260.37,49479.55,7,7,0
3723,47,Female,57,Basic,870.93,7925.97,1,8,0
3724,48,Male,47,Basic,566.37,7526.27,7,21,0
3725,55,Female,7,Basic,1194.46,23657.8,6,4,0
3726,28,Female,37,Premium,1428.51,32311.74,3,11,0
3727,52,Female,23,Premium,690.4,1814.04,4,8,0
3728,25,Male,11,Standard,1402.36,25233.71,5,3,0
3729,20,Female,10,Standard,751.98,4616.93,2,29,0
3730,31,Male,57,Premium,1306.44,12445.53,1,16,0
3731,30,Male,21,Premium,1302.82,35763.68,1,11,0
3732,62,Female,55,Standard,628.5,37073.81,3,12,0
3733,49,Female,59,Premium,1307.87,36621.76,6,10,0
3734,51,Female,41,Standard,823.81,3724.74,0,22,0
3735,62,Female,33,Basic,739.26,39444.77,0,16,0
3736,36,Male,20,Standard,649.65,21894.25,3,29,0
3737,55,Male,33,Premium,756.73,24027.82,8,14,1
3738,33,Female,40,Premium,1594.82,21274.68,4,27,0
3739,19,Male,35,Premium,565.84,42922.61,0,8,0
3740,57,Female,34,Standard,1395.78,34158.53,2,3,1
3741,34,Female,36,Premium,1811.18,25251.28,5,11,0
3742,51,Female,27,Standard,765.81,41797.21,2,2,0
3743,59,Female,19,Basic,156.07,40365.49,5,19,1
3744,33,Male,43,Basic,146.75,749.69,5,16,0
3745,55,Male,5,Premium,365.06,24204.56,4,21,1
3746,19,Female,29,Standard,309.09,2591.18,9,6,0
3747,19,Female,56,Standard,1521.36,15705.73,4,6,1
3748,43,Male,10,Premium,660.22,40289.95,8,20,0
3749,30,Male,56,Standard,1339.77,47230.59,2,29,1
3750,64,Male,59,Premium,180.67,12482.3,9,25,0
3751,48,Female,55,Premium,661.91,1560.54,6,11,0
3752,51,Male,40,Basic,544.88,20415.65,3,25,1
3753,56,Female,13,Premium,626.07,17088.38,1,20,0
3754,20,Female,29,Standard,462.36,34009.83,9,21,1
3755,25,Male,5,Premium,1274.04,25005.35,2,9,0
3756,40,Female,58,Basic,1359.08,20242.94,2,27,1
3757,31,Male,58,Basic,382.08,11863,2,7,0
3758,44,Female,59,Standard,1508.18,41509.78,2,8,1
3759,46,Female,12,Premium,575.09,12795.27,9,13,0
3760,56,Female,59,Standard,637.55,3209.38,5,5,0
3761,56,Female,13,Standard,1674.74,28448.22,5,18,0
3762,18,Female,22,Premium,1812.22,16208.76,8,21,1
3763,34,Female,40,Basic,1667.04,35765.54,7,14,1
3764,58,Male,15,Standard,380.75,4503.15,9,19,0
3765,47,Male,13,Standard,1998.61,48332.22,6,19,0
3766,30,Female,1,Basic,1377.1,9749.47,1,26,0
3767,38,Male,54,Premium,1070.27,18174.32,9,26,0
3768,36,Female,38,Premium,1914.2,24307.27,1,6,0
3769,36,Male,43,Premium,1653.02,44560.82,0,21,0
3770,42,Male,45,Basic,1414.31,36265.77,6,23,0
3771,39,Female,53,Standard,1692.95,7669.01,6,26,0
3772,48,Male,52,Basic,832.39,22211.37,0,7,0
3773,34,Female,1,Standard,1400.43,27374.14,5,2,0
3774,40,Male,11,Standard,462.1,35255.22,6,10,0
3775,49,Female,58,Premium,1977.2,28804.81,0,3,0
3776,27,Male,43,Premium,1219.07,23138.08,5,1,1
3777,27,Female,40,Premium,1647.05,38394.61,9,0,0
3778,53,Male,22,Basic,873.95,19213.85,8,6,0
3779,25,Female,35,Premium,1541.32,49365.05,0,23,1
3780,37,Male,51,Basic,836.03,47415.23,1,11,0
3781,49,Female,44,Premium,1221.01,35515.33,1,7,1
3782,31,Male,6,Premium,1578.46,44189.29,9,12,1
3783,45,Female,28,Premium,321.3,19962.19,2,5,0
3784,63,Male,31,Basic,777.89,29282.78,3,6,1
3785,41,Female,55,Standard,1135.38,13996.43,6,23,0
3786,32,Female,8,Basic,734.6,44339.15,2,19,0
3787,39,Female,5,Basic,687.42,23815.74,6,23,0
3788,47,Female,42,Basic,635.16,27039.11,4,5,0
3789,21,Male,54,Standard,532.8,43296.09,4,11,0
3790,30,Male,48,Basic,1712.92,39965.29,6,6,1
3791,40,Male,44,Premium,1855.01,16426.29,6,9,0
3792,25,Female,17,Standard,1430.32,4827.67,6,29,1
3793,35,Female,38,Basic,157,8523.61,8,6,1
3794,29,Female,9,Basic,1593.84,17285.24,0,23,0
3795,48,Female,10,Standard,1110.69,15611.9,0,26,0
3796,31,Female,20,Basic,1540.41,2396.37,2,29,1
3797,51,Male,14,Standard,930.94,21887.22,5,14,0
3798,35,Male,14,Premium,178.44,5739.59,1,20,1
3799,51,Male,26,Basic,1395.32,11434.04,8,1,0
3800,28,Female,29,Basic,943.84,39480.42,0,7,0
3801,58,Female,49,Premium,1760.68,24996.54,4,16,0
3802,29,Female,27,Basic,1502.46,18961.18,6,15,0
3803,32,Female,25,Basic,783.17,9679.05,9,28,0
3804,48,Female,16,Standard,1475.76,43380.87,2,12,1
3805,46,Female,36,Basic,1040.9,45232.64,1,17,0
3806,43,Female,34,Premium,478.94,26174.56,2,20,0
3807,35,Male,16,Basic,897.78,46103.1,6,3,0
3808,49,Male,33,Standard,522.87,23507.05,0,11,0
3809,39,Female,3,Premium,109.46,5808.5,7,10,0
3810,55,Female,23,Premium,568.91,1343.46,2,1,0
3811,34,Female,11,Premium,498.09,6854.7,4,19,0
3812,40,Male,48,Premium,108.24,31321.49,9,22,0
3813,41,Male,58,Standard,1589.46,16384.81,4,20,1
3814,25,Female,18,Standard,246.27,32591.3,5,15,1
3815,58,Male,47,Standard,953.21,25644.82,6,12,0
3816,23,Male,41,Standard,893.98,16984.12,0,3,0
3817,22,Male,44,Basic,444.68,11324.65,5,1,0
3818,61,Female,29,Standard,1937.05,4511.67,1,17,0
3819,46,Male,59,Basic,1247.09,39228.36,9,0,0
3820,45,Male,50,Premium,1645.67,41040.71,2,25,0
3821,28,Female,5,Basic,1042.67,27301.82,4,29,0
3822,18,Female,24,Basic,1473.34,8276.19,0,21,0
3823,60,Male,29,Basic,1942.58,13544.69,6,5,0
3824,36,Female,29,Standard,761.97,47779.69,0,19,0
3825,26,Male,26,Standard,1058.1,11684.07,7,24,0
3826,44,Male,40,Premium,1077.62,3311.84,5,28,0
3827,51,Female,3,Standard,1984.79,27727.45,0,19,0
3828,61,Female,2,Basic,542.89,13464.74,6,18,0
3829,21,Male,25,Standard,1383.08,47893.03,9,26,1
3830,53,Female,19,Standard,362.64,28951.01,2,9,0
3831,35,Female,40,Basic,1861.44,48307.83,6,8,0
3832,32,Male,2,Premium,1221.73,39386.04,7,16,1
3833,30,Male,19,Standard,1732.88,36292.7,9,28,0
3834,36,Male,1,Premium,1800.96,41603.05,2,14,0
3835,23,Male,27,Basic,1158.51,30441.83,4,1,0
3836,29,Male,54,Standard,1395.81,1050.5,9,16,0
3837,54,Male,45,Premium,1427.57,19927.01,1,6,0
3838,34,Female,55,Premium,974.91,11341.4,1,27,0
3839,40,Female,52,Basic,926.19,21998.48,0,28,0
3840,43,Male,49,Standard,453.76,23792.2,2,15,1
3841,46,Female,35,Premium,829.44,6827.64,3,16,0
3842,50,Female,41,Premium,1982.44,1659.86,2,26,1
3843,44,Male,5,Premium,612.74,7340.91,7,26,0
3844,42,Female,38,Premium,1548.64,42942.64,0,0,0
3845,27,Female,4,Premium,212.76,37914.78,4,21,0
3846,64,Male,17,Premium,988.19,40045.2,6,21,1
3847,40,Female,53,Premium,210.98,14177.18,8,26,0
3848,38,Female,21,Premium,1004.02,12186.91,0,15,1
3849,38,Male,53,Premium,152.35,2349.93,8,27,0
3850,60,Female,48,Premium,1265.26,23877.29,8,20,1
3851,30,Female,31,Standard,1214.37,19429.24,3,3,0
3852,54,Female,48,Basic,1615.9,41876.36,9,15,0
3853,50,Male,22,Basic,1208.24,34252.44,4,23,1
3854,41,Male,11,Basic,1859.4,7642.15,5,2,1
3855,61,Female,34,Premium,1587.9,49364.18,3,0,1
3856,28,Female,49,Basic,352.05,38646.72,5,16,0
3857,34,Male,15,Premium,604.4,36151.76,4,4,1
3858,21,Male,50,Standard,149.84,11222.47,2,2,0
3859,64,Female,10,Basic,833.65,45305.25,2,18,1
3860,42,Male,38,Standard,1068.12,23959.08,8,10,1
3861,47,Female,32,Standard,1897.3,15233.97,4,14,1
3862,26,Female,53,Premium,1092.31,32914.26,2,1,0
3863,38,Male,48,Basic,1583.95,10981.72,7,24,1
3864,37,Male,31,Standard,609.25,45424.5,7,26,0
3865,36,Female,37,Basic,391,42790.01,2,28,1
3866,36,Female,44,Standard,1640.59,23513.11,6,21,0
3867,29,Male,28,Standard,570.11,9937.54,8,6,0
3868,54,Female,31,Premium,1755.54,25076.95,2,17,0
3869,59,Male,6,Basic,422.71,7882.34,7,26,1
3870,34,Male,14,Premium,1718.01,13857.52,0,0,0
3871,54,Male,58,Premium,1568.41,24395.25,2,7,0
3872,56,Male,23,Premium,1261.32,1546.42,3,29,0
3873,45,Male,16,Premium,1715.42,38403.27,2,15,1
3874,58,Female,25,Premium,728.35,10247.29,8,25,0
3875,52,Male,39,Standard,415.46,43397.26,9,14,1
3876,64,Male,2,Basic,398.38,1601.86,4,3,0
3877,35,Male,38,Basic,613.68,26840.52,2,12,0
3878,31,Male,41,Premium,947.83,38944.22,2,24,1
3879,52,Male,39,Basic,1764.44,12278.45,1,11,0
3880,61,Male,34,Standard,270.12,35523.88,9,8,0
3881,58,Male,51,Premium,1838.96,36182.96,5,12,0
3882,24,Female,40,Standard,1858.44,32073.26,8,10,1
3883,58,Female,43,Standard,1481.75,18530.51,6,11,1
3884,30,Female,25,Premium,1810.54,39360.71,1,3,1
3885,35,Female,36,Standard,1562.97,31607.47,8,25,0
3886,54,Male,16,Premium,1103.77,29724.22,2,2,0
3887,30,Female,57,Standard,1241.43,41048.48,6,4,0
3888,53,Male,18,Basic,1293.63,12609.58,9,5,0
3889,48,Female,13,Basic,341.1,12008.15,6,25,1
3890,19,Female,59,Basic,466.8,19629.12,3,3,0
3891,33,Male,37,Premium,1094.4,4120.09,3,0,0
3892,26,Male,27,Standard,318.93,17200.98,1,22,0
3893,26,Female,34,Standard,1933.46,20610.47,1,4,0
3894,55,Female,11,Basic,1063.54,25005.38,1,1,0
3895,28,Female,1,Basic,822.16,13073.67,4,13,1
3896,39,Female,13,Premium,399.33,45388.7,2,10,1
3897,50,Male,30,Premium,891.41,14611.38,9,29,1
3898,53,Female,5,Standard,674.61,42651.76,6,8,0
3899,62,Female,18,Premium,267.06,22525.15,6,7,0
3900,40,Female,14,Premium,1937.31,36048.76,5,25,0
3901,62,Female,13,Premium,603.46,5989.67,7,6,1
3902,62,Female,32,Basic,1411.89,27459.54,3,28,1
3903,51,Male,7,Basic,273.51,48060.88,8,14,1
3904,26,Male,8,Standard,1835.02,33479.43,9,8,0
3905,41,Male,50,Premium,1222.43,41104.32,9,9,1
3906,25,Male,7,Basic,1348.06,13422.99,4,17,0
3907,24,Male,52,Premium,1585.39,40108.36,3,29,1
3908,53,Female,49,Standard,1251.24,17887.04,2,28,0
3909,35,Male,16,Premium,234.72,24511.37,8,18,0
3910,20,Male,43,Standard,916.21,9803.91,3,24,0
3911,45,Female,31,Standard,597.86,24542.07,8,21,1
3912,23,Male,51,Basic,1024.76,26027.24,0,1,0
3913,61,Male,27,Premium,868.22,31305.2,4,21,1
3914,61,Male,33,Basic,1670.41,43497.37,0,13,0
3915,38,Male,53,Premium,569.39,15590.13,8,29,1
3916,45,Female,29,Premium,482.47,49214.77,6,20,1
3917,57,Female,8,Standard,1920.36,42460.65,9,9,0
3918,18,Male,33,Standard,1904.08,20444.67,8,4,1
3919,53,Female,41,Premium,1987.58,11719.85,4,4,0
3920,38,Male,19,Basic,1179.92,4038.98,9,1,1
3921,60,Female,21,Standard,314.97,12101.03,8,29,0
3922,52,Female,41,Standard,1772.32,44283.88,3,21,0
3923,30,Female,21,Premium,375.72,14955.55,2,12,0
3924,27,Female,25,Premium,395.63,7330,1,6,0
3925,61,Female,42,Standard,467.46,1622.39,3,24,0
3926,64,Female,56,Basic,1341.5,15235.18,2,29,0
3927,27,Female,23,Standard,303.68,11199.56,8,20,1
3928,63,Female,11,Premium,1578.74,5559.02,7,26,0
3929,30,Female,33,Standard,210.68,47578.75,0,14,0
3930,54,Female,20,Premium,309.85,13747.28,1,26,1
3931,55,Female,25,Standard,925.53,805.75,2,20,1
3932,41,Male,26,Premium,820.43,47241.64,5,14,1
3933,19,Female,40,Premium,1980.45,29136.4,4,24,0
3934,39,Male,52,Basic,1937.04,4599.24,4,5,0
3935,34,Female,12,Premium,460.4,2055.39,5,6,0
3936,53,Male,32,Standard,1898.66,5838.53,7,3,0
3937,31,Male,33,Premium,1415.3,29778.8,0,3,0
3938,27,Male,10,Standard,876.8,3562.64,4,0,1
3939,52,Female,4,Basic,1505.3,28622.96,5,10,0
3940,42,Female,15,Standard,1810.27,32800.78,9,4,1
3941,20,Female,51,Basic,442.27,7805.05,5,1,0
3942,64,Female,6,Basic,472.37,24677.42,8,4,0
3943,55,Male,27,Premium,876.57,48212.06,9,4,1
3944,34,Female,5,Basic,421.5,41906.18,6,19,1
3945,29,Female,5,Standard,784.76,36306.54,3,12,0
3946,41,Female,18,Basic,1326.81,26127.89,6,11,1
3947,46,Female,28,Basic,1644.35,20016.6,6,9,0
3948,60,Female,35,Premium,673.68,22846.02,5,12,0
3949,42,Female,59,Standard,635.29,38348.2,7,8,0
3950,53,Female,22,Basic,1581.51,27937.75,7,4,0
3951,43,Female,34,Premium,823.95,38350.37,9,5,1
3952,55,Male,4,Premium,1655.1,48508.71,5,29,0
3953,18,Male,18,Standard,1987.42,32205.45,1,16,0
3954,37,Female,41,Premium,1961.37,30353.63,4,27,0
3955,45,Female,51,Basic,1359.11,20605.02,0,4,0
3956,33,Female,26,Premium,812.91,10239.32,9,27,0
3957,64,Female,42,Standard,224.43,19022.94,9,24,0
3958,34,Male,22,Standard,1502.28,26244.81,9,27,0
3959,57,Male,47,Premium,1958.14,2225.36,8,10,1
3960,45,Female,33,Basic,229.17,24052.35,3,5,0
3961,29,Male,43,Premium,111.72,43176.39,0,8,0
3962,44,Male,14,Standard,1680.37,48842.91,2,11,0
3963,59,Female,31,Premium,294.29,42849.66,9,28,1
3964,64,Female,10,Premium,255.08,9013.1,1,3,0
3965,47,Female,51,Basic,1829.64,8173.15,8,17,0
3966,58,Male,24,Premium,251.17,19968.95,6,14,0
3967,51,Male,21,Basic,316.63,11658.81,9,24,0
3968,54,Female,48,Premium,1182.19,33961.73,9,3,1
3969,23,Female,8,Premium,1537.95,4685.63,5,13,0
3970,24,Male,32,Basic,859.19,22464.1,3,26,0
3971,49,Male,31,Basic,899.12,14377.63,3,29,0
3972,49,Female,34,Standard,1301.99,29972.44,6,17,0
3973,42,Male,23,Basic,1060.31,39954.72,7,16,0
3974,50,Female,25,Premium,135.39,46216.38,3,1,0
3975,24,Female,7,Standard,315.81,48210.71,6,20,0
3976,29,Male,19,Basic,1205.04,17884.13,2,18,1
3977,33,Male,7,Basic,1607.96,42864.47,8,28,0
3978,33,Male,47,Standard,1549.9,29802.17,2,21,1
3979,60,Female,8,Premium,1506.11,34766.64,2,13,1
3980,53,Female,14,Premium,1565.42,42630.96,9,3,1
3981,30,Female,1,Standard,184.44,6940.6,1,1,1
3982,24,Female,13,Premium,1800.69,47396.66,2,12,1
3983,53,Female,3,Basic,1789.64,27596.16,7,6,1
3984,64,Female,53,Premium,1110.66,17132.16,1,27,0
3985,26,Male,28,Basic,572.33,17267.2,0,26,0
3986,49,Female,38,Premium,1225.14,37674.52,4,21,0
3987,28,Female,51,Basic,1159.98,34093.66,7,7,0
3988,25,Female,15,Standard,523.62,36609.26,5,28,0
3989,50,Female,36,Basic,1245.95,13023.28,1,9,1
3990,40,Male,53,Premium,1614.86,8924.71,8,20,1
3991,42,Female,3,Basic,1631.6,36232.05,3,2,0
3992,25,Male,4,Premium,213.43,15274.8,2,3,0
3993,62,Male,5,Premium,474.61,11510.59,3,20,0
3994,39,Female,50,Basic,1369.62,11123.12,2,20,0
3995,21,Female,26,Premium,1733.68,7845.85,7,5,0
3996,57,Male,25,Standard,1090.31,21627.37,0,24,1
3997,20,Male,10,Premium,1444.3,13416.95,0,19,1
3998,46,Female,8,Standard,140.04,44746.34,8,6,0
3999,58,Male,12,Standard,1256,34612.41,6,6,0
4000,46,Female,54,Premium,1927.63,37321.17,8,21,1
4001,51,Female,58,Standard,1355.93,20478.72,2,16,0
4002,51,Male,59,Standard,1852.32,30210.37,2,24,0
4003,45,Female,3,Basic,1175.42,25289.49,1,5,1
4004,30,Female,27,Standard,1702.42,8788.85,1,18,0
4005,32,Female,50,Standard,335.91,2868.76,8,26,0
4006,40,Male,23,Standard,334.68,34334.16,1,17,1
4007,61,Male,40,Standard,328.34,6498.04,3,29,0
4008,43,Male,58,Standard,1028.81,3338.78,3,11,0
4009,21,Female,33,Premium,727.5,22372.43,8,27,0
4010,43,Male,14,Standard,1466.45,37032.31,2,18,0
4011,57,Male,54,Premium,1814.98,38558.99,9,10,0
4012,26,Male,23,Premium,1276.81,43736.75,1,16,0
4013,22,Female,31,Premium,505.1,10361.09,2,2,0
4014,49,Female,13,Basic,1868.67,49288.41,8,14,1
4015,37,Male,57,Basic,1102.93,38278.85,4,4,0
4016,28,Male,12,Premium,1467.9,8282.06,4,3,0
4017,32,Male,35,Basic,1791.96,42115.7,6,25,0
4018,49,Female,18,Standard,1980.68,25198.48,0,0,1
4019,45,Male,21,Premium,1061.52,3794.05,9,20,1
4020,39,Female,45,Premium,1635.32,7036.07,4,2,1
4021,58,Female,47,Premium,1177.05,21977.72,8,9,1
4022,34,Female,42,Basic,1024.26,26760.09,5,26,0
4023,43,Male,1,Basic,1121.65,47400.87,7,29,0
4024,61,Male,38,Basic,1020.12,11177.77,9,12,1
4025,24,Female,41,Standard,899.95,23968.17,7,29,0
4026,59,Female,42,Basic,1475.07,11681.53,0,6,0
4027,43,Female,47,Premium,574.38,28140.83,7,13,0
4028,42,Female,9,Basic,1271.12,45511.24,5,25,0
4029,27,Male,23,Basic,1454.62,28603.65,3,29,0
4030,62,Male,14,Basic,1794.97,25748.49,2,26,1
4031,36,Female,11,Basic,730.57,37631.41,4,12,0
4032,28,Female,7,Premium,1735.14,7806.87,4,23,0
4033,30,Female,31,Basic,1896.05,45327.94,6,20,0
4034,25,Male,24,Premium,1332.49,29092.88,8,25,1
4035,57,Female,26,Basic,1565.72,34472.32,0,23,0
4036,21,Male,30,Standard,870.84,41038.56,8,21,0
4037,64,Female,34,Standard,1909.06,31934.37,2,21,0
4038,48,Male,46,Premium,1374.64,32239.66,5,4,1
4039,45,Male,38,Premium,689.3,36616.26,5,10,0
4040,28,Female,5,Standard,868.1,3085.71,3,25,0
4041,60,Male,5,Standard,1273.74,19419.42,1,21,0
4042,18,Male,19,Basic,544.86,48165.37,4,13,1
4043,64,Male,51,Standard,1532.44,13267.82,2,0,0
4044,55,Male,38,Premium,526.91,27341.64,3,23,0
4045,41,Female,28,Premium,1224.4,9183.66,5,4,1
4046,64,Female,26,Standard,1424.31,16502.08,6,23,1
4047,48,Female,42,Premium,1733.52,35995.46,1,2,0
4048,58,Female,23,Basic,1494.41,32333.15,2,25,0
4049,63,Female,46,Basic,1617.77,21008.66,6,21,0
4050,43,Male,49,Standard,1834.57,46934.77,4,0,0
4051,22,Male,30,Premium,1235.77,38864.82,3,16,0
4052,37,Male,3,Standard,1707.93,13762.23,3,19,0
4053,58,Male,28,Premium,540.56,23539.59,8,29,1
4054,28,Female,33,Premium,1647.99,43962.71,8,11,0
4055,50,Female,42,Premium,521.2,1611.97,9,29,0
4056,55,Male,3,Basic,1875.8,29282.58,6,25,0
4057,44,Female,5,Premium,726.95,11982.04,0,12,1
4058,51,Male,57,Basic,426.49,3659.1,0,5,1
4059,32,Male,19,Premium,381.52,45686.62,2,2,1
4060,49,Female,42,Standard,455.82,40906.01,2,28,0
4061,38,Female,58,Basic,950.33,9672.03,6,10,0
4062,63,Female,57,Basic,1092.08,41928.85,1,10,0
4063,22,Female,48,Basic,1836.19,7748.16,7,27,1
4064,23,Female,1,Standard,823.93,24069.99,0,27,0
4065,55,Female,38,Basic,513.22,36425.78,7,20,0
4066,39,Female,9,Standard,1513.26,26923.38,8,9,0
4067,35,Male,5,Premium,355.84,42613.65,4,10,0
4068,31,Female,59,Premium,1795.34,31035.45,3,15,1
4069,27,Male,46,Standard,877.86,21881.61,5,19,0
4070,63,Male,42,Basic,1266.3,46295.52,5,9,0
4071,30,Female,34,Basic,453.75,2296.59,7,11,0
4072,48,Male,37,Standard,376.51,24675.74,7,18,1
4073,47,Female,33,Premium,1617.79,33208.69,0,8,1
4074,20,Male,25,Standard,916.43,41884.89,8,3,0
4075,47,Male,42,Basic,1974.81,27287.25,9,25,0
4076,23,Male,29,Basic,1096.17,44333.13,0,14,0
4077,46,Female,58,Basic,1706.74,21600.7,2,22,0
4078,25,Male,25,Basic,1961.93,16197.86,6,20,0
4079,61,Male,54,Premium,634.19,48703.7,4,6,0
4080,62,Male,59,Premium,1621.68,33525.46,5,4,0
4081,60,Female,9,Premium,141.81,21576.02,7,18,0
4082,61,Male,3,Basic,1391.53,43970.39,3,21,0
4083,50,Female,15,Basic,1515.88,34312.48,3,24,1
4084,34,Male,4,Basic,1006.99,32077.77,7,14,1
4085,28,Male,45,Standard,408,36562.63,2,27,1
4086,30,Male,38,Basic,1271.77,37045.51,5,5,0
4087,28,Female,20,Premium,1805.3,24902.68,3,19,0
4088,48,Male,49,Premium,1869.51,21255.72,5,14,0
4089,45,Male,23,Premium,1517.59,45509.49,3,16,1
4090,61,Male,37,Standard,601.06,25113.76,1,18,0
4091,23,Male,47,Premium,1753.62,11183.17,9,2,0
4092,58,Female,8,Standard,1788.76,26319.34,2,17,0
4093,33,Male,57,Standard,797.76,2203.89,7,9,0
4094,21,Male,37,Standard,447.67,36304.26,0,14,0
4095,52,Male,56,Basic,1761.85,6785.71,9,17,0
4096,43,Male,45,Basic,1781.68,6030.35,5,23,0
4097,29,Female,33,Premium,291.72,47344.63,8,14,0
4098,28,Male,33,Premium,1937.27,38741.56,0,23,0
4099,54,Male,7,Standard,1112.85,21004.32,3,18,1
4100,42,Female,22,Basic,1988.09,12359.02,6,19,0
4101,35,Male,5,Premium,945.52,42252.78,5,4,0
4102,36,Male,46,Premium,1113.24,48444.9,5,10,0
4103,40,Male,15,Basic,605.56,25663.53,8,8,0
4104,55,Female,21,Standard,1808,29213.77,7,4,0
4105,35,Male,25,Premium,943.05,12531.15,4,10,0
4106,43,Female,17,Premium,1647.77,29667.89,1,21,0
4107,23,Female,56,Basic,251.5,20329.58,2,6,0
4108,21,Female,50,Basic,1597.67,42356.14,9,26,0
4109,61,Female,7,Standard,1031.46,19167.09,2,1,1
4110,46,Female,54,Standard,110.27,32614.57,3,19,0
4111,51,Female,58,Premium,529.9,10571.57,1,21,0
4112,34,Female,50,Standard,468.09,4988.31,7,19,0
4113,60,Male,19,Premium,1528.35,2497.58,7,20,0
4114,60,Male,52,Premium,1006.68,21074.45,7,18,0
4115,33,Female,7,Basic,403.46,8594.67,9,17,0
4116,19,Female,40,Premium,587.93,49677.27,4,29,1
4117,51,Female,45,Basic,1057.75,40019.98,9,15,0
4118,25,Female,59,Premium,137.31,34821.97,5,0,1
4119,30,Female,50,Premium,905.84,40264.26,5,2,0
4120,59,Female,24,Premium,1388.32,13505.99,6,25,0
4121,25,Male,11,Standard,1083.73,44023.57,0,8,1
4122,47,Male,41,Standard,1236.39,49784,9,16,1
4123,49,Female,55,Basic,720.57,14847.8,2,7,0
4124,53,Female,1,Premium,447.84,49240.11,2,20,0
4125,64,Female,54,Basic,1638.51,16359.63,6,15,0
4126,47,Male,32,Basic,1820.71,1080.29,5,11,0
4127,18,Female,40,Premium,1070.41,18677.1,8,3,1
4128,60,Male,53,Standard,679.58,49876.99,8,4,0
4129,56,Male,44,Standard,1071.29,31939.99,8,26,1
4130,34,Male,2,Basic,1770.07,34925.89,3,6,0
4131,37,Female,15,Standard,1413.67,12298.18,2,29,0
4132,41,Female,21,Premium,1731.37,7723.04,3,23,0
4133,39,Male,24,Premium,723.92,44332.77,2,17,1
4134,46,Male,50,Standard,1452.76,20962.91,6,21,0
4135,39,Male,17,Standard,1340.79,703.33,2,29,0
4136,61,Male,47,Basic,1186.07,15065.17,0,19,0
4137,26,Female,52,Standard,1103.63,10188.74,7,13,0
4138,54,Male,52,Basic,1146.86,30386.73,5,7,0
4139,27,Female,9,Premium,1714.38,37928.1,4,12,1
4140,53,Male,35,Premium,1840.39,25126.18,7,27,0
4141,54,Female,20,Premium,314.43,9702,7,3,0
4142,45,Male,19,Standard,1180.67,3369.24,2,11,0
4143,45,Female,18,Standard,1844.98,16019.93,2,2,0
4144,59,Female,20,Standard,356.01,40395.19,9,4,0
4145,60,Female,30,Basic,884.43,21265.92,6,3,1
4146,38,Male,40,Basic,269.25,12986.43,2,14,1
4147,41,Female,1,Basic,315.61,1525.88,8,27,0
4148,59,Male,24,Premium,1817.81,25055.07,7,4,1
4149,57,Female,24,Basic,947.74,34398.69,7,8,1
4150,19,Female,47,Standard,1408.61,9921.31,8,13,0
4151,25,Male,19,Standard,363.94,27090.85,7,26,0
4152,44,Female,30,Premium,141.7,21326.57,3,15,1
4153,39,Female,26,Standard,1791.92,35345.41,6,2,0
4154,54,Male,42,Standard,1191.64,43099.94,5,14,0
4155,44,Female,44,Standard,137.98,15698.92,0,29,0
4156,46,Female,38,Basic,1985.45,45286.17,4,17,0
4157,20,Female,29,Basic,1035.17,35494.11,1,17,0
4158,61,Female,13,Standard,1004.17,2339.72,8,13,1
4159,30,Male,4,Standard,1279.74,39666.52,2,24,0
4160,62,Female,45,Standard,115.02,24984.04,6,6,1
4161,27,Female,17,Standard,1181.36,47300.31,1,25,0
4162,53,Female,33,Basic,1296.02,16519.76,6,27,0
4163,26,Female,5,Premium,664.21,29765.08,3,19,0
4164,44,Female,28,Standard,1481.02,47829.24,5,5,1
4165,51,Female,24,Basic,817.12,13922.41,8,25,1
4166,18,Female,17,Standard,1463.77,23861.7,7,15,1
4167,49,Female,50,Premium,373.27,37748.53,8,21,0
4168,42,Male,39,Basic,1836.03,34709.38,4,18,0
4169,46,Male,48,Basic,1770.97,42015.81,4,8,0
4170,24,Male,40,Premium,386.19,26229.94,3,19,0
4171,20,Male,44,Premium,1883.06,16286.6,8,0,0
4172,37,Female,46,Basic,1159.78,26986.69,9,17,0
4173,37,Female,51,Premium,1433.13,17823.02,7,20,0
4174,47,Male,11,Standard,1696.56,9233.31,5,13,0
4175,52,Male,12,Premium,258.78,27971,9,13,0
4176,52,Male,13,Premium,421.64,2894.84,5,7,0
4177,56,Female,8,Basic,651.74,2310.48,5,22,0
4178,44,Female,1,Premium,1006.69,3696.39,5,24,0
4179,43,Male,9,Basic,757.5,33794.25,6,16,0
4180,31,Male,28,Standard,1061.11,20645.85,5,17,0
4181,34,Male,2,Premium,453.24,24958.7,7,14,0
4182,35,Male,14,Premium,1396.09,17498.24,6,9,0
4183,62,Male,13,Basic,205.9,13054.99,1,19,0
4184,46,Female,48,Basic,786.75,18236.11,9,15,1
4185,37,Male,2,Premium,440.16,10072.22,3,6,0
4186,44,Female,4,Basic,1486.87,34098.52,6,28,0
4187,35,Male,12,Premium,1778.94,5535.91,1,28,0
4188,21,Male,48,Standard,249.69,26086.59,3,16,0
4189,18,Female,10,Premium,1591.57,24102.94,1,4,0
4190,18,Male,3,Standard,1801.87,15445.22,1,17,0
4191,43,Female,4,Standard,1950.54,5563.32,6,13,0
4192,62,Female,6,Basic,1200.83,35316.21,1,17,1
4193,37,Male,23,Basic,722.04,28692.25,3,17,1
4194,40,Male,5,Basic,711.75,40569.08,6,14,0
4195,27,Female,50,Basic,820.04,12158.42,5,24,0
4196,28,Female,3,Premium,1264.07,39682.42,3,10,0
4197,58,Male,10,Standard,1031.44,14951.31,8,25,0
4198,58,Female,43,Premium,1341.91,6073.24,4,4,1
4199,22,Male,19,Standard,174.7,7178.36,1,15,1
4200,18,Female,14,Standard,301.17,11442.39,6,7,0
4201,34,Male,21,Standard,1955.43,34280.23,9,12,1
4202,39,Female,43,Premium,1991.23,12576.11,1,25,0
4203,51,Female,28,Basic,1518.65,30391.61,7,21,0
4204,62,Male,21,Premium,587.15,13197.88,6,26,0
4205,58,Female,36,Standard,1911.43,18578.56,8,16,0
4206,46,Female,24,Premium,506.04,44541.2,5,25,0
4207,21,Female,54,Standard,1489.72,25267.92,6,8,0
4208,22,Female,38,Basic,318.99,30212.47,9,14,1
4209,28,Female,17,Basic,1332.92,9869.2,8,6,0
4210,38,Female,22,Premium,1543.08,7009.55,6,26,0
4211,52,Female,19,Basic,1733.32,20952.42,8,17,1
4212,29,Male,45,Standard,1495.18,42841.58,7,13,0
4213,43,Female,54,Standard,1854.62,12425.72,4,7,0
4214,36,Female,10,Basic,1089.75,31273.78,6,1,0
4215,62,Male,11,Basic,1387.11,43668.76,6,17,0
4216,24,Female,38,Basic,802.15,46753.32,0,3,1
4217,64,Female,2,Premium,119.74,49692.62,3,23,0
4218,24,Male,33,Premium,1537.72,38266.38,4,22,0
4219,43,Female,43,Standard,1752.74,4213,5,1,0
4220,57,Female,31,Premium,430.46,43637.37,6,9,0
4221,22,Male,48,Premium,154.42,44339.03,4,5,0
4222,38,Male,35,Standard,412.55,28085.5,1,10,0
4223,31,Female,37,Standard,1801.05,3837.87,4,26,0
4224,21,Female,47,Basic,661.47,24094.93,4,19,0
4225,40,Male,47,Basic,544.04,10929.65,6,9,0
4226,59,Female,36,Premium,127.72,22384.3,2,28,0
4227,37,Male,23,Standard,664.4,36344.26,0,16,0
4228,32,Male,36,Premium,1459.71,33543.76,5,23,1
4229,62,Male,40,Premium,1922.27,39109.6,6,7,0
4230,46,Female,39,Standard,694.21,24087.88,9,5,0
4231,25,Male,26,Standard,557.3,25784.21,7,15,0
4232,58,Male,25,Standard,1787.33,46816.62,6,9,0
4233,36,Male,17,Standard,1719.76,31743.59,6,29,1
4234,56,Female,15,Premium,723.5,37503.26,6,22,0
4235,63,Female,37,Premium,230.73,33393.6,0,27,0
4236,45,Female,45,Premium,1984.78,32204.03,8,28,0
4237,63,Male,4,Standard,1393.34,45720.34,8,18,0
4238,44,Female,22,Basic,1860.5,18146.05,6,24,0
4239,21,Female,17,Premium,749.56,21670.67,8,3,1
4240,32,Male,22,Basic,1330.6,19297.64,3,26,0
4241,52,Male,17,Basic,1381.54,38377.25,6,1,0
4242,54,Female,14,Basic,1758.52,43486.77,1,19,1
4243,18,Female,14,Standard,1986.81,18196.37,5,1,1
4244,20,Male,17,Standard,306.47,7546.18,1,11,0
4245,64,Female,8,Premium,1299.12,24958.28,9,3,0
4246,41,Male,34,Premium,739.24,49224.26,2,15,1
4247,44,Male,26,Standard,1642.15,10582.25,0,1,1
4248,57,Female,45,Standard,1532.88,22874.05,6,15,0
4249,53,Female,30,Basic,1795.79,13933.65,1,27,0
4250,51,Female,22,Standard,753.04,46172.6,2,14,1
4251,46,Female,16,Standard,450.61,27770.41,0,13,0
4252,41,Male,30,Standard,141.42,29147.85,2,10,1
4253,41,Female,16,Standard,585.46,908.93,3,14,0
4254,59,Female,38,Basic,797.63,32812.6,6,23,1
4255,21,Female,54,Premium,1897.53,15664.44,5,5,0
4256,20,Male,24,Basic,1033.61,25914.11,0,29,0
4257,51,Female,36,Standard,1157.24,26787.84,3,23,0
4258,40,Female,35,Standard,1772.24,29815.11,8,26,0
4259,40,Male,6,Premium,1781.63,41265.2,2,15,1
4260,62,Male,4,Premium,1103.04,15297.26,5,0,1
4261,22,Male,18,Premium,316.04,13179.99,1,24,0
4262,48,Male,6,Basic,613.98,39892.54,4,27,0
4263,58,Male,26,Premium,968.09,36076.57,8,10,0
4264,23,Female,37,Standard,1527.22,11667.94,1,13,0
4265,54,Male,27,Standard,1452.2,541.4,2,1,0
4266,27,Male,41,Standard,1321.15,33463.85,1,23,0
4267,57,Male,11,Basic,1772.47,8280.31,1,15,0
4268,24,Male,38,Premium,1625.03,47871.32,5,3,1
4269,56,Male,16,Premium,1966.02,30418.16,5,13,0
4270,55,Male,19,Premium,1789.4,42557.77,4,15,0
4271,38,Male,43,Premium,471.75,40378.27,1,14,1
4272,37,Male,53,Standard,209.47,28110.99,0,1,0
4273,20,Female,15,Basic,887.57,22198.36,2,12,0
4274,39,Female,26,Premium,1273.26,25091.52,2,16,0
4275,64,Female,56,Standard,1321.9,40247.94,8,27,0
4276,21,Male,41,Standard,608.27,32202.31,3,19,0
4277,45,Male,56,Basic,1733.77,10683,8,9,0
4278,29,Male,31,Premium,725.57,30663.08,0,14,0
4279,55,Female,19,Basic,1846.32,20531,2,16,0
4280,53,Male,57,Premium,996.04,3534.23,0,7,1
4281,64,Male,51,Basic,119.74,19372.83,5,1,0
4282,58,Male,24,Premium,407.88,11766.28,0,23,0
4283,22,Female,58,Premium,294.41,42009.93,1,25,0
4284,30,Female,9,Basic,183.65,5697.47,8,0,0
4285,40,Male,23,Premium,1456.63,18350.86,0,22,1
4286,47,Female,4,Basic,465.4,34926.85,3,22,0
4287,54,Male,10,Basic,1693.38,44920.9,5,4,1
4288,42,Male,9,Premium,602.49,17098.18,1,2,0
4289,44,Female,19,Premium,161.42,30518.71,0,21,0
4290,31,Female,15,Basic,1659.28,18995.65,3,10,0
4291,64,Female,51,Standard,985.68,10542.62,2,15,0
4292,53,Female,34,Basic,1239.06,16623.03,6,20,1
4293,56,Male,42,Standard,738.83,31977.16,6,8,1
4294,33,Male,19,Standard,187.48,35958.8,9,3,0
4295,39,Female,49,Basic,803.34,18844.98,6,8,0
4296,38,Female,52,Basic,1084.74,8050.34,8,13,0
4297,38,Male,56,Basic,122.2,7408.1,8,9,1
4298,25,Male,21,Standard,1191.15,40724.4,3,21,1
4299,33,Male,34,Basic,1796.78,32837.04,8,15,0
4300,48,Male,51,Basic,513.9,36537.52,6,8,1
4301,59,Female,17,Premium,1860.86,24668.58,5,2,0
4302,27,Female,18,Premium,285.46,23137.33,8,27,0
4303,49,Female,17,Premium,1668.33,10951.93,3,29,1
4304,51,Male,2,Basic,1696.62,8832.82,0,28,0
4305,26,Male,51,Basic,589.74,8118.71,5,0,0
4306,34,Female,1,Basic,1919.9,49593.54,0,27,0
4307,28,Female,43,Standard,891.54,41134.14,9,21,0
4308,49,Female,57,Standard,368.39,31493.42,8,19,0
4309,27,Male,10,Premium,1224.26,11112.99,4,10,0
4310,39,Female,37,Standard,1993.57,17214.11,1,25,0
4311,34,Male,48,Standard,1808.65,17863.89,7,19,0
4312,21,Female,56,Standard,629.35,24144.83,9,19,0
4313,64,Female,5,Premium,1196.27,21388.84,5,0,1
4314,42,Female,56,Premium,319.2,46740.58,2,4,0
4315,38,Male,55,Standard,977.51,36180.08,1,8,0
4316,54,Male,12,Basic,1093.83,4529.56,9,2,1
4317,55,Male,36,Premium,699.03,18317.86,3,11,0
4318,18,Male,31,Standard,1019.96,7081.65,0,17,1
4319,42,Male,55,Basic,1847.88,14328.05,0,27,0
4320,53,Male,38,Basic,1050.26,47965.2,4,1,1
4321,34,Female,51,Premium,1678.88,35410.55,9,9,0
4322,58,Male,9,Basic,703.04,888.68,8,6,1
4323,41,Female,44,Premium,1945.67,16778.63,4,29,0
4324,19,Male,26,Standard,277.58,22215.74,5,21,0
4325,57,Female,15,Premium,1212.61,30323.82,9,17,0
4326,32,Female,16,Basic,1600.79,25236.49,8,15,1
4327,49,Male,13,Premium,1646.68,3953.75,2,12,0
4328,56,Female,25,Premium,476.73,26019.6,3,0,0
4329,23,Male,30,Standard,863.13,6947.83,1,6,0
4330,18,Male,53,Basic,1285.97,26200.39,3,29,0
4331,64,Male,56,Premium,700.18,12680.4,7,10,0
4332,40,Male,7,Standard,1350.76,7637.52,1,5,0
4333,56,Female,57,Standard,819.68,14752.19,3,20,1
4334,34,Male,55,Standard,766.65,5431.29,7,4,0
4335,51,Female,52,Standard,305.33,14557.19,6,9,0
4336,58,Female,4,Standard,174.58,43413.17,8,28,0
4337,46,Female,43,Premium,1687.02,15704.95,1,2,0
4338,26,Male,40,Premium,1030.13,23775.99,3,26,0
4339,30,Female,38,Basic,1169.46,26230.51,8,14,0
4340,23,Male,57,Premium,807.22,9325.39,5,11,0
4341,23,Female,30,Basic,359.81,22368.33,8,4,1
4342,37,Male,10,Basic,954.19,42722.57,8,13,0
4343,20,Male,30,Basic,535.02,4486.09,6,11,1
4344,34,Male,39,Premium,1691.6,46179.57,6,21,1
4345,29,Male,7,Standard,1974.9,43620.12,7,10,0
4346,64,Female,36,Basic,1789.28,42863.56,1,22,1
4347,62,Female,35,Standard,1103.72,10327.87,9,22,1
4348,18,Male,24,Basic,1293.45,24473.52,6,12,0
4349,34,Female,39,Premium,1901.43,30999.7,5,9,0
4350,20,Male,36,Basic,1123.5,5447.52,6,9,1
4351,43,Male,45,Premium,1313.32,28063.85,5,23,0
4352,32,Female,20,Standard,1295.54,42082.14,2,20,1
4353,53,Male,49,Premium,1445.43,46859.42,4,13,0
4354,49,Male,32,Standard,1316.54,14277.26,2,19,0
4355,49,Male,59,Premium,1374.34,14792.6,5,15,0
4356,21,Male,39,Basic,1479.2,13901.17,2,11,0
4357,35,Male,49,Basic,1637.29,8095.78,1,22,1
4358,36,Female,26,Premium,865.8,21820.33,3,17,0
4359,60,Female,26,Standard,1517.08,39331.21,8,23,0
4360,52,Female,36,Standard,290.39,35748.39,0,3,0
4361,57,Male,43,Standard,1764.76,45065.81,7,9,0
4362,31,Male,35,Premium,651.08,18109.2,4,0,1
4363,50,Male,43,Premium,866.57,28824.85,1,17,0
4364,31,Male,35,Premium,1626.86,38443.51,8,14,1
4365,51,Male,12,Premium,1310.28,44959.58,1,16,0
4366,21,Male,33,Standard,686.39,43651.84,2,20,0
4367,41,Female,36,Standard,528.26,23543.12,0,0,1
4368,46,Male,14,Premium,1919.66,45389.46,0,26,0
4369,36,Female,33,Premium,266.78,22480.76,1,13,0
4370,23,Male,46,Standard,108.24,45190.19,1,11,0
4371,50,Female,45,Standard,1378.58,38960.05,5,24,0
4372,57,Male,45,Basic,1267.5,11471.57,7,26,0
4373,36,Female,24,Premium,1501.47,46518.55,3,10,0
4374,18,Female,15,Basic,1490.1,12502,2,19,1
4375,22,Male,31,Standard,1740.19,45466.79,1,25,1
4376,44,Male,17,Standard,1852.01,30947.9,0,18,0
4377,33,Female,12,Premium,1572.55,33535.12,7,29,0
4378,23,Male,22,Basic,541.36,5912.01,6,24,1
4379,57,Male,23,Standard,980.64,3754.18,1,3,0
4380,30,Male,26,Basic,1319.26,48432.88,6,16,0
4381,52,Female,14,Basic,1124.79,17177.92,5,17,0
4382,36,Male,12,Basic,401.91,42296.37,7,3,0
4383,29,Female,50,Basic,1219.62,35371.53,5,26,0
4384,33,Female,4,Basic,1784.4,30404.85,3,0,0
4385,60,Male,59,Premium,895.18,34417.89,7,5,0
4386,27,Female,46,Premium,1370.97,4924.66,0,6,1
4387,42,Male,51,Basic,1270.28,20913.56,9,0,0
4388,37,Male,13,Premium,816.38,30550.28,0,5,1
4389,48,Female,57,Standard,1174.02,43444.37,3,2,0
4390,21,Female,55,Basic,499.4,35877.02,0,22,1
4391,61,Female,18,Premium,1137.6,13013.96,4,15,1
4392,40,Female,43,Premium,1617.78,49253.85,8,26,0
4393,19,Female,28,Standard,1542,32330.31,8,1,0
4394,39,Male,38,Standard,780.11,25315.17,8,1,0
4395,54,Female,41,Standard,312.96,39178.25,5,10,1
4396,25,Male,44,Standard,1619.89,30333.67,0,19,1
4397,24,Male,19,Basic,603.57,35644.43,9,10,0
4398,31,Female,46,Premium,200.78,31048.1,4,7,0
4399,20,Female,47,Premium,945.87,9352.48,9,18,0
4400,33,Female,43,Standard,1504.99,27396.13,1,23,0
4401,36,Female,38,Premium,1636.14,14513.51,0,22,0
4402,35,Female,46,Premium,1966.18,28729.28,4,20,0
4403,33,Male,3,Premium,459.87,6712.43,4,14,0
4404,25,Male,19,Standard,658.21,11982.31,0,27,1
4405,50,Male,20,Premium,1258.03,40531.77,6,19,0
4406,29,Female,25,Premium,1641.55,20560.89,2,13,0
4407,28,Female,11,Premium,544.74,33852.35,5,25,0
4408,22,Male,56,Basic,878.84,25143.5,1,25,1
4409,44,Female,17,Basic,875.96,17364.51,8,17,1
4410,29,Female,59,Premium,1568.58,25011.17,1,24,0
4411,34,Female,49,Premium,557.77,40778.16,1,19,1
4412,23,Male,55,Premium,1940.64,14439.23,0,4,1
4413,50,Female,35,Premium,1069.88,21361.46,0,1,1
4414,22,Male,14,Premium,635.93,10527.87,3,1,1
4415,45,Female,59,Premium,640.14,17883.85,6,1,0
4416,31,Female,39,Basic,134.77,44312.93,3,25,0
4417,22,Male,57,Standard,1415.62,39393.26,4,1,1
4418,50,Female,19,Premium,1574.3,18993.96,5,8,1
4419,58,Female,3,Premium,161.61,7053.53,4,28,0
4420,36,Female,34,Premium,1213.28,21288.52,4,11,0
4421,39,Male,58,Standard,1585.18,38700.26,3,20,0
4422,22,Female,49,Premium,814.86,2668.15,8,26,0
4423,19,Female,41,Premium,922.21,37394.36,4,21,0
4424,47,Female,22,Standard,787.09,34155.54,8,19,0
4425,64,Female,38,Premium,699.74,3700.12,3,17,1
4426,56,Female,56,Standard,1033.17,31964.19,8,2,1
4427,21,Male,27,Standard,415.59,15283.46,4,29,1
4428,50,Male,21,Premium,937.31,9275.62,7,18,0
4429,30,Female,41,Basic,1889.47,19551.66,0,15,1
4430,37,Female,31,Basic,152.06,10666.69,3,10,0
4431,24,Male,27,Premium,413.01,41315.52,3,26,0
4432,32,Female,37,Standard,1577.63,37229.03,1,25,1
4433,40,Female,2,Standard,350.91,49047.27,2,23,0
4434,31,Female,54,Standard,615.43,26936.7,7,23,0
4435,40,Female,47,Premium,964.19,4915.69,7,14,1
4436,36,Female,9,Basic,1892.01,18704.55,0,21,1
4437,46,Female,19,Standard,448.65,42012.53,1,10,1
4438,37,Female,42,Standard,1853.86,20144.73,3,28,0
4439,46,Female,36,Premium,1465.2,23055.92,5,9,0
4440,41,Male,10,Basic,1375.18,20892.56,2,26,0
4441,35,Male,59,Basic,1474.73,12151.25,6,23,0
4442,27,Female,40,Premium,159.37,4123.16,2,18,1
4443,58,Female,54,Basic,287.91,9437.74,7,22,1
4444,25,Female,45,Premium,736.2,18515.18,5,4,1
4445,43,Female,39,Standard,240.54,12649.17,7,13,0
4446,46,Male,7,Premium,1976.42,28850.39,6,8,1
4447,27,Male,4,Standard,1202.78,30888.33,4,24,1
4448,34,Male,15,Premium,1025.95,28718.27,4,20,0
4449,19,Male,12,Standard,1592.47,4703.49,2,5,0
4450,23,Female,48,Standard,1956.22,33509.59,3,0,1
4451,22,Female,6,Premium,1914.75,19536.68,7,27,0
4452,45,Female,9,Standard,1606.82,43968.86,4,29,1
4453,58,Male,35,Basic,816.63,26517.91,8,11,0
4454,22,Female,8,Premium,225.32,4683.48,2,13,0
4455,35,Female,7,Basic,286.92,956.3,9,3,1
4456,43,Male,4,Standard,102.19,35274.36,2,14,1
4457,37,Male,58,Standard,103.62,20325.28,7,16,1
4458,58,Male,13,Standard,1879.2,14755.8,7,19,1
4459,44,Male,19,Premium,1861.33,22635.36,6,11,1
4460,29,Male,7,Standard,1368.35,4083.45,5,0,1
4461,24,Female,10,Basic,1480.69,19903.22,6,12,0
4462,20,Female,25,Basic,1075.1,16077.64,6,29,1
4463,27,Male,44,Premium,551.9,40109.36,5,9,0
4464,51,Female,58,Basic,1837.33,9155.27,8,3,0
4465,42,Female,35,Premium,627.61,37937.69,4,5,1
4466,52,Female,58,Premium,1505.38,25269.93,4,8,1
4467,33,Female,25,Standard,566.33,4553.45,5,17,1
4468,19,Male,29,Basic,1753.28,48499.09,9,1,0
4469,41,Female,56,Basic,1337.35,36843.38,3,5,0
4470,27,Female,12,Basic,1321.12,13374.67,9,10,0
4471,55,Female,51,Standard,285,29296.79,9,25,0
4472,39,Male,47,Premium,896.99,45046.81,8,27,0
4473,43,Female,40,Basic,1097.33,46574.94,1,12,1
4474,60,Male,12,Basic,658.67,36692.32,2,5,0
4475,56,Male,52,Basic,1773.85,36519.67,8,11,0
4476,44,Male,6,Basic,1691.57,14229.38,0,18,1
4477,46,Male,10,Standard,1037.88,49493.22,4,17,1
4478,64,Female,2,Premium,746.06,12552.32,2,29,0
4479,55,Male,56,Basic,1622.93,4925.62,2,18,0
4480,37,Male,45,Basic,474.09,48880.32,0,27,0
4481,44,Male,25,Premium,235.88,8065.85,7,11,1
4482,58,Male,7,Standard,186.85,26319.87,2,19,0
4483,37,Male,40,Standard,173.5,23678.05,3,12,0
4484,61,Female,23,Standard,1028.89,42486.2,4,19,0
4485,36,Male,48,Standard,585.1,20134.63,4,22,0
4486,37,Female,11,Basic,1411.71,25357.98,1,3,0
4487,52,Female,58,Premium,1342.39,2665.02,6,25,1
4488,64,Male,36,Premium,1129.84,10787.95,5,29,1
4489,19,Female,49,Premium,770.4,41733.29,6,21,1
4490,47,Female,48,Standard,1715.87,24178.88,9,5,1
4491,51,Female,51,Standard,1448.44,11931.12,9,12,1
4492,39,Male,23,Premium,615.9,18760.91,2,29,0
4493,20,Male,59,Basic,1053.21,14612.23,7,9,0
4494,23,Male,43,Standard,396.92,28032.93,5,2,1
4495,32,Male,7,Basic,724.67,3046.58,6,8,0
4496,44,Male,27,Premium,1994.57,11636.01,8,14,0
4497,27,Male,13,Standard,525.3,18070.77,7,29,0
4498,26,Male,51,Basic,1426.77,46446.6,7,25,1
4499,50,Female,17,Standard,553,31352.27,2,29,0
4500,49,Female,32,Premium,1882.46,25460.56,0,4,0
4501,23,Male,26,Premium,689.25,9945.76,0,25,1
4502,58,Female,57,Premium,758.71,28113.72,9,24,0
4503,53,Male,22,Basic,1228.33,46485.97,1,25,0
4504,19,Male,13,Standard,1217.41,28532.31,7,21,1
4505,46,Male,12,Standard,1200.25,8656.32,9,21,0
4506,21,Female,7,Standard,1189.18,49857.39,5,8,1
4507,18,Male,1,Premium,693.16,25193.45,5,28,0
4508,36,Male,33,Basic,925.38,16317.99,0,25,0
4509,43,Male,52,Premium,1227.52,25417.12,1,14,1
4510,42,Male,55,Premium,1375.41,13552.69,4,12,0
4511,27,Female,14,Basic,580.95,2003.47,2,20,0
4512,32,Male,59,Premium,1432.8,44531.3,1,2,1
4513,39,Female,47,Premium,1854.22,21729.28,8,18,0
4514,38,Female,43,Standard,1540.06,37768.19,9,1,0
4515,39,Male,56,Basic,260.04,48577.14,6,17,1
4516,53,Male,58,Basic,991.34,31813.09,0,13,0
4517,51,Female,41,Standard,927,34735.01,0,21,0
4518,47,Female,17,Basic,739.36,47190.43,2,23,0
4519,42,Female,4,Standard,1033.51,26069.45,9,12,0
4520,62,Female,52,Premium,935.3,16335.04,5,26,0
4521,45,Male,51,Basic,111.72,46108.52,1,23,0
4522,18,Female,39,Basic,549.46,3915.21,7,7,0
4523,62,Female,1,Premium,506.19,11123.09,3,9,0
4524,21,Female,41,Premium,763.59,17392.6,7,22,0
4525,24,Female,45,Basic,431.47,39214.53,6,1,0
4526,26,Male,24,Basic,228.82,45243.12,1,9,1
4527,53,Male,34,Basic,473.56,22863.43,8,26,0
4528,36,Male,34,Standard,1722.95,14663.32,4,1,1
4529,18,Female,24,Basic,1614.37,17983.93,5,28,0
4530,27,Female,59,Basic,939.98,32999.09,1,25,1
4531,53,Male,15,Premium,1767.85,8321.35,2,22,1
4532,26,Male,17,Premium,542.06,27597.82,9,3,1
4533,62,Female,13,Standard,1210,29627.94,7,21,0
4534,63,Male,7,Premium,371.56,35538.86,4,8,1
4535,59,Female,9,Basic,1683.46,30392.95,9,20,1
4536,49,Female,44,Basic,348.1,5299.3,0,9,0
4537,49,Female,35,Standard,160.53,34595.54,8,3,0
4538,23,Female,23,Premium,619.54,1576.5,0,2,0
4539,55,Female,54,Premium,1811.78,19820.29,8,6,0
4540,34,Female,47,Premium,345.97,21144.62,9,22,0
4541,27,Male,39,Standard,728.27,6273.21,5,22,0
4542,44,Male,23,Premium,701.19,987.93,6,15,0
4543,52,Male,26,Premium,1623.13,4022.51,0,4,0
4544,38,Female,1,Premium,900.9,22591.85,9,12,1
4545,42,Male,14,Basic,1261.98,12397.53,0,9,0
4546,45,Female,32,Standard,868.33,3914.53,4,23,0
4547,64,Female,51,Basic,1147.77,13192.07,1,26,0
4548,32,Female,48,Standard,218.64,26676.71,9,1,0
4549,21,Female,10,Premium,810.66,37235.87,4,15,0
4550,46,Male,1,Basic,1724.7,20894.07,4,19,0
4551,26,Male,5,Premium,1413.03,30850.87,5,0,0
4552,44,Male,3,Premium,1965.48,30039.85,8,5,1
4553,43,Female,49,Standard,1597.05,44867.57,5,21,0
4554,36,Male,50,Premium,957.87,9380.02,9,18,0
4555,45,Male,58,Basic,1384.93,24083.31,0,0,0
4556,34,Male,53,Standard,1574.24,31775.57,4,27,1
4557,60,Female,27,Standard,612.4,26226.26,1,4,1
4558,58,Male,51,Basic,214.03,22791.91,7,11,0
4559,59,Female,54,Premium,871.11,48686.22,6,29,0
4560,37,Male,57,Premium,374.88,47129.68,5,16,0
4561,62,Female,22,Premium,626.76,30767.04,1,18,1
4562,57,Male,18,Premium,1899.01,22259,2,7,0
4563,56,Male,16,Premium,1709.46,37891.42,8,9,1
4564,40,Male,2,Standard,1225.68,25890.27,8,24,1
4565,64,Female,47,Standard,862.39,49780.7,6,2,1
4566,49,Male,13,Basic,602.23,34453.9,1,8,1
4567,64,Male,45,Premium,1185.77,3873.92,6,6,0
4568,50,Female,16,Premium,1113,20394.58,0,23,0
4569,63,Female,8,Premium,1583.48,36648.1,8,5,0
4570,22,Female,43,Basic,1863.24,42197.28,8,14,0
4571,60,Female,8,Premium,724.98,40761.79,5,12,0
4572,51,Male,54,Standard,491.96,48873.27,9,13,0
4573,57,Male,10,Premium,865.32,24711.46,0,4,0
4574,28,Female,55,Basic,931.33,7433.32,7,25,1
4575,20,Male,33,Standard,175.75,32786.04,5,28,0
4576,50,Female,31,Standard,1737.22,4002.07,8,23,0
4577,28,Male,12,Standard,1991.63,48689.4,8,27,0
4578,33,Female,9,Premium,1854.1,38047.39,6,29,1
4579,35,Male,37,Basic,1735.26,49116.34,3,29,1
4580,47,Female,9,Basic,1985.94,19174.02,0,29,0
4581,27,Female,48,Premium,1824.84,1281.94,2,1,0
4582,35,Male,18,Basic,1407.9,26303.84,5,6,0
4583,55,Male,30,Standard,416.84,6498.57,0,29,1
4584,36,Male,32,Standard,397.07,34141.57,3,0,0
4585,53,Female,40,Basic,192.68,25128.8,7,15,1
4586,30,Male,23,Basic,882.48,37795.63,7,6,1
4587,63,Female,11,Premium,1636.77,14907.91,5,14,0
4588,20,Male,20,Premium,1031.56,41543.7,5,5,1
4589,27,Male,19,Premium,796.01,32715.62,2,19,1
4590,55,Female,36,Premium,307.55,49391.63,6,18,0
4591,18,Female,52,Premium,198.33,9338.57,7,8,0
4592,44,Male,26,Premium,858.44,3033.05,1,21,0
4593,63,Female,10,Standard,289.86,42626.97,4,29,0
4594,25,Female,24,Basic,296.74,17253.34,5,5,1
4595,63,Male,13,Premium,851.16,21846.7,0,28,0
4596,59,Female,52,Standard,1055.4,46320.58,4,16,0
4597,34,Male,46,Basic,454.7,22314.49,2,4,0
4598,26,Male,53,Basic,1400.81,15251.94,2,14,0
4599,23,Female,34,Basic,895.51,3445.03,5,27,0
4600,60,Male,29,Premium,274.65,22425.3,0,6,0
4601,42,Female,36,Premium,1310.36,32920.1,4,13,0
4602,56,Male,7,Premium,778.2,13824.17,4,19,0
4603,45,Female,51,Basic,199.41,36030.08,4,27,0
4604,50,Female,30,Basic,1901.17,24174.07,2,29,1
4605,54,Female,17,Standard,1185.27,42976.31,5,17,1
4606,26,Female,48,Standard,1007.67,8506,0,28,0
4607,35,Female,13,Standard,1732.36,37975.44,9,24,0
4608,38,Male,56,Standard,1879.81,46661.35,0,21,0
4609,19,Male,24,Basic,518.61,37199.2,1,24,0
4610,60,Female,54,Premium,1639.27,20593.9,3,23,0
4611,55,Male,55,Premium,1679.05,11907.56,9,16,0
4612,57,Female,31,Premium,203.37,5369.19,8,17,0
4613,53,Female,58,Premium,1452.69,32297.3,9,1,0
4614,60,Male,27,Standard,219.64,7571.29,7,28,0
4615,54,Male,50,Basic,1229.88,41996.05,9,17,0
4616,32,Female,21,Premium,1371.55,48056.5,1,13,0
4617,45,Female,44,Basic,797.41,7221.56,0,3,0
4618,35,Female,55,Standard,1773.5,19114.62,3,6,0
4619,51,Female,57,Standard,1620.97,46894.97,4,6,0
4620,39,Female,1,Premium,1859.32,23799.88,1,0,0
4621,28,Female,15,Premium,698.29,27003.09,9,7,0
4622,30,Male,3,Standard,140.9,37502.04,5,19,0
4623,21,Female,6,Standard,1641.78,10921.4,7,23,0
4624,39,Female,14,Basic,523.66,48967.88,4,9,1
4625,24,Male,55,Standard,987.6,39153.73,3,8,0
4626,60,Female,38,Basic,1652.91,8487.98,6,6,0
4627,41,Female,33,Standard,510.66,5997.94,4,2,0
4628,21,Male,52,Basic,692.63,46780.23,7,11,0
4629,45,Female,38,Standard,934.25,34408.88,6,2,0
4630,32,Male,8,Standard,616.47,2409.08,4,4,0
4631,18,Female,26,Basic,976.51,7528.37,7,6,0
4632,20,Male,15,Basic,118.23,2867.55,0,29,0
4633,31,Male,14,Premium,503.16,48717.04,7,11,0
4634,55,Male,48,Premium,1681.85,25143.62,2,22,1
4635,18,Female,20,Standard,885.62,23376.35,0,24,1
4636,55,Female,55,Standard,1309.17,47811.05,8,16,0
4637,55,Male,48,Basic,541.35,25479.48,5,13,1
4638,38,Male,59,Standard,1334.77,26128.86,7,2,1
4639,46,Female,19,Premium,1999.95,49212.81,9,0,0
4640,22,Female,56,Basic,1231.05,6015.89,3,21,0
4641,27,Female,33,Standard,1293.88,49294.86,1,27,1
4642,45,Female,36,Basic,311.89,8701.06,5,25,1
4643,38,Female,24,Premium,866.42,23909.12,1,22,0
4644,24,Male,10,Premium,1735.38,17211.88,0,17,1
4645,20,Female,52,Premium,1685.12,47793.35,6,13,0
4646,62,Male,50,Standard,1092.56,24532.41,6,24,0
4647,64,Female,34,Standard,1816.56,1639.22,5,12,0
4648,37,Male,36,Standard,371.58,11473.71,1,11,0
4649,36,Male,47,Standard,1350.56,21825.2,4,4,0
4650,52,Female,36,Standard,572.88,33981.33,0,2,0
4651,21,Male,16,Standard,1326.57,28314.2,1,13,0
4652,22,Male,15,Premium,266.06,42570.51,4,6,0
4653,18,Male,18,Premium,1892.86,41507.46,4,6,0
4654,21,Male,7,Standard,1594.03,29730.21,6,16,0
4655,29,Female,47,Premium,481.83,28780.09,4,5,0
4656,44,Male,22,Basic,1310.83,14269.15,5,14,0
4657,59,Female,32,Standard,1542.38,47916.34,1,18,0
4658,40,Male,43,Basic,497.95,4304.14,4,14,0
4659,42,Female,19,Standard,277.33,20153,7,6,0
4660,38,Female,40,Standard,768.38,33211.38,0,4,0
4661,41,Female,56,Premium,357.93,47310.32,9,14,0
4662,42,Male,1,Basic,1174.85,25325.72,6,19,1
4663,62,Female,35,Premium,905.82,44848.01,7,12,0
4664,63,Female,5,Standard,978.61,5687.59,4,25,1
4665,49,Male,50,Basic,1131.44,26813.42,3,6,0
4666,49,Female,12,Standard,1965.9,16144.5,0,12,0
4667,22,Male,12,Premium,1606.01,39886.99,8,12,0
4668,53,Male,21,Standard,1296,22527.24,1,12,1
4669,63,Female,59,Standard,791.04,24025,4,22,0
4670,59,Male,58,Premium,151.43,3706.71,6,7,0
4671,59,Male,19,Standard,321.4,22181.5,7,4,0
4672,56,Male,9,Basic,1488.65,4501.02,9,3,1
4673,33,Female,43,Premium,801.49,15328.32,3,16,0
4674,50,Male,49,Standard,735.43,6780.63,9,19,0
4675,38,Male,48,Premium,1789.06,17056.81,0,13,0
4676,26,Male,36,Standard,1020.57,11755.72,6,10,0
4677,23,Female,42,Premium,1809.2,14616.41,9,9,0
4678,62,Male,54,Premium,1784.61,7845.1,8,0,1
4679,52,Female,47,Basic,252.34,22260.58,0,6,0
4680,56,Male,57,Premium,1896.19,25130.04,0,5,0
4681,39,Female,51,Basic,246.21,41914.06,6,6,1
4682,58,Female,32,Premium,1930.66,27171.86,8,23,0
4683,22,Female,35,Premium,959.97,11823.5,4,14,1
4684,59,Male,31,Standard,1545.64,36926.84,3,5,0
4685,40,Male,53,Standard,1441.67,15213.71,5,17,0
4686,34,Male,55,Standard,1085.14,37941.63,8,1,0
4687,29,Female,32,Premium,1276.96,19664.62,1,8,1
4688,40,Male,37,Premium,1904.84,25926.92,4,5,1
4689,33,Male,32,Basic,1861.97,25435.9,3,21,0
4690,20,Female,43,Basic,1343.22,47803.97,2,16,1
4691,47,Male,56,Basic,1349.67,8106.43,4,23,0
4692,39,Male,37,Standard,569.18,46958.5,6,29,0
4693,26,Female,39,Standard,1674.38,28318.44,2,10,1
4694,46,Female,38,Basic,1301.95,49687.58,2,23,0
4695,64,Male,30,Premium,1669.87,28870.34,5,3,0
4696,54,Female,58,Standard,1349.92,32990.62,4,6,1
4697,40,Male,32,Standard,668.71,37603.92,2,14,0
4698,30,Male,45,Basic,460.01,41178.56,0,24,0
4699,49,Male,2,Standard,246.24,24139.4,9,29,1
4700,63,Male,51,Basic,1213.39,34090.4,1,26,0
4701,64,Male,11,Standard,639.7,30936.71,2,28,0
4702,40,Female,59,Premium,1297.97,20650.81,3,16,1
4703,62,Female,20,Premium,211.45,41129.48,4,11,0
4704,34,Male,37,Standard,813.76,10026.2,9,12,0
4705,57,Female,9,Basic,595.05,8772.97,8,20,0
4706,38,Female,38,Standard,803.63,36953.69,3,12,1
4707,19,Male,49,Basic,203.14,32055.52,8,7,1
4708,54,Female,19,Standard,1475.94,16224.19,4,6,0
4709,23,Female,55,Premium,321.72,31938.93,2,28,0
4710,61,Male,40,Premium,127.36,38647.04,6,25,1
4711,35,Male,7,Standard,1897.95,11239.83,7,3,1
4712,47,Male,5,Standard,466.47,29279.01,8,2,0
4713,39,Male,47,Standard,1673.32,41320.96,8,16,0
4714,50,Male,42,Premium,1932.49,20856.31,5,15,0
4715,47,Male,24,Premium,1114.83,28800.97,8,18,1
4716,34,Male,48,Basic,1099.62,4387.52,2,1,1
4717,60,Female,41,Standard,798.09,41608.2,1,20,0
4718,49,Male,7,Standard,908.63,39908.26,4,13,0
4719,59,Female,11,Premium,1015.94,23084.6,6,15,0
4720,31,Female,9,Standard,388.98,6402.8,6,16,1
4721,27,Male,49,Basic,793,33189.74,5,3,0
4722,64,Female,30,Standard,1650.61,28862.52,2,7,1
4723,53,Female,41,Premium,446.56,46014.25,5,8,0
4724,51,Female,3,Standard,1486.72,14350.52,0,15,1
4725,26,Male,22,Premium,1338.01,2100.16,2,15,0
4726,59,Female,40,Basic,208.87,13109.61,1,16,0
4727,45,Female,51,Basic,142.61,21681.4,3,2,1
4728,28,Male,20,Standard,769.8,8194.5,7,21,0
4729,31,Female,32,Standard,1415.12,48996.88,2,20,0
4730,56,Female,48,Premium,727.79,11508.36,5,27,0
4731,64,Female,7,Basic,1368.69,34054.11,9,16,0
4732,36,Female,7,Basic,1364.37,22978.58,0,17,1
4733,32,Female,20,Basic,1632.45,27979.82,3,17,0
4734,45,Male,25,Basic,289.02,46667.66,4,22,1
4735,41,Female,45,Standard,1196.54,26811.92,4,5,0
4736,25,Male,35,Standard,218.74,15608.71,0,28,0
4737,60,Female,44,Premium,434.3,11430.31,8,5,1
4738,26,Male,24,Basic,718.45,44653.65,4,0,1
4739,64,Male,40,Standard,1444.04,49342.89,8,28,0
4740,50,Male,13,Standard,1950.37,12965.69,6,15,0
4741,50,Female,52,Basic,750.79,36235.72,4,16,0
4742,36,Female,48,Standard,1090.17,25534.75,8,3,0
4743,20,Female,39,Premium,592.21,35079.86,4,15,1
4744,27,Female,4,Premium,1383.43,48228.62,9,25,0
4745,57,Female,12,Basic,796.51,14166.29,8,21,0
4746,64,Male,17,Premium,1015.03,37127.33,4,26,0
4747,59,Male,1,Standard,1178.84,22178.37,0,21,0
4748,18,Male,17,Premium,1403.86,32800.44,6,20,0
4749,46,Female,2,Standard,214.1,20629.27,4,19,0
4750,51,Female,6,Basic,1154.31,35562.63,4,1,0
4751,30,Male,44,Basic,919.21,17206.33,5,22,1
4752,18,Female,58,Standard,354.15,24673.58,5,11,0
4753,51,Female,11,Standard,495.27,35585.29,6,15,0
4754,46,Male,53,Premium,1779.39,2613.99,7,5,1
4755,64,Male,43,Standard,1756.37,16740.43,0,15,0
4756,30,Female,18,Basic,163.33,27536.14,9,6,1
4757,46,Female,40,Standard,1409.86,4169.69,2,13,0
4758,56,Male,25,Premium,1152.96,35306.26,5,2,0
4759,41,Female,39,Premium,1885.65,40757.7,0,0,0
4760,43,Male,28,Standard,1825.21,8584.7,4,16,1
4761,34,Male,46,Premium,1201.17,36806.42,4,19,0
4762,24,Male,16,Premium,364.01,32486.91,9,3,0
4763,30,Female,12,Basic,973.65,20838.48,8,6,1
4764,22,Male,41,Standard,1477.81,8666.91,1,28,1
4765,43,Male,52,Basic,1908.3,47766.48,6,6,1
4766,20,Female,29,Basic,791.28,23468.54,8,3,0
4767,24,Male,23,Premium,1590.88,9590.35,7,6,0
4768,56,Female,21,Basic,1398.35,36049.13,0,7,0
4769,18,Female,16,Standard,248.76,30590.95,0,8,0
4770,34,Female,53,Standard,1160.16,40901.8,1,21,0
4771,60,Male,51,Standard,448.67,49806.79,0,14,1
4772,42,Male,48,Basic,1398.74,2720.92,7,3,0
4773,20,Female,41,Standard,1259.16,37096.13,6,25,1
4774,32,Female,45,Standard,1948.79,49461.98,5,17,0
4775,46,Female,26,Basic,1877.23,27142.47,1,24,0
4776,60,Male,37,Basic,117.81,35927.25,8,11,0
4777,49,Female,22,Basic,252.06,22334.97,0,22,0
4778,43,Female,51,Basic,1561.36,18160.3,0,5,0
4779,33,Female,10,Premium,1402.72,34974.68,1,3,0
4780,42,Male,7,Basic,1621.8,49410.43,6,3,1
4781,45,Female,9,Basic,606.95,5037.49,9,17,1
4782,26,Male,25,Standard,1713.71,21395.01,0,0,0
4783,18,Male,46,Standard,940.6,47060.63,2,20,0
4784,46,Female,15,Basic,597.63,6083.52,9,5,0
4785,39,Female,13,Basic,120.15,32721.2,7,25,0
4786,33,Female,42,Basic,1755.59,21793.16,6,8,0
4787,58,Male,46,Standard,1117.15,19156.17,7,16,1
4788,61,Male,26,Standard,1953.23,10867.27,5,20,1
4789,58,Male,21,Basic,1457.89,9228.55,7,10,0
4790,24,Female,23,Standard,252.79,26056.19,4,28,0
4791,31,Male,44,Standard,1217.56,19183.14,8,20,0
4792,46,Female,28,Basic,132.54,24831.45,9,8,0
4793,36,Female,51,Standard,1159.79,10198.9,0,10,1
4794,36,Female,38,Basic,765.38,17834.99,6,26,0
4795,19,Male,12,Premium,1322.26,49822.67,5,3,0
4796,58,Male,24,Premium,1128.99,18719.51,7,12,1
4797,62,Male,13,Premium,596.57,20929.1,1,28,1
4798,32,Female,40,Standard,408.47,1483.87,0,18,0
4799,20,Male,48,Premium,868.95,19350.88,0,2,0
4800,28,Male,2,Standard,1974.99,38287.87,1,21,1
4801,63,Female,54,Basic,927.83,26022.04,4,26,0
4802,47,Female,39,Premium,1522.7,33023.75,6,0,0
4803,57,Male,12,Standard,208.25,28049.33,8,16,1
4804,35,Female,39,Premium,819.84,5721.81,3,16,0
4805,19,Male,51,Standard,1202.61,16941.15,8,6,0
4806,49,Female,14,Standard,1527.27,34864.54,2,13,0
4807,25,Female,30,Basic,1103.93,27622.98,5,4,1
4808,39,Male,41,Standard,1079.06,33910.57,8,29,1
4809,23,Female,50,Standard,1551.42,18328.93,0,13,1
4810,29,Female,43,Premium,695.25,10087.61,3,10,0
4811,64,Female,48,Basic,272.16,41575.79,4,24,0
4812,57,Male,19,Standard,759.59,19126.91,5,27,0
4813,53,Female,31,Premium,402.09,32923.04,7,26,1
4814,32,Female,43,Basic,1935.29,19371.69,1,29,0
4815,45,Male,50,Standard,1197.27,46399.05,5,2,0
4816,62,Male,43,Premium,948.54,49601,6,5,0
4817,35,Female,25,Basic,1832.9,32621.98,5,6,0
4818,19,Female,4,Basic,1810.69,30306.48,3,18,0
4819,30,Female,50,Basic,889.82,42120.94,5,8,0
4820,62,Male,51,Basic,1761.98,26053.47,3,1,0
4821,32,Female,13,Standard,221.65,43540.54,8,27,1
4822,37,Male,36,Standard,1782.87,20940.45,0,11,0
4823,46,Male,42,Basic,690.11,2078.91,8,6,0
4824,59,Female,54,Basic,1173.73,46366.22,3,9,0
4825,46,Female,37,Standard,612.41,36215.66,2,19,1
4826,20,Male,3,Premium,1971.12,25782.97,4,14,0
4827,36,Female,16,Basic,236.38,47272.24,2,24,1
4828,20,Female,26,Standard,949.22,44395.02,0,22,0
4829,31,Male,40,Standard,1279.88,5867.09,7,23,1
4830,57,Female,56,Premium,1269.66,31407.67,8,26,1
4831,21,Male,39,Standard,1503.64,27136.15,5,25,0
4832,28,Female,19,Basic,1476.39,38935.45,1,18,0
4833,48,Male,46,Standard,1606.97,15388.01,5,5,1
4834,60,Male,15,Basic,545.15,901.72,5,19,0
4835,49,Female,32,Standard,803.96,9677.28,5,12,1
4836,44,Male,49,Basic,825.86,10941.56,9,19,1
4837,47,Male,21,Basic,1916.1,14925.11,8,11,0
4838,60,Female,1,Standard,877.69,18834.45,3,17,1
4839,19,Female,6,Basic,521.55,35474.46,1,15,0
4840,26,Female,27,Standard,1301.45,4175.12,7,10,0
4841,45,Male,23,Standard,911.81,24584.09,5,25,1
4842,48,Male,47,Standard,575.15,25182.86,9,24,0
4843,51,Male,31,Basic,1458.76,30985.55,0,10,0
4844,32,Female,12,Standard,464.66,15872.1,5,0,0
4845,42,Male,21,Premium,1303.37,13359.55,1,0,0
4846,53,Male,52,Basic,918.01,24452.3,3,6,0
4847,25,Female,2,Premium,706.42,33150.6,1,25,0
4848,26,Male,5,Premium,1897.37,2707.31,3,6,0
4849,54,Female,9,Premium,716.37,15032.3,6,3,0
4850,62,Female,20,Premium,760.26,39471.86,7,13,1
4851,56,Female,46,Standard,1754.21,24467.38,2,23,0
4852,49,Male,18,Premium,345.18,47615.38,0,4,0
4853,34,Male,22,Basic,305.33,43443.32,9,21,0
4854,52,Male,8,Premium,637.14,17525.28,0,11,1
4855,54,Female,34,Premium,1224.11,36450.41,9,3,0
4856,36,Female,9,Premium,830.17,14078.27,6,2,1
4857,61,Female,7,Standard,1256.25,9177.18,0,17,0
4858,46,Male,30,Premium,403.53,44110.51,2,23,0
4859,24,Male,18,Premium,596.76,17837.34,4,26,0
4860,45,Male,27,Premium,1173.81,10569.19,4,4,0
4861,26,Male,16,Basic,512.58,48266.34,3,25,0
4862,45,Male,21,Standard,903.33,2035.93,7,5,0
4863,23,Female,5,Standard,1188.03,18661.52,2,13,0
4864,46,Male,55,Standard,1949.94,2401.69,7,5,1
4865,34,Female,29,Basic,251.78,25452.96,5,19,0
4866,33,Female,47,Premium,974.79,20358.18,3,24,0
4867,40,Male,37,Basic,852.91,36173.11,9,22,0
4868,48,Female,43,Standard,1666.06,47724.71,2,11,1
4869,20,Male,22,Standard,1810.56,26224.6,9,27,0
4870,38,Male,14,Standard,1823.33,14627.28,9,25,0
4871,43,Female,57,Basic,812.76,43672.69,1,11,1
4872,53,Male,19,Standard,678.84,30424.72,5,28,0
4873,59,Male,35,Premium,953.36,27897.49,0,7,0
4874,54,Female,24,Basic,753.57,9834.45,9,22,1
4875,39,Female,42,Premium,1465.82,2509.28,7,19,0
4876,59,Female,6,Standard,505.78,23339.54,4,24,1
4877,29,Female,58,Standard,1351.5,26638.32,6,1,0
4878,59,Female,3,Basic,1861.28,6791.14,6,29,0
4879,30,Female,34,Premium,631.84,3440.13,9,4,0
4880,28,Male,45,Basic,1386.09,11195.98,5,29,0
4881,33,Male,50,Premium,372.77,3623.37,4,17,1
4882,25,Male,2,Standard,330.63,3278.84,1,23,0
4883,57,Female,15,Basic,319.72,22486.23,2,24,0
4884,57,Male,37,Basic,363.2,40607.09,2,2,0
4885,62,Female,15,Premium,510.71,33367.42,4,15,1
4886,19,Male,32,Standard,1169.38,34130.98,1,4,1
4887,47,Female,21,Standard,1557.27,13490.61,0,8,0
4888,47,Male,17,Premium,341.03,1049.66,3,5,0
4889,29,Female,34,Premium,1753.03,22807.01,9,18,0
4890,27,Female,32,Premium,1701.16,19167.65,2,21,1
4891,61,Female,50,Premium,1482.04,47388.13,2,24,0
4892,28,Female,47,Premium,909.34,4064.97,9,26,0
4893,32,Male,52,Standard,102.96,38932.76,5,26,0
4894,33,Male,23,Standard,1496.05,19578.1,8,15,1
4895,34,Female,35,Basic,1770.07,41566.18,9,25,0
4896,43,Female,37,Standard,737.04,24997.94,9,6,0
4897,19,Female,43,Premium,1464.18,41114.84,1,3,0
4898,29,Male,41,Standard,217.89,23608.99,4,15,0
4899,43,Female,37,Standard,1448.04,20392.05,1,19,1
4900,40,Female,57,Standard,229.79,48203.57,5,16,1
4901,35,Male,33,Basic,1215.65,18758.48,0,18,1
4902,49,Female,25,Basic,1235.35,40362.35,0,27,0
4903,55,Female,46,Premium,674.1,3818.11,8,24,0
4904,64,Male,37,Premium,250.33,3601.11,9,16,0
4905,20,Female,40,Basic,1903.74,22186.36,4,12,0
4906,55,Female,21,Standard,1117.6,29485.72,8,1,1
4907,20,Male,46,Standard,1201.54,30622.38,7,1,0
4908,47,Female,48,Basic,1268.54,2301.11,8,23,0
4909,18,Male,38,Premium,1792.99,34988.63,8,21,0
4910,47,Female,40,Standard,214.49,6931.34,7,22,0
4911,62,Female,34,Premium,1797.25,47789.58,2,26,1
4912,49,Female,19,Standard,555.39,17010.66,6,3,0
4913,45,Female,27,Premium,248.11,13441.53,3,15,0
4914,38,Female,9,Standard,1348.81,14917.67,7,26,1
4915,63,Male,5,Premium,1956.25,46899,6,3,1
4916,30,Female,5,Premium,208.76,24400.64,8,19,1
4917,44,Female,25,Premium,909.63,22016.65,7,11,0
4918,53,Male,26,Basic,1106.59,28511.96,2,21,0
4919,24,Male,19,Premium,579.03,46572.71,4,27,0
4920,39,Female,30,Basic,1967.46,15762.82,2,27,0
4921,27,Male,36,Basic,1317.83,9450.59,8,28,0
4922,56,Female,48,Premium,1704.27,29976.8,0,28,1
4923,32,Male,48,Basic,889.98,24837.9,6,19,0
4924,32,Male,16,Basic,772.52,3567.43,8,13,1
4925,21,Female,7,Basic,1151,26335.9,2,0,1
4926,49,Male,18,Standard,927.03,28339.68,6,16,1
4927,40,Female,56,Premium,1458.4,34860.46,6,23,1
4928,23,Male,21,Basic,605.05,49779.33,1,17,0
4929,41,Male,31,Premium,954.22,21368.26,4,11,1
4930,37,Male,1,Basic,1800.75,25755.06,9,24,0
4931,54,Female,3,Premium,1536.61,4212.61,6,9,1
4932,37,Female,31,Basic,419.33,41663.61,1,23,1
4933,29,Male,25,Standard,1785.04,5358.71,9,14,0
4934,50,Female,53,Standard,1219.13,46724.59,9,16,1
4935,45,Female,8,Standard,1390.65,17750.77,1,25,0
4936,25,Female,1,Basic,659.09,17210.33,5,10,0
4937,18,Male,7,Premium,938.93,16766.14,1,23,0
4938,54,Female,7,Basic,1632.94,47549.23,9,24,1
4939,39,Male,8,Standard,728.28,49015.34,0,19,1
4940,23,Male,19,Basic,413.62,48675.4,2,6,0
4941,38,Male,17,Premium,818.78,35386.96,0,19,0
4942,49,Male,11,Standard,231.52,5997.38,5,28,0
4943,52,Male,47,Basic,1463.93,19624.93,3,18,0
4944,32,Female,41,Premium,380.72,14820.81,1,10,0
4945,22,Female,49,Standard,641.74,35565.28,6,0,0
4946,63,Male,11,Premium,1774.05,24886.4,6,17,0
4947,23,Female,38,Premium,1126.95,31016.82,7,22,1
4948,42,Female,41,Standard,710.54,932.19,6,21,0
4949,63,Female,50,Basic,1140.57,39251.77,0,14,0
4950,57,Female,52,Basic,514.73,47626.57,2,12,0
4951,46,Female,2,Basic,147.83,33633.98,0,23,0
4952,24,Female,4,Basic,1247.09,42670.9,1,26,0
4953,57,Female,50,Premium,1456.84,24173.39,0,15,0
4954,30,Male,28,Basic,1771.59,1500.3,8,18,0
4955,55,Male,33,Basic,1566.58,49528.23,6,5,1
4956,35,Male,11,Premium,1860.69,3412.19,8,27,0
4957,19,Female,3,Premium,1973.31,10042.32,7,21,0
4958,25,Female,40,Standard,1515.38,3095.79,9,27,0
4959,28,Male,5,Premium,1749.05,31435.44,1,15,0
4960,50,Female,52,Standard,1380.09,29369.93,0,17,0
4961,55,Female,21,Standard,424.78,10878.65,4,0,0
4962,44,Male,22,Basic,445.23,47854.34,6,17,0
4963,37,Male,54,Basic,309.49,45717.57,1,8,0
4964,29,Male,37,Basic,1891.65,14350.6,3,12,0
4965,60,Female,11,Premium,1378.23,33113.81,6,15,0
4966,48,Female,44,Premium,1600.83,42834.05,8,21,0
4967,44,Female,22,Basic,729.2,18310.01,5,18,1
4968,49,Male,41,Basic,974.8,13052.33,6,25,0
4969,27,Male,53,Premium,175.58,13181.4,7,22,0
4970,20,Female,13,Standard,1789.11,41112.6,7,0,0
4971,62,Male,54,Standard,1720.71,23421.98,8,29,1
4972,44,Male,52,Basic,1591.14,35909.23,9,28,0
4973,52,Female,3,Basic,210.77,32689.89,1,7,0
4974,48,Male,13,Basic,431.07,15658.17,6,9,1
4975,32,Male,28,Standard,734.92,10799.8,1,6,0
4976,33,Male,54,Basic,599.82,6726.38,6,2,1
4977,30,Female,11,Standard,1693.07,1682.34,8,12,0
4978,52,Female,11,Premium,470.19,4522.19,3,19,0
4979,28,Male,21,Premium,1111.04,13184.21,4,10,0
4980,38,Female,52,Premium,1185.62,35823.18,4,22,1
4981,28,Female,21,Basic,907.52,8168.49,1,19,0
4982,47,Female,7,Premium,557.31,26408.07,2,4,0
4983,52,Male,17,Standard,1924.56,12634.04,9,12,0
4984,39,Female,48,Standard,885.46,25834.58,0,11,0
4985,55,Male,14,Standard,1481.89,37625.55,2,15,0
4986,48,Male,33,Basic,449.69,13666.07,4,16,1
4987,31,Female,11,Basic,1663.34,17720.99,8,13,0
4988,41,Male,13,Standard,510.19,36288.53,0,20,0
4989,49,Female,1,Standard,1383.08,27543.74,5,25,0
4990,53,Female,34,Standard,1062.34,5181.05,1,29,1
4991,49,Male,9,Standard,378.46,38028.64,5,9,1
4992,32,Male,13,Premium,147.4,14233.23,9,12,1
4993,60,Female,37,Standard,1868.42,19560.36,5,29,0
4994,52,Female,30,Basic,338.81,12636.26,0,11,0
4995,20,Female,41,Basic,1439.41,27396.17,4,3,0
4996,33,Female,45,Basic,1340.1,35534.53,9,18,0
4997,22,Male,37,Basic,749.27,40259.21,1,11,0
4998,38,Male,47,Basic,452.23,46145.05,0,24,1
4999,27,Male,7,Standard,438.82,18281.22,8,0,0
5000,36,Female,14,Standard,1212.12,46664.4,5,9,0
5001,42,Male,48,Premium,1139.15,31039.26,0,20,1
5002,21,Male,6,Premium,1764.28,19784.93,9,25,1
5003,46,Male,34,Premium,1316.01,44421.06,8,28,1
5004,36,Male,16,Standard,1656.62,29191.66,8,1,0
5005,60,Female,51,Premium,161.58,22987.03,6,4,1
5006,19,Male,37,Standard,1374.89,1069.33,8,20,0
5007,27,Male,36,Basic,544.05,36016.64,0,25,1
5008,60,Male,46,Standard,580.39,4328.73,2,26,0
5009,42,Male,59,Standard,1469.1,14824.94,7,16,0
5010,37,Female,6,Basic,1607.52,48103.87,2,3,0
5011,36,Female,8,Basic,806.3,8183.05,7,6,1
5012,40,Male,24,Basic,1601.15,15933.33,2,14,0
5013,41,Female,3,Premium,943.11,46650.8,3,0,1
5014,28,Female,4,Premium,1729.53,17215.35,3,27,0
5015,63,Female,32,Premium,147.32,16769.41,4,28,0
5016,51,Female,1,Basic,258.64,32573.75,9,13,0
5017,45,Male,34,Premium,1575.07,7002.18,9,25,0
5018,22,Female,45,Basic,1285.77,48651.21,3,14,1
5019,22,Female,9,Basic,1162.14,14113.62,6,1,0
5020,38,Male,12,Basic,1266.56,39391.6,3,19,1
5021,29,Male,10,Premium,1867.36,14736.91,0,25,0
5022,21,Male,10,Premium,1345.52,14130.93,4,1,0
5023,59,Male,50,Basic,1330.2,3346.88,7,15,1
5024,37,Female,44,Premium,1542.99,6406.37,5,1,1
5025,55,Male,54,Standard,1746.58,26337.38,3,15,0
5026,42,Female,48,Premium,597.63,29053.74,3,16,0
5027,31,Female,23,Basic,1271.82,40884.25,0,17,0
5028,28,Male,6,Basic,1209.55,3480.65,9,18,0
5029,49,Male,24,Basic,356.21,18129.43,0,15,0
5030,28,Female,57,Standard,1088.6,10407.86,2,3,0
5031,35,Female,24,Basic,232.15,18214.94,3,16,0
5032,44,Male,21,Basic,451.42,18038.18,3,0,0
5033,35,Male,56,Premium,1834.63,18036.85,1,22,0
5034,40,Male,42,Standard,326.56,15826.85,8,20,0
5035,28,Female,31,Premium,1199.94,38316.92,7,12,0
5036,38,Female,47,Basic,714.61,34640.46,2,6,1
5037,61,Male,58,Basic,1155.1,17402.73,1,25,0
5038,22,Female,41,Standard,546.45,7751.16,0,8,1
5039,40,Male,30,Basic,944.32,26154.88,9,13,0
5040,58,Female,56,Standard,1747.93,45982.96,8,0,0
5041,42,Female,34,Premium,814.81,6616.19,4,7,0
5042,58,Male,18,Standard,770.76,37774.98,7,9,1
5043,27,Male,12,Premium,947.62,30169.26,3,3,0
5044,39,Male,35,Basic,290.94,29635.21,1,24,0
5045,36,Female,7,Premium,835.96,46765.53,4,12,0
5046,18,Female,41,Premium,113.11,47819.06,7,17,0
5047,24,Male,40,Premium,1056.45,12570.07,5,8,1
5048,21,Female,25,Standard,1711.09,40519.61,7,7,0
5049,18,Male,6,Premium,1148.94,31229.56,2,29,0
5050,32,Female,1,Standard,1254.68,20737.86,4,5,0
5051,57,Male,46,Standard,158.07,33448.25,1,20,0
5052,29,Female,16,Standard,1733.08,47820.36,2,18,1
5053,39,Female,48,Basic,831.51,26085.33,6,15,0
5054,39,Female,4,Basic,1952.22,47033.95,0,0,0
5055,64,Female,29,Basic,328.88,32322.92,7,14,0
5056,34,Male,38,Standard,1894.88,24404.01,4,5,1
5057,46,Female,47,Basic,1305.15,32386.44,1,9,0
5058,63,Male,28,Premium,199.45,30325.78,2,4,1
5059,31,Male,22,Standard,1946.23,21374.02,3,7,0
5060,37,Male,8,Basic,126.36,28341.79,1,0,0
5061,50,Male,32,Standard,1488.33,35310.81,9,12,0
5062,60,Female,33,Basic,1790.11,42023.88,4,25,1
5063,32,Male,13,Premium,434.04,15564.37,6,15,0
5064,29,Female,27,Standard,752.38,1225.07,8,16,0
5065,57,Female,18,Basic,1166.34,27785.29,0,6,0
5066,37,Female,18,Basic,1391.64,24719.57,9,14,0
5067,47,Female,13,Premium,1756.56,3182.84,5,23,0
5068,55,Male,22,Premium,1546.03,31809.07,5,13,1
5069,20,Female,14,Basic,790.33,47099.32,0,25,0
5070,45,Male,11,Basic,1661.27,20410.47,1,27,0
5071,43,Female,39,Standard,1935.55,44770.83,7,16,0
5072,47,Female,50,Standard,531.27,40748.52,5,24,0
5073,30,Male,53,Basic,240.78,8504.96,0,22,0
5074,30,Female,22,Premium,910.58,39470.35,9,6,1
5075,19,Female,36,Standard,1774.65,26076.95,9,23,0
5076,54,Female,17,Basic,385.55,45972.11,5,13,0
5077,55,Female,51,Premium,1783.02,9876.6,9,7,1
5078,19,Female,32,Premium,1985.2,6689.8,6,12,0
5079,53,Male,14,Basic,202.6,12443.38,1,0,0
5080,43,Female,42,Basic,1040.99,3451.52,3,3,1
5081,28,Female,57,Standard,724.88,16343.96,6,28,0
5082,25,Male,29,Basic,847.99,14508.94,5,28,1
5083,61,Female,6,Standard,958.11,21102.65,7,10,0
5084,57,Male,50,Premium,1505.44,23417.37,5,8,1
5085,60,Female,57,Standard,1223.47,7663.67,1,18,0
5086,39,Female,4,Basic,1926.28,31159.01,0,21,1
5087,37,Male,11,Standard,732.25,11566.59,4,3,1
5088,25,Female,45,Premium,1128.86,6535.47,9,0,0
5089,46,Female,40,Premium,1645.32,35586.15,9,18,1
5090,57,Male,10,Basic,808.75,1625.4,8,18,0
5091,43,Male,55,Standard,984.07,18734.11,1,28,0
5092,47,Female,28,Basic,1401.45,7647.96,6,18,0
5093,34,Male,11,Basic,1735.41,44198.24,8,10,0
5094,37,Female,35,Premium,889.79,41310.69,3,5,1
5095,33,Male,15,Standard,1110.71,3496.07,3,24,0
5096,63,Female,8,Basic,1952.73,27747.33,9,6,0
5097,60,Male,20,Premium,180.69,15120.1,4,22,0
5098,24,Male,50,Basic,951.63,10031,5,0,1
5099,33,Male,59,Standard,1308.37,15921.16,6,28,1
5100,62,Male,21,Basic,116.01,40886.42,8,14,1
5101,64,Male,1,Standard,1233.89,3363.84,5,24,0
5102,44,Male,29,Premium,206.78,32587.55,2,3,0
5103,40,Male,24,Premium,1729.36,45711.82,1,12,1
5104,41,Male,30,Basic,1633.46,22678.79,5,23,1
5105,26,Male,40,Premium,161.28,45124.94,8,11,0
5106,52,Female,35,Basic,192.73,45386.62,2,0,1
5107,37,Male,33,Basic,1531.87,30674.99,3,7,1
5108,54,Female,20,Standard,802.14,23064.11,2,24,0
5109,59,Male,57,Basic,1192.55,37014.35,6,20,1
5110,34,Female,16,Standard,613.62,45853.02,3,22,1
5111,64,Female,9,Basic,428.64,34161.75,5,10,0
5112,48,Male,31,Standard,662.55,10875.56,5,9,0
5113,25,Male,17,Premium,568.76,41092.76,8,1,1
5114,32,Female,59,Basic,951.78,47600.9,4,16,0
5115,48,Female,31,Standard,1518.68,20808.61,6,27,1
5116,47,Male,48,Basic,1152.85,35030.69,0,12,0
5117,63,Male,23,Standard,1257.44,26149.23,7,26,1
5118,37,Male,6,Standard,993.15,6044.45,1,21,0
5119,56,Female,30,Basic,716.99,17817.18,3,8,0
5120,29,Male,55,Basic,372.67,8609.57,9,15,0
5121,34,Male,7,Premium,773.67,33841.88,6,27,1
5122,59,Male,56,Premium,1363.88,29313.69,5,16,0
5123,47,Male,48,Premium,1494.18,2159.95,3,29,1
5124,46,Male,40,Basic,991.44,3549.54,7,9,0
5125,36,Female,42,Premium,1325.49,13409.23,6,16,0
5126,63,Female,46,Standard,500.03,37370.55,5,19,1
5127,28,Male,11,Basic,1734.13,6778.39,4,9,0
5128,51,Male,34,Standard,1745.28,10636.32,4,21,1
5129,24,Female,12,Standard,708.62,45427.51,6,13,0
5130,61,Male,52,Standard,1140.65,27533.81,5,14,1
5131,51,Female,52,Basic,1252.66,31232.06,3,8,0
5132,37,Male,45,Basic,997.62,23060.42,6,1,0
5133,55,Female,47,Premium,1831.17,15338.66,4,13,0
5134,41,Female,27,Premium,1505.46,12831.95,6,20,0
5135,27,Male,58,Premium,1377.77,29666.37,6,6,0
5136,49,Female,12,Premium,1088.18,23813.28,1,27,0
5137,32,Male,13,Standard,261.21,20450.14,3,3,1
5138,54,Female,8,Basic,304.86,34872.07,9,12,1
5139,37,Male,16,Premium,668.12,20505.63,3,21,1
5140,20,Male,29,Standard,501.89,2318.15,6,21,0
5141,54,Male,35,Basic,1909.81,42063.66,7,3,0
5142,57,Female,29,Basic,878.64,16260.97,0,3,0
5143,25,Male,31,Basic,1765.55,47346.89,6,8,0
5144,57,Male,13,Standard,1654.35,44038.13,5,10,0
5145,61,Male,12,Premium,1643.88,12078.85,9,0,1
5146,40,Female,51,Basic,509.84,48290.82,0,12,0
5147,57,Male,2,Standard,949.91,42751.26,7,20,1
5148,28,Female,33,Basic,704.11,49258.31,4,26,0
5149,63,Female,8,Standard,1943.78,34058.45,6,24,0
5150,25,Female,41,Premium,1765.81,46570.97,7,8,0
5151,46,Male,57,Premium,574.85,34659.61,6,24,0
5152,47,Male,59,Basic,695.69,42827.12,9,17,0
5153,27,Female,40,Premium,1104.93,30716.25,0,6,0
5154,56,Male,53,Premium,629.35,46494.13,5,13,0
5155,45,Male,49,Standard,1666.61,26145.3,0,25,0
5156,53,Female,41,Standard,1656.54,36960.15,3,23,0
5157,30,Female,32,Basic,1476.25,45889.54,3,16,0
5158,49,Male,38,Standard,1409.69,21408.31,7,17,0
5159,53,Female,28,Premium,1139.87,1806.9,5,0,0
5160,54,Male,15,Standard,759.51,6095.83,6,28,0
5161,43,Female,23,Premium,1690.18,48609.62,9,8,0
5162,39,Male,24,Basic,1731.78,43723.53,6,9,0
5163,21,Male,13,Premium,194.07,24429.16,6,15,0
5164,48,Female,21,Standard,857.38,48064.52,9,10,0
5165,35,Male,54,Standard,150.59,9687.47,1,20,0
5166,55,Male,12,Standard,1695.01,5992.84,5,3,1
5167,41,Female,13,Standard,436.48,30271.28,7,23,0
5168,40,Male,39,Basic,1380.35,19414.95,7,18,0
5169,39,Male,23,Premium,779.01,17318.6,3,7,1
5170,19,Male,50,Standard,1650.52,36840.52,6,2,0
5171,48,Female,46,Premium,1068.41,7925.65,8,21,1
5172,28,Female,43,Basic,716.36,39033.23,7,3,0
5173,45,Female,28,Premium,715.35,18292.76,1,28,1
5174,63,Female,14,Standard,721.16,49343.51,7,29,0
5175,49,Female,17,Premium,1598.3,40532.93,2,7,0
5176,22,Male,24,Standard,1451.12,32488.07,3,22,0
5177,55,Male,53,Standard,706.51,11857.59,2,11,1
5178,27,Male,58,Basic,1031.4,47843.11,7,4,1
5179,57,Female,34,Basic,244.69,2129.05,3,28,0
5180,63,Male,51,Premium,1672.25,11555.81,0,29,1
5181,41,Female,48,Premium,605.31,2320.4,8,28,0
5182,52,Male,22,Standard,1789.53,48342.55,8,2,0
5183,61,Female,10,Standard,1233.91,43636.75,0,4,0
5184,40,Male,54,Standard,1178.86,47629.33,7,29,0
5185,34,Male,8,Standard,409.17,35894.23,1,3,1
5186,18,Female,21,Basic,232.12,1857.49,6,23,0
5187,48,Male,37,Standard,1149.97,46609.35,0,10,1
5188,48,Male,7,Basic,989.18,21337.16,5,20,1
5189,59,Female,26,Premium,327.4,18725.94,9,25,0
5190,59,Male,13,Premium,1687.62,14564.55,9,25,1
5191,51,Male,16,Basic,892.76,14696.49,7,15,1
5192,26,Female,30,Standard,594.87,40131.11,5,20,1
5193,39,Female,31,Premium,1597.72,13190.78,8,17,0
5194,30,Female,5,Basic,1834.82,11497.02,0,24,1
5195,42,Female,32,Premium,681.33,35051.97,8,5,0
5196,35,Female,16,Standard,1574.3,14729.42,2,26,0
5197,29,Male,47,Basic,1339.79,1149.98,1,15,0
5198,57,Female,9,Premium,1980.48,46622.44,7,0,1
5199,34,Female,22,Standard,487.59,16021.41,9,18,0
5200,32,Male,55,Basic,1925.29,38336.68,4,19,0
5201,59,Male,44,Basic,699.02,23714.87,0,15,0
5202,32,Male,40,Basic,882.71,7136.95,0,9,0
5203,32,Male,45,Basic,781.77,33265.45,1,25,0
5204,56,Male,37,Premium,610.06,11962.21,6,13,0
5205,30,Female,14,Basic,1417.12,14751.93,1,17,0
5206,34,Male,16,Basic,1219.38,2104.12,8,12,0
5207,49,Female,43,Basic,680.81,1311.97,5,26,0
5208,26,Male,20,Basic,351.2,25924.16,3,12,0
5209,57,Female,44,Basic,703.01,3360.85,3,25,1
5210,37,Male,15,Standard,824.34,10866.17,2,14,0
5211,43,Female,56,Premium,823.24,46228.45,8,3,0
5212,44,Female,44,Standard,778.79,4601.35,1,17,0
5213,38,Female,26,Premium,192.57,14894.08,8,14,1
5214,35,Female,9,Basic,981.66,36463.14,2,5,0
5215,30,Female,1,Premium,1688.8,44274.09,3,28,0
5216,33,Female,35,Basic,442.7,2787.45,8,9,0
5217,26,Female,44,Basic,376.75,9679.26,2,14,1
5218,29,Female,20,Standard,996.52,19700.23,5,24,1
5219,61,Female,45,Standard,804.15,18369.21,4,0,0
5220,55,Female,55,Standard,1166.43,14782.02,5,4,1
5221,36,Male,6,Premium,1899.44,12494.23,4,8,0
5222,24,Female,42,Premium,1545.68,13798.61,2,26,0
5223,52,Female,10,Standard,1405.41,7104.57,1,22,0
5224,35,Male,48,Standard,890.28,8584.67,9,13,1
5225,33,Female,59,Basic,645.98,30534.96,8,10,1
5226,56,Female,33,Premium,1126.5,14963.46,3,5,0
5227,21,Male,16,Basic,1782.34,20284.42,9,15,0
5228,42,Male,36,Premium,1765.81,20892.34,5,22,0
5229,49,Female,6,Standard,946.48,5932.01,8,29,0
5230,57,Male,19,Premium,567.82,41064.94,4,28,0
5231,30,Female,31,Premium,528.15,47839.8,6,8,1
5232,62,Female,2,Basic,164.58,13545.32,4,2,0
5233,34,Female,18,Standard,1701.06,15073.3,8,7,1
5234,54,Male,42,Standard,603.19,34811.11,1,16,0
5235,23,Female,28,Standard,782.1,4489.12,2,25,0
5236,36,Female,4,Basic,1637.51,45412.49,4,21,1
5237,30,Male,1,Basic,328.05,6469.17,1,8,1
5238,43,Female,47,Basic,976.34,36737.09,5,16,0
5239,31,Female,42,Premium,332.45,14930,9,4,0
5240,48,Female,50,Premium,939.51,16501.6,2,23,0
5241,21,Female,16,Basic,189.57,7471.81,4,25,0
5242,56,Female,45,Basic,1083.48,32493.72,4,10,1
5243,25,Female,58,Standard,1611.85,39852.22,9,5,1
5244,42,Male,47,Premium,1384.96,47536.96,7,21,1
5245,30,Female,2,Premium,1067.42,16911.7,8,13,0
5246,49,Female,52,Standard,1674.64,31248.46,3,2,1
5247,55,Male,36,Standard,532.8,21042.15,9,23,0
5248,55,Female,1,Standard,1678.51,28113.26,0,29,0
5249,45,Female,39,Basic,625.09,8565.12,4,16,0
5250,47,Male,23,Basic,788.72,29296.77,3,27,0
5251,20,Male,26,Basic,344.02,42529.57,4,3,0
5252,45,Male,11,Basic,293.33,43250.83,8,7,1
5253,20,Male,58,Basic,1871.01,24427.77,7,5,0
5254,62,Male,42,Premium,460.96,12169.45,7,10,0
5255,51,Male,1,Premium,733.26,41915.61,7,24,1
5256,33,Male,11,Premium,1105.39,49971.71,0,0,0
5257,39,Female,24,Standard,760.95,19169.4,6,14,1
5258,49,Female,10,Premium,1753.25,46256.25,3,15,0
5259,55,Female,14,Standard,1811.36,49181.28,5,1,1
5260,25,Male,14,Premium,719.38,20082.86,3,12,1
5261,25,Female,7,Basic,274.85,35956.08,4,11,1
5262,23,Male,23,Premium,499.3,29264.08,4,13,1
5263,31,Female,43,Basic,1001.35,36248.59,0,0,1
5264,49,Female,22,Basic,648.11,8130.56,5,10,0
5265,52,Female,36,Premium,961.6,18652.63,9,3,0
5266,27,Female,27,Premium,1541.54,3608.5,7,12,0
5267,20,Male,56,Basic,899.21,30854.2,4,24,1
5268,29,Male,2,Standard,474.3,46371.47,9,19,1
5269,48,Female,39,Standard,780.14,28234.02,5,24,1
5270,46,Male,51,Premium,1511.66,3981.42,4,5,0
5271,22,Male,46,Basic,905.72,46553.68,0,4,0
5272,42,Female,19,Standard,574.12,7081.76,4,25,1
5273,58,Male,7,Premium,912.08,44205.6,1,3,0
5274,48,Male,12,Premium,964.13,35854.25,3,12,0
5275,38,Male,3,Basic,663.12,32000.2,1,25,1
5276,37,Male,47,Standard,1991.8,29548.96,7,17,0
5277,56,Female,5,Premium,1558.49,6991.89,6,12,0
5278,39,Female,8,Standard,1415.66,25291.77,8,7,1
5279,21,Male,14,Premium,1724.25,10236.31,3,18,1
5280,30,Female,36,Premium,1366.2,28803.3,4,14,0
5281,62,Female,7,Standard,1602.86,22643.52,8,28,0
5282,59,Female,7,Standard,883.8,34143.94,8,0,1
5283,37,Male,50,Basic,1050.71,49133.6,1,10,1
5284,30,Male,46,Basic,189.29,18370.26,0,15,0
5285,34,Female,32,Basic,633.23,31027.32,2,9,1
5286,53,Female,8,Basic,799.22,43288.14,9,6,0
5287,50,Male,58,Standard,1288.39,5099.87,0,7,0
5288,18,Female,12,Basic,982,40112.18,5,22,1
5289,32,Male,10,Standard,1254.89,12351.54,7,19,0
5290,30,Female,14,Premium,1455.32,27243.66,3,15,0
5291,34,Male,9,Standard,181.17,49579.32,3,23,0
5292,41,Male,38,Basic,590.73,49210.58,9,9,0
5293,25,Male,30,Standard,424.72,16131.98,0,3,1
5294,44,Male,5,Standard,456.16,7022.27,8,11,0
5295,62,Female,1,Standard,1055.94,46940.16,9,20,0
5296,40,Male,1,Standard,1505.96,44729.71,7,15,1
5297,63,Female,57,Standard,618.28,30993.58,2,23,0
5298,25,Male,20,Basic,1666.45,2104.31,2,28,1
5299,25,Male,49,Standard,1795.67,37688.38,9,17,0
5300,43,Female,11,Basic,766.01,8462.33,3,15,0
5301,64,Female,26,Premium,1394.58,47179.55,3,12,1
5302,30,Female,44,Standard,322.39,22038.74,1,15,0
5303,56,Male,3,Premium,1513.65,30948.22,3,25,1
5304,54,Male,6,Basic,413.55,14413.46,1,14,1
5305,45,Female,43,Standard,1406.09,24016.26,6,7,0
5306,42,Male,45,Premium,901.61,37854.46,4,14,0
5307,33,Female,11,Basic,1864.07,24854.82,6,20,1
5308,19,Male,8,Premium,982.48,42436.27,5,20,0
5309,35,Male,29,Standard,158.72,35794.86,1,6,0
5310,34,Male,10,Standard,1013.27,4329.3,1,19,1
5311,47,Female,34,Standard,1611.45,30538.35,0,18,1
5312,56,Male,24,Basic,1329.46,30823.67,0,28,0
5313,30,Female,46,Premium,1936,19354.47,4,21,0
5314,49,Female,48,Basic,1702.22,16474.83,4,13,0
5315,46,Male,17,Premium,1100.45,3612.94,6,5,0
5316,63,Female,32,Basic,492.39,22584.75,0,12,1
5317,47,Female,11,Standard,107.17,17161.52,4,25,1
5318,35,Male,34,Premium,1962.95,47577.61,1,11,0
5319,30,Female,24,Premium,1882.81,33871.63,9,21,1
5320,60,Female,55,Premium,620.87,23273.04,0,6,1
5321,38,Male,5,Basic,1312.61,37853.29,6,19,1
5322,47,Male,29,Standard,1485.56,39049.1,2,2,0
5323,38,Male,48,Premium,1198.23,24282.57,8,2,1
5324,34,Female,48,Basic,1701.63,4250.01,4,2,1
5325,57,Female,58,Premium,247.87,39137.28,4,14,1
5326,36,Male,34,Standard,1803.34,4969.06,4,15,0
5327,32,Female,16,Premium,844.84,42451.59,8,12,1
5328,26,Male,25,Standard,1013.31,17040.77,9,15,1
5329,27,Male,37,Basic,944.99,32092.93,0,1,0
5330,61,Male,8,Basic,1109.44,37150.02,4,5,0
5331,48,Female,29,Standard,1236.52,2242.03,9,16,1
5332,40,Female,52,Standard,1449.65,19538.41,5,5,0
5333,47,Male,46,Basic,1097.39,30405.08,8,23,0
5334,50,Male,25,Standard,1401.07,42483.14,2,21,0
5335,26,Female,42,Standard,742.77,36029.6,0,17,0
5336,64,Male,23,Premium,1879.69,44858.99,7,22,1
5337,18,Female,34,Basic,222.61,4594.77,8,11,1
5338,61,Male,3,Basic,1136.53,4055.19,5,18,0
5339,52,Male,30,Standard,266.05,35819.48,4,24,0
5340,28,Female,50,Standard,941.26,20227.15,7,11,0
5341,51,Female,53,Standard,589.41,24340.75,5,26,0
5342,33,Female,34,Basic,1880.12,30413.64,5,23,0
5343,26,Female,32,Premium,124.84,49304.1,8,21,1
5344,49,Female,53,Basic,843.29,3824.72,8,16,1
5345,32,Male,29,Premium,1585.88,5890.3,0,1,1
5346,29,Male,9,Standard,458.08,41551.01,1,13,1
5347,50,Female,2,Basic,1649.62,1515.95,0,27,1
5348,62,Female,57,Premium,1733.48,22797.51,1,12,0
5349,31,Male,39,Basic,1445.21,38818.86,2,23,1
5350,25,Male,7,Premium,497.23,10165.81,1,5,1
5351,25,Female,46,Premium,616.87,9757,5,16,0
5352,44,Female,5,Basic,417.18,15857.49,3,8,1
5353,29,Male,8,Standard,449.72,7925.51,4,29,0
5354,18,Female,32,Basic,169.34,34088.37,9,7,1
5355,60,Male,55,Standard,1728.9,10406.81,8,13,0
5356,57,Male,54,Premium,1104.15,11729.45,1,1,0
5357,59,Female,18,Premium,722.74,28959.29,2,9,0
5358,28,Male,38,Basic,650.2,48383.38,9,27,1
5359,56,Male,46,Basic,1134.92,45737.19,0,20,1
5360,60,Male,18,Standard,720.7,43292.59,1,2,0
5361,48,Female,49,Standard,1741.06,26780.73,0,29,1
5362,34,Male,41,Basic,500.82,15238.71,8,16,0
5363,50,Female,45,Standard,1776.37,35435.48,2,6,0
5364,49,Male,16,Standard,1361.78,19784.08,2,24,0
5365,46,Male,21,Basic,1917.6,39006.49,6,11,0
5366,38,Male,10,Basic,128.7,1301.48,0,26,0
5367,38,Male,42,Premium,212.28,26712.23,8,6,1
5368,57,Male,4,Premium,1051.7,17198.85,6,2,0
5369,40,Female,44,Basic,1833.52,12827.93,8,5,0
5370,23,Female,59,Premium,1488.51,33260.92,7,2,0
5371,39,Male,8,Standard,1282.06,33089.48,4,3,0
5372,55,Female,47,Basic,160.04,2334.83,2,15,0
5373,54,Female,53,Premium,772.91,47411.09,8,14,0
5374,62,Male,55,Basic,757.12,18411.73,4,0,0
5375,25,Female,19,Premium,1129.96,45911.69,8,1,1
5376,58,Female,47,Basic,589.87,29394.14,2,0,0
5377,52,Female,40,Standard,607.6,32803.23,5,25,1
5378,28,Female,40,Premium,1279.64,48045.52,1,17,0
5379,41,Male,51,Basic,1894.68,41198.77,2,3,0
5380,38,Female,9,Standard,1354.34,7431.73,1,5,1
5381,19,Male,30,Premium,1369.45,758.44,1,10,0
5382,57,Male,56,Premium,1973.81,15775.08,4,29,1
5383,36,Female,17,Basic,391.61,24682.61,9,11,0
5384,56,Male,40,Standard,164.29,36741.42,3,7,0
5385,45,Female,44,Basic,1516.48,33221.89,3,29,0
5386,34,Male,59,Premium,933.7,15986.38,7,13,0
5387,23,Female,15,Basic,914.76,27328.8,5,9,0
5388,36,Female,4,Basic,528.08,32721.2,9,24,1
5389,55,Male,6,Standard,1063.04,25930.64,1,25,0
5390,45,Female,16,Standard,940.13,34604.23,0,22,0
5391,19,Female,26,Premium,756.36,24518.3,4,3,1
5392,55,Female,57,Standard,941.22,26719.41,6,14,0
5393,54,Female,37,Basic,829.29,47068.38,4,29,0
5394,21,Male,23,Premium,1885.8,19763.33,3,15,1
5395,39,Male,13,Standard,1962.48,37907.51,4,13,1
5396,43,Male,47,Basic,1695.81,17066.49,9,14,1
5397,60,Female,17,Basic,1981.79,16926.8,7,22,0
5398,53,Male,57,Premium,604.87,46370.24,4,16,0
5399,30,Female,54,Premium,1701.56,35084.24,8,26,0
5400,49,Female,27,Standard,872.6,46483.44,9,11,1
5401,34,Female,52,Standard,1517.66,49731.78,6,29,1
5402,58,Male,22,Standard,482.65,510.06,1,29,0
5403,53,Male,37,Standard,1642.72,49165.94,8,12,0
5404,63,Male,19,Premium,258.58,5493.1,1,13,0
5405,36,Male,39,Basic,614.06,3985.37,5,25,0
5406,52,Female,35,Basic,1661.71,38506.59,7,10,0
5407,63,Male,13,Standard,1519.6,17834.14,1,10,0
5408,57,Male,14,Premium,1052.37,45931.69,5,5,0
5409,45,Male,48,Standard,1378.31,27453.08,4,0,1
5410,18,Male,31,Standard,452.59,19612.53,6,23,0
5411,59,Female,45,Premium,1368.75,4135.15,9,19,0
5412,35,Male,2,Basic,115.15,23499.47,4,7,0
5413,57,Male,46,Basic,1683.11,14255.94,2,7,0
5414,50,Male,52,Standard,1080.95,4292.35,5,29,0
5415,29,Female,39,Premium,1893.37,33684.23,6,29,1
5416,25,Male,37,Basic,1008.51,48878.18,0,17,1
5417,41,Male,14,Basic,922.87,19256.27,7,21,0
5418,33,Male,9,Premium,955.1,15214.61,7,12,1
5419,21,Female,10,Premium,783.48,4953.03,3,25,0
5420,55,Female,7,Basic,416.68,11545.69,7,13,1
5421,61,Male,28,Standard,1699.92,14606.13,2,29,0
5422,44,Male,46,Standard,839.26,17536.69,4,14,0
5423,26,Female,25,Basic,1105.31,31881.37,2,3,0
5424,64,Female,46,Standard,137.79,6186.2,1,18,1
5425,33,Female,57,Standard,214.48,3391.98,4,12,0
5426,29,Female,28,Premium,1234.65,46563.8,7,8,0
5427,48,Female,2,Premium,1770.53,40059.84,8,15,1
5428,41,Male,17,Premium,1037.45,14271.99,4,27,0
5429,31,Male,59,Standard,413.45,32120.21,2,25,1
5430,62,Male,52,Premium,320.64,29828.37,2,27,0
5431,42,Male,4,Premium,1809.6,37279.02,7,8,1
5432,51,Female,13,Basic,1433.11,43035.08,2,1,0
5433,20,Female,18,Premium,1935.77,18208.73,8,20,1
5434,41,Female,3,Basic,256.46,33211.18,9,25,0
5435,59,Female,51,Standard,1814.96,40201.02,0,9,1
5436,26,Female,37,Premium,1706.7,35115.07,0,6,0
5437,43,Male,33,Basic,1797.05,46145.71,4,8,0
5438,37,Male,41,Basic,110.95,24987.03,3,7,0
5439,57,Male,24,Basic,1509.62,40230.71,2,25,0
5440,27,Male,8,Standard,1142.98,45532.2,0,19,0
5441,36,Male,35,Premium,1189.04,28074.12,6,18,1
5442,20,Female,2,Standard,991.48,1356.03,0,0,1
5443,41,Female,33,Basic,1511.09,40991.41,5,0,0
5444,22,Female,12,Standard,1999.69,42378.68,9,24,0
5445,20,Female,22,Standard,1450.02,20292.61,1,19,1
5446,44,Female,13,Basic,1388.3,11839.36,3,7,1
5447,33,Male,10,Premium,1343.43,48918.39,7,3,0
5448,32,Male,17,Premium,1420.9,27805.37,2,27,0
5449,52,Male,43,Standard,750.01,26050.89,8,21,0
5450,29,Female,5,Premium,708.42,47330.68,4,3,1
5451,58,Female,57,Basic,1590.24,20700.81,5,14,0
5452,61,Female,59,Premium,200.87,42482.73,1,1,1
5453,43,Female,9,Standard,1542.57,35182.23,0,16,0
5454,64,Male,13,Basic,1646.3,48401.91,4,7,0
5455,51,Female,52,Basic,1091.04,21718.22,0,15,1
5456,40,Male,23,Basic,1829.28,45427.48,3,5,0
5457,48,Female,30,Standard,998.87,28659.6,7,0,0
5458,37,Male,43,Standard,438.36,24055.89,1,4,0
5459,29,Female,55,Premium,786.66,15630.35,5,18,0
5460,40,Female,4,Standard,1821.15,27858.55,9,17,1
5461,21,Male,21,Basic,1988.1,28841.32,4,2,0
5462,40,Male,43,Standard,901.52,44970.36,0,1,0
5463,18,Female,9,Standard,417.01,35351.08,7,25,0
5464,42,Male,7,Premium,644.03,41410.45,4,1,0
5465,19,Female,16,Basic,1151.26,38571.94,8,0,0
5466,47,Female,23,Premium,1186.98,14194,1,2,0
5467,20,Male,58,Premium,1297.11,10686.98,5,18,0
5468,38,Female,23,Premium,1687.17,13294.83,6,3,0
5469,42,Female,31,Basic,1451.31,7755.68,0,2,0
5470,37,Male,57,Premium,595.6,19605.12,9,7,0
5471,39,Female,5,Basic,850.58,32868.09,3,11,0
5472,38,Female,6,Premium,1695.65,27080.39,1,28,1
5473,50,Female,51,Premium,1303.43,34121.11,6,3,1
5474,55,Female,1,Basic,416.19,18126.87,2,13,1
5475,32,Male,59,Standard,718.52,10661.25,8,9,0
5476,63,Male,48,Premium,1603.07,10536.53,7,16,1
5477,32,Male,28,Standard,426.98,30242.7,9,29,0
5478,63,Female,18,Premium,1413,8632.59,6,17,0
5479,42,Male,24,Standard,1170.72,20159.78,7,6,0
5480,38,Male,13,Standard,380.2,11035.22,0,12,0
5481,41,Male,33,Standard,1408.87,33306.64,9,21,0
5482,22,Female,10,Standard,370.46,30963.33,5,24,0
5483,23,Male,7,Standard,857.03,19365.69,6,12,1
5484,60,Male,37,Basic,686.26,6871.52,6,21,0
5485,61,Female,32,Standard,1411.02,10984.93,8,1,0
5486,64,Female,45,Basic,1586.49,23874.35,6,7,0
5487,40,Female,22,Premium,419.8,48618.08,6,24,0
5488,21,Female,16,Basic,1642.79,13903.35,5,20,0
5489,44,Female,24,Standard,113.71,9963.92,2,21,0
5490,35,Female,52,Basic,1107.11,11423.83,5,19,0
5491,38,Male,54,Standard,1081.9,35552.89,8,10,1
5492,45,Male,14,Basic,1285.26,45776.87,9,1,0
5493,52,Female,11,Premium,555.43,4221,2,11,0
5494,39,Female,19,Standard,118.73,37589.78,2,4,1
5495,57,Male,23,Standard,964.05,24983.03,6,20,0
5496,40,Female,34,Basic,235.67,41346.93,6,29,0
5497,20,Female,40,Basic,1795.17,21364.51,4,15,0
5498,57,Male,13,Basic,429.97,758.2,7,29,0
5499,27,Female,39,Basic,907.94,34298.42,7,0,0
5500,42,Female,44,Basic,924.6,40494.59,1,11,1
5501,25,Male,28,Standard,1150.44,45150.04,5,4,0
5502,28,Male,40,Premium,1586.81,28668.04,4,0,0
5503,22,Male,16,Basic,997.08,6541.4,3,2,1
5504,62,Male,50,Standard,148.93,18806.81,6,26,1
5505,54,Male,51,Premium,1565.11,39320.39,3,24,0
5506,62,Female,28,Premium,256.13,24973.44,4,3,0
5507,55,Female,4,Basic,1318.95,35112.6,7,8,1
5508,46,Female,28,Standard,1626.52,732.14,4,21,1
5509,22,Female,57,Standard,637.11,4113.62,8,16,0
5510,26,Female,12,Standard,953.3,34217.6,9,11,0
5511,19,Male,16,Standard,127.24,14864.99,1,18,0
5512,18,Female,53,Standard,1627.36,19715.24,1,28,0
5513,57,Female,54,Premium,1436.2,32285.58,8,2,1
5514,47,Female,49,Premium,539.64,6044.72,1,29,0
5515,28,Female,36,Premium,841.43,41719.06,2,19,0
5516,45,Female,20,Standard,1421.1,7649.5,5,9,0
5517,61,Male,26,Premium,780.51,36797.49,3,19,0
5518,29,Female,56,Premium,408.59,14991.19,7,7,0
5519,56,Female,56,Basic,1085.16,13368.56,7,2,0
5520,43,Female,26,Premium,1474.78,41152.6,1,10,1
5521,30,Female,22,Basic,709.54,27833.99,1,14,1
5522,25,Female,56,Standard,331.37,10672.14,2,19,0
5523,45,Female,9,Standard,1676.13,626.04,1,27,1
5524,47,Male,5,Standard,580.32,48665.23,4,11,0
5525,26,Female,17,Standard,1074.35,21853.62,0,2,0
5526,56,Male,49,Premium,1413.55,20172.43,6,6,1
5527,48,Male,34,Basic,702.44,2990.57,7,21,0
5528,38,Female,2,Standard,1332.41,44772.97,3,0,0
5529,64,Female,53,Standard,973.45,7459.09,6,9,0
5530,51,Female,55,Basic,1183.83,17105.06,8,16,1
5531,48,Male,7,Basic,1222.09,21344.64,6,5,0
5532,42,Female,36,Basic,1665.89,40600.23,1,18,0
5533,29,Female,13,Basic,1347.02,18293.6,1,24,0
5534,18,Female,20,Basic,602.18,26807.4,9,11,0
5535,39,Male,30,Premium,213.25,21722.21,9,28,0
5536,57,Male,30,Basic,103.77,15936.31,9,27,0
5537,54,Female,11,Premium,1818.39,47342,5,1,0
5538,64,Male,31,Basic,1890.01,39945.4,7,11,0
5539,18,Female,58,Basic,278.81,9130.47,9,28,1
5540,18,Male,3,Standard,1025.4,27957.96,9,18,0
5541,59,Female,59,Standard,388.03,39929.73,2,8,0
5542,59,Male,2,Standard,1902.62,29199.6,0,27,0
5543,38,Female,48,Standard,568.98,24942.07,0,5,0
5544,32,Female,3,Standard,1053.13,4066.94,1,16,0
5545,34,Male,56,Standard,414.68,5750.3,9,1,1
5546,39,Male,15,Basic,732.25,12639.36,5,6,1
5547,55,Male,17,Basic,606.93,25913.14,1,5,0
5548,52,Male,48,Standard,1003.31,49371.19,5,13,1
5549,62,Male,52,Standard,897.59,40212.18,0,16,1
5550,33,Female,7,Standard,728.52,5947.52,8,25,1
5551,25,Female,48,Basic,301.17,36004.34,6,17,1
5552,64,Male,5,Standard,1020.53,40618.33,0,5,0
5553,34,Female,34,Standard,1715.4,21006.03,8,11,0
5554,34,Female,33,Basic,1487.42,16842.31,8,5,1
5555,43,Male,54,Basic,1469.09,29438.45,9,21,0
5556,30,Female,45,Premium,795.57,26198.1,5,13,0
5557,34,Female,16,Standard,1446,13628.07,1,12,0
5558,55,Male,37,Basic,984.51,20170.2,1,8,1
5559,34,Male,3,Premium,385.52,27449.66,7,17,0
5560,31,Female,59,Basic,896.19,29206.26,8,9,0
5561,62,Male,59,Premium,352.2,26821.6,3,9,0
5562,23,Female,47,Premium,317.52,42382.32,1,26,0
5563,52,Male,48,Standard,143.81,2071.38,4,13,0
5564,63,Male,43,Standard,637.42,16982.69,6,8,1
5565,31,Male,57,Premium,728.66,37616.76,3,8,1
5566,64,Male,51,Standard,1428.94,32763.24,8,25,1
5567,25,Female,50,Basic,1122.21,45954.2,3,24,0
5568,32,Male,21,Basic,1731.05,29607.04,7,8,0
5569,44,Male,41,Premium,435.29,32088.47,2,2,1
5570,30,Female,8,Premium,605.32,35394.88,5,25,1
5571,48,Female,22,Basic,1888.04,9716.93,5,8,1
5572,52,Female,51,Basic,943.69,37785.58,2,12,0
5573,23,Female,54,Premium,1599.2,15344.54,1,9,0
5574,22,Male,5,Basic,1035.12,21512.81,5,24,1
5575,39,Female,17,Basic,995.06,1193.32,6,2,0
5576,40,Male,37,Premium,381.42,42256.51,6,29,0
5577,42,Female,14,Standard,1717.28,47697.9,9,28,1
5578,51,Male,39,Basic,248.88,3479.45,0,19,1
5579,43,Female,41,Standard,689.5,31942.41,5,3,0
5580,64,Male,28,Standard,1379.59,48058.54,8,13,0
5581,22,Male,31,Basic,1063.79,30541.59,8,12,1
5582,43,Female,17,Standard,1774.62,39998.57,1,19,0
5583,37,Male,35,Premium,174.67,6347.37,3,6,1
5584,23,Male,40,Basic,1333.87,12620.06,5,20,1
5585,23,Male,22,Basic,1007.18,17613.88,3,6,1
5586,35,Male,45,Standard,393.19,49067.75,8,5,0
5587,21,Female,48,Basic,1512.18,39198.01,1,22,0
5588,34,Male,53,Basic,881.48,44340.31,9,7,0
5589,31,Male,29,Standard,1110.01,24610.28,5,5,0
5590,31,Female,10,Standard,1937.81,35981.87,0,24,0
5591,30,Female,18,Basic,1023.84,36712.46,8,3,0
5592,24,Female,35,Basic,1664.41,28661.69,0,27,0
5593,61,Male,44,Premium,1562.2,43959.47,7,4,0
5594,32,Male,16,Premium,1359.23,8333.44,8,24,0
5595,36,Female,50,Basic,1803.94,3347.22,0,24,0
5596,60,Male,49,Basic,578.04,15550.8,0,17,0
5597,64,Female,7,Premium,1659.47,4869.45,9,1,1
5598,61,Male,30,Standard,817.8,3485.65,6,24,0
5599,52,Female,19,Basic,1643.73,21244.94,9,21,0
5600,34,Male,55,Premium,1038.2,10425.03,4,23,0
5601,52,Female,23,Premium,1729.65,39612.3,2,13,0
5602,36,Male,8,Basic,1800.2,29199.33,8,23,0
5603,37,Female,17,Basic,1235.52,18349.35,1,23,0
5604,53,Male,21,Premium,1064.49,14683.94,5,13,1
5605,52,Male,26,Basic,1588.23,28375.34,3,4,0
5606,49,Male,57,Standard,607.27,21983.1,4,10,1
5607,61,Female,28,Basic,129.16,3258.89,1,26,1
5608,57,Male,59,Premium,873.48,33426.94,0,25,0
5609,41,Male,39,Premium,1064.77,25238,8,19,0
5610,34,Male,33,Basic,664.8,14206.53,2,2,0
5611,24,Female,40,Premium,828.39,14875.55,5,15,1
5612,60,Male,19,Standard,352.81,22912.84,8,19,0
5613,18,Female,29,Basic,626.85,41465.83,0,7,0
5614,52,Male,20,Basic,556.18,21441,4,19,1
5615,49,Female,20,Premium,671.88,42059.25,3,14,0
5616,53,Female,10,Standard,668.2,21530.73,2,13,0
5617,30,Male,12,Basic,1162.04,41580.7,1,13,0
5618,23,Female,56,Premium,576.13,46610.73,2,7,0
5619,31,Female,33,Basic,1887.83,1518.41,0,23,0
5620,54,Male,56,Standard,1071.42,3581.4,0,29,0
5621,32,Female,25,Premium,345.04,7133.96,7,0,0
5622,64,Female,25,Basic,631.25,6544.96,4,15,0
5623,21,Female,53,Premium,1486.54,22996.66,1,26,1
5624,57,Female,4,Premium,125.95,38319.69,2,26,0
5625,33,Male,4,Standard,1881.85,48085.76,1,27,0
5626,45,Female,9,Standard,945.84,21180.15,9,11,0
5627,33,Female,15,Basic,1090.05,34579.82,1,13,1
5628,21,Male,56,Premium,1977.98,31957.59,3,8,0
5629,62,Male,26,Premium,1056.47,19962.58,3,13,0
5630,43,Female,15,Premium,1900.71,36195.61,6,12,1
5631,45,Male,26,Basic,1838.94,29801.58,1,18,1
5632,49,Male,28,Standard,1888.5,38117.01,8,21,0
5633,62,Male,7,Standard,1643.51,10085.61,6,29,0
5634,19,Male,32,Premium,663.16,18333.43,3,15,1
5635,48,Male,12,Basic,758.13,33725.48,6,18,0
5636,20,Male,35,Premium,793.47,6677.77,9,24,0
5637,25,Male,52,Standard,1960.44,38634.68,0,16,1
5638,41,Male,32,Premium,785.44,7105.27,6,22,0
5639,32,Male,9,Premium,306.51,16560.48,5,4,0
5640,60,Female,14,Premium,1578.82,12257.67,8,27,0
5641,48,Female,13,Standard,795.52,3518.79,7,2,1
5642,26,Female,56,Basic,1279.78,13897.51,1,27,0
5643,56,Female,44,Premium,1856.28,45619.8,2,26,1
5644,62,Female,33,Standard,1193.46,1832.97,2,22,0
5645,19,Male,32,Premium,1311.63,1333.03,5,0,0
5646,25,Male,19,Basic,1321.44,35361.21,1,21,0
5647,24,Female,30,Premium,1263.56,18660.06,1,6,0
5648,61,Female,16,Basic,403.56,11872.18,3,24,0
5649,56,Male,12,Standard,967.19,25689.17,0,24,0
5650,59,Female,10,Basic,114.56,13700.44,0,6,0
5651,33,Male,2,Basic,1289.9,19904.89,0,20,0
5652,52,Female,18,Standard,1193.18,35909.15,4,22,0
5653,47,Male,13,Basic,704.46,6286.9,8,26,0
5654,27,Female,29,Basic,1095.4,48002.98,3,16,0
5655,55,Male,24,Standard,1036.81,2605.17,7,29,0
5656,35,Female,38,Basic,576.74,40423.6,6,6,0
5657,22,Female,12,Basic,657.25,36367.26,5,12,0
5658,46,Male,29,Premium,1548.83,14463.43,8,27,0
5659,56,Male,22,Basic,1535.89,6356.98,9,28,0
5660,51,Female,36,Basic,992.59,42692.56,0,12,0
5661,60,Female,1,Basic,1463.27,34140.78,6,9,0
5662,62,Male,43,Standard,956.52,14898.62,8,19,1
5663,40,Male,55,Basic,1717.61,1337.99,9,1,1
5664,22,Male,40,Standard,732.33,46955.27,1,5,0
5665,47,Female,34,Standard,1861.86,20510.53,3,6,0
5666,23,Female,34,Basic,1130.34,9225.21,4,26,1
5667,63,Male,48,Basic,1117.81,45635.78,4,12,1
5668,61,Female,33,Basic,1374.54,18271.52,6,28,0
5669,21,Female,4,Basic,747.63,23430.96,9,22,1
5670,46,Male,38,Basic,1476.23,35081.62,7,7,0
5671,40,Female,30,Basic,708.81,41061.23,8,20,0
5672,23,Male,53,Basic,855.32,5458.8,4,12,0
5673,49,Male,52,Standard,1381.94,44984.36,1,25,0
5674,59,Female,46,Premium,819.05,46660.72,1,10,0
5675,35,Female,20,Standard,479.95,13333.85,4,9,0
5676,32,Male,26,Basic,1756.61,25120.7,4,28,1
5677,57,Male,15,Premium,1852.1,42964.83,4,26,1
5678,49,Male,7,Premium,1290.79,24623.74,5,23,0
5679,26,Female,7,Basic,1641.19,24357.74,7,3,0
5680,54,Male,50,Basic,1974.64,31116.9,4,9,0
5681,27,Male,29,Standard,1268.07,38488.25,2,16,0
5682,37,Male,23,Premium,1826.71,33448.06,8,27,1
5683,23,Male,34,Premium,782.58,31515.05,3,7,0
5684,20,Female,20,Basic,1430.9,18897.73,7,19,0
5685,59,Female,15,Basic,206.03,31688.65,8,4,1
5686,28,Male,33,Premium,1599.05,5612.01,6,28,1
5687,60,Female,53,Premium,1676.63,20773.13,2,19,0
5688,34,Female,17,Basic,862.23,9823.39,9,14,1
5689,49,Female,20,Basic,1314.01,27109.61,5,22,1
5690,21,Male,57,Basic,1730.89,13471.24,6,9,0
5691,21,Female,13,Standard,1778.86,25543.77,6,18,0
5692,34,Female,44,Standard,302.41,38977.59,7,17,0
5693,58,Male,24,Basic,1672.23,21982.64,9,25,1
5694,36,Male,54,Standard,621.06,11327.07,4,11,0
5695,22,Female,47,Premium,1481.88,11537.59,4,1,0
5696,49,Female,56,Premium,717.81,45359.6,1,6,0
5697,39,Male,37,Basic,207.03,39154.79,1,10,0
5698,23,Male,7,Premium,498.75,2310.35,3,14,1
5699,52,Male,8,Premium,876.48,47164.78,6,11,0
5700,39,Male,23,Premium,1508.33,6071.98,7,9,1
5701,18,Female,14,Premium,291.34,32820.65,2,12,0
5702,37,Male,4,Premium,1644.57,27799.4,0,21,1
5703,39,Female,21,Standard,1994.21,2810.31,3,1,0
5704,28,Female,46,Standard,1597.69,15111.08,5,23,0
5705,30,Female,10,Basic,1000.1,38904.75,5,29,1
5706,59,Male,22,Premium,1179.5,15690.55,8,14,0
5707,20,Male,30,Standard,111.7,24276.45,6,21,0
5708,26,Female,30,Standard,497.62,35048.55,8,7,1
5709,29,Female,16,Standard,1808.08,4042.86,9,5,0
5710,40,Female,11,Premium,141.29,41713.98,4,3,1
5711,31,Female,22,Standard,1819.11,2558.27,4,7,0
5712,50,Female,29,Basic,315.18,13488.18,4,19,1
5713,35,Male,25,Basic,352.84,38271.83,4,21,0
5714,58,Male,58,Premium,433.16,45637.82,3,4,1
5715,26,Male,14,Basic,1618.83,38137.01,5,19,0
5716,40,Female,14,Standard,1008.55,11736.47,0,22,0
5717,27,Female,2,Premium,375.87,49293.33,1,7,1
5718,36,Male,54,Basic,1404.92,20960.04,8,13,0
5719,64,Male,13,Premium,1887.31,19134.33,5,21,0
5720,22,Female,3,Standard,1187.66,43329.16,5,16,0
5721,64,Male,30,Basic,287.53,3777.34,9,22,1
5722,40,Male,18,Standard,204.03,28026.03,3,19,0
5723,47,Male,54,Basic,1612.16,48298.48,4,1,0
5724,42,Female,36,Premium,1289.56,5456.45,8,18,1
5725,45,Female,21,Basic,1853.05,27272.03,1,25,0
5726,51,Male,53,Basic,1139.78,7056.6,2,3,1
5727,62,Female,19,Basic,218.55,44553.91,9,13,0
5728,64,Male,16,Premium,867.01,29593.55,7,6,0
5729,42,Male,28,Basic,1350.18,12112.87,8,24,0
5730,27,Female,4,Standard,831.28,15698.63,4,15,0
5731,31,Female,51,Premium,1999.22,26073.23,2,9,1
5732,59,Female,55,Premium,870.22,36404.73,0,10,0
5733,63,Male,15,Standard,1137.85,24630.96,1,21,0
5734,47,Male,1,Premium,528.24,9868.66,3,25,0
5735,58,Male,48,Basic,389.06,35552.5,3,4,0
5736,42,Female,47,Premium,1326.08,6359,4,24,0
5737,31,Male,16,Standard,1218.36,40565.66,8,11,0
5738,52,Male,54,Premium,108.24,20082.21,1,23,1
5739,51,Male,20,Standard,641.08,32809.17,1,23,0
5740,27,Male,33,Premium,1322.8,17562.66,4,23,1
5741,52,Female,17,Standard,1643.27,33619.14,1,14,1
5742,28,Female,5,Premium,693.5,44514.75,9,23,0
5743,28,Female,5,Basic,1330.13,35219.51,4,23,0
5744,38,Male,58,Standard,603.99,33734.74,4,9,0
5745,38,Male,39,Standard,1411.72,37991.84,6,25,1
5746,39,Male,13,Premium,1426.1,25260.49,3,22,1
5747,62,Female,44,Premium,347.42,11404.49,1,1,1
5748,24,Female,36,Premium,1363.67,40868.34,7,17,1
5749,34,Female,30,Basic,733.78,32599.86,0,10,0
5750,19,Female,57,Premium,427.93,16034.13,9,4,0
5751,29,Female,4,Standard,1050.69,14155.57,0,5,1
5752,59,Male,23,Premium,959.36,25246.48,6,12,0
5753,35,Female,21,Basic,1570.36,10761.63,3,24,0
5754,28,Female,21,Premium,260.58,43972.82,2,16,0
5755,33,Female,6,Premium,1600.53,39534.38,0,26,0
5756,35,Male,24,Standard,301.56,15761.59,7,15,0
5757,52,Female,47,Premium,494.17,2945.48,7,22,0
5758,43,Female,53,Basic,1080.18,3067.47,3,22,0
5759,33,Female,31,Premium,980.03,15207.43,1,23,0
5760,23,Male,19,Premium,1978.83,7801.62,3,28,0
5761,61,Male,38,Standard,1220,43729.95,6,0,1
5762,60,Female,12,Premium,722.13,21328.75,3,27,1
5763,64,Female,14,Standard,1810.28,17727.31,2,12,0
5764,64,Female,50,Standard,693.21,11286.01,9,9,0
5765,59,Female,12,Premium,620.17,42139.45,0,12,0
5766,29,Male,56,Standard,1039.31,39727.12,8,19,1
5767,30,Female,56,Standard,1835.03,19524.16,4,25,0
5768,21,Male,15,Premium,1446.18,8883.21,1,20,0
5769,56,Female,19,Premium,1387.22,47623.42,5,17,0
5770,19,Male,28,Basic,1479.55,16135.07,1,17,0
5771,43,Male,40,Basic,1353.32,38669.04,5,26,1
5772,44,Female,41,Standard,1543.61,23420.95,8,3,0
5773,44,Male,5,Standard,466.25,39191.48,1,2,0
5774,32,Female,5,Premium,436.79,24339.66,0,15,0
5775,25,Male,6,Basic,788.11,46315.21,6,28,0
5776,24,Male,23,Basic,1716.82,40120.96,7,6,0
5777,64,Female,3,Premium,1457.46,13384.31,1,29,0
5778,63,Female,37,Premium,1176.3,21803.7,3,6,0
5779,57,Male,33,Premium,136.95,5479.2,7,1,0
5780,29,Male,43,Premium,548.02,45221.83,3,15,1
5781,30,Female,58,Basic,1626.68,3930.17,8,4,0
5782,60,Female,21,Premium,560.72,1402.96,0,20,0
5783,34,Female,20,Premium,1487.55,25073.44,9,29,1
5784,34,Male,1,Basic,450.81,30354.89,6,7,0
5785,53,Female,39,Premium,1252.1,11549.11,2,7,0
5786,38,Female,47,Basic,1293.6,28742.18,9,10,1
5787,25,Male,17,Basic,1528.74,44830.31,2,28,0
5788,22,Female,29,Premium,932.85,31492.7,6,19,1
5789,43,Female,8,Premium,1302.08,23059.17,5,9,1
5790,33,Female,26,Standard,1025.24,7649.23,2,0,0
5791,53,Female,28,Standard,1899.94,8862.62,1,5,0
5792,45,Male,34,Basic,1091.57,24475.56,5,27,0
5793,46,Female,26,Basic,498.24,23424.51,9,6,0
5794,64,Female,13,Standard,1369,26358.24,6,16,0
5795,29,Female,44,Basic,1142.09,25640.58,8,23,0
5796,54,Female,37,Standard,1627.28,17393.31,8,15,0
5797,47,Female,13,Premium,436.13,34945.25,8,13,1
5798,40,Female,38,Premium,595.79,11004.45,9,24,0
5799,33,Male,25,Premium,1851.1,42690.28,0,23,0
5800,31,Male,47,Basic,1867.05,10122.61,3,2,0
5801,27,Male,23,Premium,940.29,21086.43,3,8,1
5802,24,Female,22,Basic,190.73,10931.8,9,9,0
5803,62,Female,21,Premium,682.45,31113.41,7,2,0
5804,54,Female,54,Basic,569.53,24143.07,2,11,0
5805,46,Male,30,Basic,887.89,19028.54,0,3,0
5806,20,Female,11,Standard,703.82,24019.11,2,11,0
5807,32,Male,4,Standard,1675.09,21351.4,5,21,0
5808,53,Female,33,Standard,105.77,42830.69,6,22,0
5809,64,Female,47,Basic,1324.8,6651.19,8,12,0
5810,63,Male,12,Standard,1362.11,39762.48,4,23,1
5811,36,Male,9,Standard,1355.19,32938.81,4,6,0
5812,30,Male,32,Standard,1089.13,17741.86,2,18,1
5813,59,Male,11,Basic,1261.1,45995.55,2,26,0
5814,38,Male,37,Basic,1639.94,9258.81,8,26,1
5815,54,Male,24,Standard,1589.97,15859.27,2,17,0
5816,44,Female,7,Standard,165.79,19054.63,2,26,0
5817,46,Male,8,Basic,157.83,32565.92,8,17,0
5818,37,Female,33,Basic,1694,47347.36,3,29,1
5819,42,Female,25,Standard,1191.99,29875.67,5,27,0
5820,23,Female,1,Standard,1919.11,42887.15,0,28,1
5821,53,Female,3,Standard,920.02,45296.18,1,8,1
5822,19,Female,40,Basic,435.81,23589.95,2,6,1
5823,39,Male,28,Standard,999.15,23885.49,1,6,1
5824,49,Male,43,Basic,929.43,12874.89,9,20,0
5825,33,Male,33,Premium,1082.64,30278.53,2,12,1
5826,35,Female,46,Standard,1635.1,6441.38,4,5,1
5827,22,Male,1,Premium,1345.61,31899.27,0,6,0
5828,53,Female,38,Basic,452.02,44698.41,0,12,1
5829,47,Female,53,Premium,1495.51,38158.89,6,24,1
5830,62,Female,27,Standard,1224.6,32634.82,8,25,1
5831,36,Female,38,Premium,1198.79,42001,8,19,0
5832,40,Male,35,Premium,1388.69,36625.85,6,5,0
5833,51,Male,10,Premium,1171.53,26718.27,1,16,1
5834,30,Male,12,Basic,969.28,26292.69,6,22,1
5835,60,Male,10,Standard,1316.72,5796.66,8,19,0
5836,46,Male,54,Basic,1475.08,22003.53,6,17,0
5837,53,Female,34,Premium,528.96,26361.25,1,19,1
5838,39,Male,24,Premium,1044.39,23760.89,6,7,0
5839,64,Female,28,Basic,970.53,38912.69,3,17,1
5840,53,Female,22,Basic,175.82,8467.62,7,14,0
5841,26,Female,45,Premium,1685.43,39847.5,2,0,0
5842,56,Male,16,Standard,817.03,37212.31,4,0,0
5843,36,Female,13,Basic,238.11,45090.71,2,6,1
5844,55,Female,36,Premium,970.01,18986.02,6,15,1
5845,23,Male,36,Premium,406.81,9238.9,2,22,0
5846,64,Female,43,Standard,1438.39,38052.12,9,19,1
5847,32,Female,23,Premium,1186.37,29627.33,4,13,0
5848,37,Female,14,Basic,613.22,35768.37,0,27,0
5849,26,Male,32,Premium,1905.9,49838.65,3,20,1
5850,49,Female,3,Premium,654.32,10129.72,5,28,0
5851,21,Female,27,Premium,1154.49,20847.05,1,11,1
5852,35,Male,19,Premium,1622.98,10038.49,5,4,0
5853,22,Male,22,Standard,1076.4,43100.85,9,6,1
5854,37,Female,57,Basic,1925.63,1340.56,6,11,0
5855,40,Male,1,Premium,1703.32,7193.54,7,18,0
5856,28,Male,5,Basic,1849.94,12769.58,2,4,0
5857,54,Male,49,Standard,808.13,38680.5,9,6,0
5858,39,Male,33,Basic,1141.88,31608.48,2,27,0
5859,21,Male,51,Standard,1696.32,19736.31,4,26,0
5860,46,Male,19,Basic,1816.65,8355.67,2,6,0
5861,61,Male,36,Basic,1894.29,16419.63,8,12,0
5862,51,Female,51,Premium,1770.39,37299.3,6,24,1
5863,30,Male,6,Basic,1488.43,19406.61,4,19,1
5864,59,Male,15,Premium,146.01,23398.47,4,16,0
5865,26,Male,36,Premium,698.41,30626.99,0,29,0
5866,59,Female,56,Basic,344.98,45687.93,8,4,1
5867,48,Male,33,Premium,394.04,12880.21,1,13,1
5868,24,Male,24,Basic,652.72,22675.83,6,10,0
5869,21,Female,27,Premium,242.01,15860.91,6,19,0
5870,36,Male,49,Premium,561.76,23576.25,1,18,1
5871,59,Female,11,Standard,1918.26,34974.85,7,22,1
5872,47,Female,49,Standard,692.69,24362.17,7,24,0
5873,48,Male,23,Basic,403.45,41809.55,8,3,0
5874,52,Female,33,Premium,1464.77,27886.28,1,21,0
5875,38,Male,41,Standard,1674.16,19595.38,0,16,1
5876,48,Male,46,Standard,696.67,39224.89,8,16,0
5877,36,Female,47,Standard,629.14,21850.53,2,2,0
5878,48,Female,56,Premium,559.34,26019.86,9,13,0
5879,49,Male,29,Basic,847.2,49736.18,1,20,1
5880,19,Male,31,Premium,265.74,39428.37,9,5,0
5881,27,Female,1,Premium,1371.35,42829.54,1,24,0
5882,19,Male,34,Standard,1662.23,29846.13,1,24,0
5883,19,Male,18,Premium,1361,17736.72,7,9,1
5884,41,Male,18,Premium,900.28,49567.85,2,26,1
5885,34,Female,6,Standard,649.03,12578.99,0,16,1
5886,49,Male,52,Standard,877.95,43704.44,7,29,0
5887,33,Male,40,Premium,905.29,45609.42,1,1,0
5888,33,Male,1,Standard,1365.44,40968.96,5,26,0
5889,63,Female,47,Basic,1863.31,6147.16,7,11,0
5890,56,Female,42,Basic,234.11,42778.59,9,23,0
5891,48,Female,30,Basic,1911.37,33357.01,8,20,1
5892,60,Male,4,Basic,1829.38,34200.79,0,15,0
5893,41,Female,32,Basic,323.69,39433.31,8,15,0
5894,18,Male,10,Standard,448.81,24781.6,7,2,0
5895,28,Female,43,Standard,692.03,13724.28,5,24,0
5896,38,Male,5,Basic,1163.37,28959.14,4,17,0
5897,21,Female,9,Basic,355.5,5879.44,5,6,0
5898,24,Male,5,Basic,480.64,33902.85,1,9,0
5899,43,Male,11,Standard,1815.08,24405.58,2,7,0
5900,64,Female,35,Standard,307.67,25365.38,8,27,0
5901,29,Male,27,Premium,857.87,9698.19,2,17,1
5902,48,Female,4,Premium,1549.7,2543.5,9,16,1
5903,34,Female,10,Premium,1788.31,30757.85,6,2,1
5904,50,Male,39,Premium,738.48,33112.13,3,7,1
5905,28,Male,33,Standard,412.43,25165.45,8,19,0
5906,45,Female,59,Standard,1500.32,38403.7,3,28,0
5907,49,Female,38,Standard,1567.86,28403.95,9,4,0
5908,18,Female,8,Standard,1962.06,42485.7,9,24,1
5909,64,Male,49,Basic,365.13,14761.87,5,19,0
5910,45,Female,24,Premium,1447.9,12533.86,1,11,1
5911,59,Male,39,Standard,892.86,13426.69,6,24,0
5912,24,Male,33,Standard,1837.8,2010.66,2,5,0
5913,19,Female,41,Premium,874.88,45080.89,0,27,1
5914,59,Female,43,Standard,947.32,49959.73,6,22,0
5915,41,Male,19,Basic,340.91,40917.87,4,23,0
5916,21,Male,2,Standard,709.78,20923.51,6,9,1
5917,61,Male,55,Premium,861.6,18019.71,0,9,0
5918,36,Male,11,Basic,133.27,38846.79,4,0,0
5919,43,Female,35,Basic,931.39,25742.28,1,8,0
5920,28,Male,17,Premium,739.01,47003.16,0,17,0
5921,57,Female,42,Premium,1627.3,14339.19,5,2,0
5922,60,Female,3,Basic,303.51,16528.99,4,0,1
5923,28,Female,22,Standard,1544.4,49941.83,3,9,0
5924,62,Male,35,Premium,1456.62,48919.65,0,26,0
5925,20,Male,21,Basic,559.39,44316.99,4,2,0
5926,29,Female,25,Premium,258.22,20529.12,6,29,0
5927,20,Female,39,Standard,1699.48,41961.83,0,17,0
5928,59,Female,2,Standard,573.92,14527.96,3,6,0
5929,44,Female,1,Basic,376.56,13110.36,5,6,0
5930,19,Male,7,Standard,782.17,27548.66,7,21,1
5931,33,Female,20,Standard,861.68,43083.01,6,9,0
5932,19,Male,43,Standard,719.57,5324.92,6,27,0
5933,47,Male,55,Premium,1955.31,28482.64,7,26,1
5934,37,Male,6,Basic,1773.56,30682.05,6,12,1
5935,55,Male,55,Basic,1758.65,29199.99,3,3,0
5936,45,Female,36,Basic,857.66,11315.62,5,11,0
5937,42,Male,51,Standard,1929.45,3674.39,1,2,0
5938,49,Female,21,Premium,1399.63,44802.1,7,22,0
5939,27,Male,51,Basic,1680.79,28938.36,2,15,0
5940,59,Female,46,Premium,1051.66,38511.27,3,10,0
5941,57,Female,35,Basic,405.17,18539.63,1,2,1
5942,50,Female,36,Standard,1785.08,2603.86,8,24,1
5943,30,Female,8,Basic,1024.21,13348.48,1,25,0
5944,58,Female,50,Basic,1940.25,4131.6,5,7,0
5945,59,Male,4,Standard,584.24,4372.94,2,6,0
5946,64,Female,43,Standard,1985.52,11115.74,5,13,0
5947,54,Male,16,Basic,522.61,31862.12,3,1,0
5948,33,Female,3,Premium,799.52,40979.66,7,9,0
5949,62,Male,7,Standard,1228.63,41157.17,2,2,1
5950,39,Male,2,Basic,1417.31,46918.95,7,23,1
5951,37,Male,1,Standard,1468.54,32990.89,2,27,0
5952,60,Female,58,Premium,1004.88,1483.12,4,10,0
5953,44,Male,1,Basic,245.97,19181.42,1,18,0
5954,58,Female,38,Basic,1042.49,6017.29,5,7,0
5955,33,Female,51,Premium,735.91,38984.5,6,19,1
5956,51,Male,7,Premium,1349.55,6424.61,7,4,0
5957,49,Male,24,Basic,446.32,5743.16,3,29,0
5958,43,Female,5,Premium,848.43,1896.33,8,8,0
5959,42,Female,21,Premium,1935.63,47797.39,1,12,0
5960,19,Female,28,Basic,268.85,39392.65,7,10,0
5961,29,Female,18,Standard,1244.43,16998.89,5,25,1
5962,57,Female,24,Premium,272.23,19133.75,3,1,0
5963,26,Female,58,Standard,398.29,3441.71,1,11,1
5964,29,Male,32,Standard,1249.38,8316.89,3,2,0
5965,43,Female,45,Standard,943.59,15916.84,2,14,0
5966,26,Female,33,Premium,1142.15,19699.47,3,27,0
5967,27,Male,10,Basic,1771.76,31188.83,3,27,0
5968,49,Male,9,Basic,1652.76,17841.45,6,0,0
5969,51,Male,49,Basic,1787.16,47752.73,0,23,0
5970,37,Female,33,Basic,1270.88,17468.31,8,27,0
5971,56,Male,33,Basic,1030.32,47108.97,4,10,0
5972,19,Male,7,Basic,972.48,36628.05,2,24,1
5973,18,Female,4,Standard,1505.64,45044.93,6,9,0
5974,53,Female,28,Standard,1090.47,35306.28,6,24,1
5975,41,Female,23,Standard,300.96,28644.91,7,2,1
5976,44,Female,53,Premium,369.68,25699.6,9,13,0
5977,19,Male,32,Premium,778.46,14921.24,3,20,0
5978,48,Female,44,Premium,228.86,15259.61,8,15,1
5979,31,Male,16,Basic,554.54,11548.69,1,8,0
5980,19,Female,46,Standard,1347.16,19584.27,5,13,1
5981,46,Male,55,Premium,123.62,6785.16,2,20,0
5982,32,Female,10,Standard,1247.78,19686.45,7,0,0
5983,29,Female,14,Basic,1567.48,41770.32,7,0,0
5984,54,Female,39,Standard,423.29,43579.47,5,3,1
5985,45,Male,36,Basic,443.84,32320.1,3,22,0
5986,37,Male,34,Premium,154.83,13212.09,7,22,1
5987,56,Male,24,Basic,1073.66,12397.3,5,22,0
5988,41,Female,18,Basic,1343.72,14257.48,8,28,0
5989,38,Male,16,Standard,968.13,25251.94,6,21,0
5990,27,Female,41,Basic,839.95,48834,8,28,0
5991,63,Female,37,Premium,963.38,5904.63,7,0,0
5992,31,Female,41,Premium,1584.9,25275.35,3,26,1
5993,54,Male,25,Basic,163.68,34271.1,5,18,1
5994,35,Female,8,Standard,1589.26,12660.21,6,20,0
5995,41,Male,24,Premium,1366.05,48471.06,3,11,1
5996,31,Female,20,Premium,558.71,17776.58,3,19,0
5997,51,Female,48,Basic,1097.01,46651.6,9,26,1
5998,29,Female,30,Basic,193.65,30069.09,2,3,0
5999,39,Male,20,Premium,821.22,701.93,9,8,0
6000,23,Male,18,Basic,430.68,15900.05,5,6,0
6001,53,Female,4,Basic,142.37,1566.66,1,24,1
6002,62,Male,48,Premium,778.47,19383.05,3,28,0
6003,53,Male,36,Standard,1479.61,46660.43,7,13,0
6004,39,Female,6,Standard,1849.94,39061.34,2,22,1
6005,31,Female,3,Premium,1358.3,31196.54,7,25,0
6006,33,Male,18,Basic,863.74,27158.33,6,2,0
6007,53,Female,47,Premium,1999.04,18942.81,6,14,0
6008,42,Female,40,Premium,637.59,10971.22,8,10,0
6009,49,Male,18,Basic,455.55,3594.98,3,9,0
6010,50,Male,56,Standard,981,9912.26,7,19,0
6011,62,Female,23,Standard,1059.33,17900.24,1,14,1
6012,53,Male,35,Basic,774.16,26239.56,2,24,0
6013,37,Male,6,Premium,1421.45,10617.99,3,16,0
6014,35,Female,54,Basic,449.34,48729.27,8,18,0
6015,55,Female,26,Premium,1069.65,4304.08,0,10,0
6016,20,Female,21,Basic,1050.24,5192.19,6,19,0
6017,40,Female,24,Basic,1665.19,34288.82,1,15,1
6018,49,Male,15,Standard,1861.24,37875.55,4,3,0
6019,62,Male,27,Standard,1360.21,48636.35,0,6,1
6020,33,Female,32,Basic,680.21,26756.99,5,10,0
6021,22,Female,12,Basic,1410.26,8713.73,2,19,0
6022,21,Female,5,Standard,577.61,46927.48,5,25,0
6023,38,Female,7,Premium,1936.43,49021.6,7,23,0
6024,57,Male,22,Standard,1662.49,46213.94,7,16,0
6025,31,Male,27,Premium,919.26,43646.98,3,18,1
6026,56,Female,15,Standard,1590.25,4339.92,6,25,1
6027,48,Female,39,Standard,876.45,42816.22,5,9,1
6028,31,Male,45,Premium,241.76,47684.73,1,14,1
6029,23,Male,57,Basic,1442.86,27839.57,5,5,0
6030,29,Male,35,Standard,868.77,38743.1,1,12,0
6031,33,Male,26,Standard,1867.61,33214.33,3,2,0
6032,34,Female,23,Standard,682.47,14758.88,4,7,0
6033,62,Male,13,Basic,1702.33,29582.23,8,6,0
6034,40,Male,26,Standard,1392.83,44523.99,2,4,0
6035,31,Male,3,Basic,1721.32,25071.07,4,17,1
6036,24,Female,29,Standard,654.58,29712.19,1,26,0
6037,63,Female,2,Premium,976.56,26807.45,2,20,0
6038,49,Male,28,Standard,1663.95,14479.04,4,15,0
6039,32,Male,23,Standard,1323.26,32361.32,6,8,1
6040,61,Female,36,Basic,783.85,25718.77,5,10,1
6041,34,Female,49,Basic,1072.79,12011.03,1,20,0
6042,58,Male,6,Basic,1992.59,44821.22,8,27,1
6043,64,Female,11,Premium,1509.51,47527.27,7,18,0
6044,61,Male,38,Premium,1267.59,3240.95,8,13,0
6045,51,Female,54,Basic,1673.03,31306.26,8,6,1
6046,22,Male,34,Premium,939.86,21044.76,4,11,0
6047,62,Male,17,Basic,1905.12,26534.74,6,18,1
6048,44,Female,3,Premium,1148.84,19004.57,6,7,1
6049,40,Male,44,Basic,721.06,23980.74,9,20,0
6050,57,Female,46,Basic,263.44,16509.98,8,4,0
6051,31,Female,34,Premium,813.82,6321.36,8,5,1
6052,32,Female,22,Standard,1180.41,15450.62,5,10,1
6053,60,Male,29,Basic,1436.17,33681.45,2,25,1
6054,50,Male,54,Basic,1762.72,2993.89,7,28,0
6055,48,Male,29,Standard,1893.53,19445.25,0,21,0
6056,52,Female,5,Basic,294.66,2593.81,9,2,0
6057,34,Male,10,Basic,1241.72,18135.18,3,10,0
6058,45,Male,10,Premium,1366.52,4836.78,9,22,0
6059,36,Male,53,Standard,426.92,17312.18,1,24,0
6060,63,Male,9,Basic,1136.64,41985.34,4,11,0
6061,40,Female,21,Basic,736.18,30863.73,6,0,0
6062,49,Male,13,Standard,247.09,34273.57,0,3,0
6063,57,Female,10,Standard,225.15,25438.11,3,19,1
6064,30,Female,38,Premium,1542.5,46157.89,2,0,1
6065,37,Female,11,Premium,1269.37,27287.35,3,5,1
6066,52,Female,4,Premium,1458.73,5662.56,5,1,1
6067,22,Male,58,Basic,1402.03,46688.6,9,26,0
6068,26,Male,46,Standard,355.19,7086.64,5,12,0
6069,46,Male,31,Premium,387.97,49958.93,0,15,0
6070,23,Female,49,Standard,579.72,22051.52,2,10,0
6071,42,Male,52,Basic,858.29,4137.53,0,13,1
6072,48,Female,34,Basic,1884.43,43273.05,0,5,0
6073,39,Male,42,Standard,1380.4,5097.7,0,15,1
6074,19,Male,35,Standard,584.83,9134.4,2,16,1
6075,62,Male,39,Premium,206.37,21158.68,1,9,0
6076,22,Female,39,Standard,1400.03,33971.22,3,28,0
6077,44,Male,33,Premium,1288.11,6496.43,6,20,1
6078,42,Female,8,Standard,1383.95,31319.95,1,21,0
6079,25,Female,32,Standard,596.24,39129.13,1,25,0
6080,18,Female,55,Standard,1082.23,6613.06,6,12,0
6081,37,Male,33,Basic,787.24,32554.75,8,12,0
6082,61,Male,8,Basic,1653.63,47964.36,2,1,1
6083,40,Female,46,Basic,231.85,48386.05,9,0,0
6084,49,Female,14,Premium,623.34,8502.3,7,22,1
6085,28,Female,34,Premium,1245.61,38105.35,5,0,1
6086,56,Female,8,Basic,489.93,42408.31,5,29,1
6087,64,Female,51,Basic,1378.16,44503.68,2,6,1
6088,41,Male,42,Standard,359.87,16522.23,9,12,0
6089,28,Male,7,Standard,143.34,13870.86,8,16,0
6090,46,Male,13,Premium,1740.64,2869.12,8,8,0
6091,43,Female,54,Premium,733.54,20273.85,3,12,1
6092,33,Female,21,Standard,398.01,6635.84,9,15,1
6093,52,Male,47,Premium,428.15,39419.74,5,4,0
6094,37,Male,32,Basic,1783.2,7576.85,4,21,0
6095,63,Female,11,Standard,1343.42,41035.81,3,29,0
6096,20,Female,58,Standard,1917.06,5826.87,1,6,0
6097,18,Female,14,Premium,1620.08,24290.47,3,0,0
6098,64,Male,11,Standard,1558.33,19539.4,6,7,1
6099,18,Female,2,Standard,1049.66,30276.42,2,5,0
6100,34,Female,34,Basic,1659.53,26179.21,2,11,0
6101,19,Female,44,Standard,884.04,30132.01,2,1,0
6102,46,Male,47,Standard,1671.3,547.7,8,0,0
6103,37,Female,17,Standard,1539.71,6811.43,0,14,0
6104,23,Male,14,Standard,1389.03,26097.45,4,16,0
6105,25,Female,25,Basic,726.46,11868.47,8,19,0
6106,46,Female,48,Standard,1298.35,4277.7,6,2,0
6107,50,Male,27,Basic,1062.9,11276.2,0,29,0
6108,20,Female,8,Basic,976.93,39103.05,3,26,1
6109,52,Male,56,Basic,1981.47,27313.86,5,5,1
6110,22,Female,17,Premium,1058.36,9908.81,4,15,0
6111,44,Male,5,Premium,160.77,1290.93,1,9,0
6112,61,Female,12,Standard,1290.29,18200.98,0,12,1
6113,29,Male,38,Basic,1483.22,18194.74,3,7,0
6114,37,Male,18,Premium,1781.85,36888.7,9,16,0
6115,62,Female,26,Standard,1302.1,46012.09,4,27,1
6116,37,Male,31,Premium,136.97,18914.7,3,6,0
6117,26,Female,37,Basic,327.51,34562.57,2,23,0
6118,56,Male,6,Standard,406.36,31927.82,9,4,1
6119,21,Female,41,Basic,501.4,21392.97,7,7,1
6120,36,Female,15,Basic,1619.58,3761.56,5,28,1
6121,55,Female,42,Premium,688.54,23936.49,2,26,0
6122,44,Female,49,Standard,693.49,18029.86,5,0,1
6123,62,Male,26,Standard,1535.62,27734.62,9,1,0
6124,60,Female,51,Standard,883.63,6707.16,7,3,0
6125,30,Female,12,Premium,222.82,36349.87,6,0,0
6126,30,Female,41,Standard,1211.74,39493.65,0,28,0
6127,39,Female,47,Premium,347.13,19728.85,5,20,1
6128,45,Female,14,Standard,1186.16,9176.16,0,9,0
6129,64,Male,1,Premium,1581.31,31367.11,3,2,0
6130,62,Female,17,Standard,1866.03,47812.69,9,1,0
6131,39,Male,33,Premium,227.4,35174.91,2,6,0
6132,60,Male,55,Basic,677.54,6612.37,6,1,0
6133,36,Female,29,Basic,1339.68,20162.39,1,24,0
6134,25,Female,53,Basic,699.36,45810.76,3,5,1
6135,25,Male,54,Standard,956.95,31903.92,4,7,1
6136,59,Male,45,Premium,138.17,7784.03,1,2,0
6137,43,Male,31,Basic,1417.65,36367.31,8,20,1
6138,43,Female,8,Standard,1778.23,17999.18,1,18,0
6139,40,Male,30,Premium,1956.03,24731.95,5,8,0
6140,60,Male,13,Basic,1678.01,21044.8,7,0,1
6141,30,Female,16,Basic,160.37,36421.98,6,7,0
6142,45,Male,2,Standard,1338.52,11286.35,5,5,0
6143,26,Female,45,Premium,1041.75,19724.3,7,22,0
6144,37,Male,18,Standard,1882,37355.01,4,1,1
6145,36,Female,35,Basic,1814.06,35386.75,9,22,0
6146,56,Male,45,Standard,1977.29,10486.34,8,13,1
6147,29,Female,19,Standard,1737.68,17857.86,1,0,0
6148,32,Female,13,Basic,1139.1,1211.02,5,6,1
6149,48,Male,51,Basic,1458.31,26743.54,9,10,0
6150,31,Female,4,Premium,1932.89,14406.6,6,15,0
6151,28,Male,19,Premium,1198.42,1087.36,8,23,0
6152,43,Female,50,Basic,1695.96,21522.9,4,1,0
6153,59,Female,25,Basic,1890.2,46380.05,5,25,0
6154,44,Female,38,Premium,1184.02,46208.36,8,17,0
6155,28,Female,51,Standard,402.39,18919.09,9,18,1
6156,55,Female,57,Basic,395.57,22734.31,5,9,1
6157,51,Female,31,Basic,319.1,12512.73,0,3,0
6158,60,Female,36,Standard,1005.01,3881.23,3,23,0
6159,36,Male,4,Premium,1012.27,34849.37,3,27,1
6160,23,Male,56,Premium,1273.01,40102.61,2,2,1
6161,63,Female,39,Standard,1017.46,44065.18,7,12,0
6162,55,Female,7,Basic,1948.8,46796.72,5,5,0
6163,59,Female,58,Standard,653.49,45840.19,6,28,0
6164,45,Male,55,Basic,1760.25,1855.48,8,9,0
6165,18,Female,58,Premium,290.63,48915.7,7,26,0
6166,52,Male,16,Basic,1243.64,19285.35,2,7,0
6167,57,Female,59,Basic,1331.82,44362.33,3,9,1
6168,25,Female,48,Basic,1567.24,22317.63,0,1,1
6169,64,Female,5,Basic,1055.74,21398.43,3,19,0
6170,24,Female,47,Basic,474.73,1053.94,8,14,0
6171,28,Female,23,Premium,801.1,3095.85,4,0,0
6172,56,Male,36,Standard,617.11,33728.31,2,10,0
6173,21,Female,32,Premium,896.3,46913.21,1,23,0
6174,42,Male,24,Basic,1106.94,11607.81,5,0,0
6175,29,Male,25,Standard,1287.63,5148.99,3,27,1
6176,43,Female,45,Basic,1705.73,11085.92,5,24,1
6177,55,Female,28,Premium,1829.02,11009.83,2,21,0
6178,63,Female,19,Premium,978.9,15010.21,2,15,0
6179,29,Male,7,Basic,268.48,5189.8,0,11,0
6180,60,Male,44,Basic,1614.42,12158.57,8,29,0
6181,54,Male,58,Standard,1006.6,46103.1,6,28,0
6182,63,Female,41,Standard,1138.25,44565.85,8,11,0
6183,41,Male,17,Basic,1232.01,16157.06,0,18,1
6184,33,Male,2,Standard,1368.95,49846.23,7,12,0
6185,30,Male,16,Basic,1791.19,15268.48,1,7,0
6186,42,Female,39,Basic,1909.08,36230.58,2,1,0
6187,21,Male,18,Basic,1886.32,32378.44,0,26,0
6188,28,Male,39,Premium,1637.98,3695.43,6,18,0
6189,49,Female,1,Basic,1789.56,17443.69,4,13,0
6190,24,Female,3,Basic,194.34,47599.23,2,22,0
6191,63,Female,21,Basic,1713.31,3017.91,3,26,1
6192,28,Male,30,Standard,237.3,9156.77,9,0,0
6193,45,Male,11,Basic,1517.77,48561.82,5,24,0
6194,58,Male,22,Premium,421.79,2469.74,5,25,0
6195,40,Female,47,Premium,784.21,22607.06,1,8,0
6196,62,Male,57,Basic,449.95,45958.38,6,18,0
6197,40,Female,25,Basic,942.58,47212.1,1,13,0
6198,45,Female,3,Basic,882.32,48976.38,8,3,0
6199,60,Male,30,Premium,191.32,24325.4,1,1,0
6200,64,Male,24,Standard,1677.95,4780.76,4,9,0
6201,43,Male,45,Standard,1722.95,38748.81,7,26,0
6202,42,Female,36,Basic,1596.26,35594.68,7,28,0
6203,46,Female,23,Standard,1710.45,29190.86,3,14,0
6204,36,Male,54,Premium,1526.67,44467.68,6,0,0
6205,50,Female,8,Basic,1881.22,45622.72,7,28,0
6206,53,Male,54,Standard,1195.15,34320.59,7,10,0
6207,31,Male,4,Basic,1207.02,6048.95,4,15,1
6208,31,Male,50,Basic,1733.83,5228.5,9,12,1
6209,52,Female,39,Premium,763.89,20727.17,1,7,1
6210,47,Female,43,Premium,195.16,14988.68,1,26,0
6211,45,Male,31,Standard,1524.73,7082.67,4,8,1
6212,34,Male,29,Premium,583.72,30753.95,3,14,0
6213,20,Female,59,Basic,1001.05,34334.73,3,24,0
6214,33,Male,36,Premium,556.84,35049.43,2,25,0
6215,63,Female,13,Standard,1671.47,9176.22,8,28,1
6216,47,Male,41,Standard,1920.76,15639.27,7,4,0
6217,46,Female,9,Standard,204.54,10353.12,3,20,1
6218,62,Male,55,Premium,543.41,30266.04,6,20,1
6219,32,Female,21,Premium,460.17,28570.53,7,21,0
6220,63,Male,51,Premium,1379.09,25414.02,5,19,0
6221,42,Female,3,Premium,914.49,15154.8,1,17,0
6222,55,Female,25,Premium,966.9,12234.12,7,1,0
6223,59,Female,25,Standard,398.45,44575.19,2,27,0
6224,64,Female,12,Standard,888,2918.27,3,21,0
6225,55,Male,29,Premium,676.13,32991.72,3,4,1
6226,40,Female,11,Basic,1261.26,1469.06,6,19,1
6227,42,Female,52,Standard,512.75,10094.99,7,15,0
6228,59,Male,11,Basic,1268.14,14829.43,8,15,1
6229,24,Female,49,Basic,817.72,44381.06,0,21,0
6230,39,Male,26,Standard,757.96,7317.88,0,28,0
6231,34,Female,53,Basic,680.56,46921.42,6,3,0
6232,35,Female,14,Basic,1380.28,40865.09,3,25,1
6233,58,Female,16,Standard,1168.59,34112.8,9,19,0
6234,27,Female,56,Standard,1718.27,20881.43,7,21,1
6235,27,Female,10,Premium,559.06,45310.22,4,10,1
6236,24,Female,31,Standard,176.23,26633.77,0,28,0
6237,55,Male,31,Basic,445.84,18874.77,1,19,0
6238,44,Male,36,Standard,752.38,29488.39,9,28,0
6239,50,Female,10,Premium,441.34,11997.25,2,15,1
6240,18,Female,26,Standard,258.67,14007.47,1,24,1
6241,61,Male,20,Basic,946.14,46006.07,8,28,0
6242,51,Male,44,Standard,1386.17,39799.38,6,22,0
6243,21,Female,9,Basic,1527.98,25918.29,1,11,1
6244,34,Female,15,Standard,857.58,21120.09,6,28,0
6245,21,Female,9,Premium,1008.28,40474.71,9,5,0
6246,60,Female,7,Premium,1535.39,28746.5,0,15,0
6247,43,Female,26,Standard,770.14,21044.17,4,18,1
6248,21,Female,24,Basic,1591.06,26014.72,4,10,0
6249,18,Male,12,Premium,1938.01,12019.11,8,11,0
6250,24,Female,20,Basic,1772.91,10497.51,3,3,1
6251,47,Female,56,Standard,961.83,49459.99,3,12,1
6252,26,Male,14,Premium,1201.09,48494.8,5,1,1
6253,52,Male,22,Premium,1461.21,21330.94,1,18,0
6254,25,Male,16,Basic,763.67,26005.45,9,10,1
6255,41,Male,29,Premium,1618.55,41446.11,5,0,0
6256,36,Female,32,Basic,930.14,36428.86,6,8,0
6257,53,Male,19,Basic,1709,5427.69,3,9,1
6258,60,Male,55,Standard,583.99,19043.25,9,2,0
6259,44,Female,35,Basic,121.62,12882.49,8,7,0
6260,49,Male,43,Premium,1302.11,49635.19,4,15,1
6261,31,Male,32,Basic,958.59,37560.73,2,3,0
6262,35,Female,55,Premium,213.66,2864.38,8,10,1
6263,45,Female,53,Basic,1026.46,45051.88,0,7,0
6264,46,Female,20,Standard,420.28,46433.94,7,6,1
6265,33,Female,51,Standard,1296.52,16996.81,0,19,0
6266,52,Female,40,Basic,945.59,32277.9,9,14,0
6267,64,Female,20,Basic,425.14,34260.93,7,22,0
6268,48,Female,8,Basic,882.68,36612.61,4,27,0
6269,21,Male,58,Standard,542.15,34828.61,6,7,1
6270,54,Male,35,Basic,1340.88,28206.04,7,9,0
6271,34,Female,42,Basic,660.77,47715.27,0,18,0
6272,56,Male,13,Premium,1661.83,25862.52,0,4,0
6273,63,Female,41,Standard,126.91,5990.2,6,26,0
6274,43,Male,6,Standard,866.49,4481.06,0,2,0
6275,56,Female,47,Basic,1272.45,1409.64,3,6,0
6276,58,Male,16,Basic,142.96,21682.21,5,5,0
6277,21,Female,5,Premium,510.1,14025.2,1,16,1
6278,47,Male,53,Basic,722.1,44813.34,9,9,1
6279,47,Female,45,Standard,141.5,43423.82,4,20,0
6280,39,Male,51,Premium,1138.71,41973.2,9,28,0
6281,28,Male,34,Standard,1298.65,43430.27,9,28,1
6282,19,Female,6,Basic,532.29,15231.48,9,19,1
6283,61,Male,59,Premium,1132.62,21592.82,5,14,0
6284,29,Male,33,Standard,1998.34,15931.03,4,1,1
6285,47,Male,15,Standard,1785.15,4761.01,9,0,0
6286,53,Male,15,Standard,211.46,46240.29,7,11,0
6287,35,Male,14,Basic,342.98,30988.35,3,12,0
6288,43,Female,39,Basic,1039.37,7061.34,7,11,1
6289,24,Female,5,Basic,565.88,10699.92,2,11,0
6290,18,Male,52,Basic,253.84,22812.26,6,6,0
6291,43,Female,57,Standard,583.65,3068.76,4,6,0
6292,40,Male,26,Premium,216.24,13963.59,4,5,0
6293,43,Female,48,Basic,1106.83,35320.6,5,12,1
6294,62,Male,17,Premium,1031.48,46060.12,4,20,1
6295,23,Male,43,Standard,112.02,46472.21,0,8,1
6296,23,Male,47,Basic,1016.78,26241.44,8,15,1
6297,61,Male,52,Standard,1087.63,15951.69,3,1,1
6298,25,Female,16,Basic,1250.84,46076.91,4,26,1
6299,41,Female,35,Basic,1943.19,39438.43,0,10,0
6300,39,Female,38,Premium,1967.12,29562.04,2,29,0
6301,36,Male,53,Standard,1101.17,41810.37,2,2,0
6302,54,Female,23,Standard,1705.85,23212.1,7,8,0
6303,35,Female,13,Standard,261.81,6053.64,7,11,1
6304,48,Male,33,Premium,1109.19,46942.79,8,28,0
6305,54,Male,29,Premium,1389.91,26933.35,9,1,0
6306,47,Male,53,Standard,1172.98,34916.88,6,18,1
6307,59,Female,46,Standard,538.37,19918.47,5,5,1
6308,50,Female,34,Basic,219.05,7219.21,7,25,0
6309,27,Male,34,Basic,834.67,13958.15,2,22,1
6310,54,Female,27,Premium,1330.52,2661.8,9,17,0
6311,29,Male,15,Basic,1984.25,4835.19,9,12,0
6312,47,Female,59,Standard,549.41,10643.5,9,13,0
6313,44,Male,50,Standard,1843.8,28270.05,7,7,0
6314,56,Female,9,Basic,229.7,49647.79,2,8,0
6315,26,Female,26,Basic,1868.88,42264.3,1,12,1
6316,38,Female,3,Premium,1681.5,4750.42,8,29,0
6317,29,Male,36,Basic,139.8,42196.01,0,16,0
6318,46,Male,47,Premium,666.55,27047.41,9,5,0
6319,50,Male,5,Basic,196.82,33186.01,9,19,1
6320,60,Female,20,Basic,1991.46,6923.4,1,9,0
6321,32,Male,20,Basic,912.9,20074.29,6,10,0
6322,19,Female,5,Basic,1358.13,44264.02,0,9,0
6323,56,Male,10,Standard,544.96,21555.6,4,20,1
6324,61,Male,16,Standard,1874.1,6792.12,8,5,1
6325,35,Female,25,Standard,620.93,15898.23,8,5,0
6326,20,Female,44,Basic,594.41,11465.23,3,14,0
6327,24,Male,25,Premium,697.74,34501.4,9,6,1
6328,60,Male,30,Basic,978.73,45595.87,1,24,1
6329,35,Female,14,Standard,135.21,36807.75,8,11,1
6330,61,Female,22,Premium,1235.89,42259.19,3,19,0
6331,55,Male,43,Premium,160.17,40387.97,2,8,1
6332,54,Female,28,Standard,1124.48,1222.91,2,0,0
6333,50,Male,30,Basic,969.98,6656.32,6,24,0
6334,61,Male,19,Premium,560.84,21457.26,1,27,0
6335,48,Male,38,Premium,726.56,6048.44,4,23,0
6336,28,Female,42,Standard,1440.75,36879.27,1,15,1
6337,21,Male,20,Premium,118.24,3974.28,6,17,0
6338,35,Male,35,Premium,701.63,21103.97,6,22,0
6339,21,Female,22,Premium,1392.56,19918.32,2,6,0
6340,51,Female,15,Basic,389.32,27400.56,2,17,1
6341,46,Female,11,Basic,1164.73,31654.18,7,7,0
6342,41,Male,54,Standard,420.97,47374.34,6,21,0
6343,39,Female,34,Basic,394.05,13923.65,3,14,0
6344,19,Female,57,Premium,1567.33,33466.23,1,5,1
6345,61,Male,24,Basic,606.4,2236.7,2,27,0
6346,23,Male,6,Premium,813.96,549.85,2,26,0
6347,59,Male,17,Premium,1487.03,1755.23,4,20,0
6348,42,Male,28,Basic,441.09,22721.13,6,11,1
6349,38,Female,50,Basic,1110.3,27973.15,3,26,1
6350,33,Male,31,Basic,1843.86,807.48,0,14,0
6351,48,Female,36,Basic,1152.27,20122.37,2,23,0
6352,31,Male,55,Standard,192.81,2522.41,2,14,0
6353,56,Male,9,Basic,1220.42,32837.55,0,28,1
6354,45,Female,10,Standard,271.29,31745.99,7,9,0
6355,49,Female,21,Premium,636.04,39317.11,3,8,0
6356,45,Female,58,Standard,1714.38,27539.91,4,13,0
6357,26,Male,34,Premium,121.03,31336.02,2,20,1
6358,62,Male,31,Standard,246.33,14331.26,3,13,0
6359,39,Female,29,Standard,790.39,4729.96,0,16,0
6360,49,Female,43,Premium,1998.85,36996.66,3,10,1
6361,22,Male,43,Standard,654.54,30787.24,1,5,0
6362,40,Female,11,Premium,398.82,46947.43,9,11,1
6363,22,Female,33,Basic,1143.9,49466.68,5,27,0
6364,59,Male,58,Premium,1086.58,42440.56,1,16,0
6365,49,Female,46,Standard,954.28,49288.28,8,28,1
6366,27,Male,1,Basic,1898.64,32548.59,1,4,0
6367,56,Male,21,Standard,632.28,5051.48,3,5,0
6368,32,Male,23,Basic,657.32,4946.71,3,2,0
6369,24,Female,57,Premium,366.49,40452.43,0,27,1
6370,46,Female,9,Basic,1424.85,12224.59,6,0,1
6371,64,Female,56,Basic,710.6,3518.92,0,17,0
6372,20,Female,1,Basic,1625.21,23877.59,7,13,0
6373,36,Male,21,Standard,1946.34,16074.97,2,11,0
6374,27,Male,22,Basic,183,29613.38,7,11,0
6375,45,Female,54,Premium,1986.93,30207.48,7,10,0
6376,46,Female,4,Premium,582.8,34234.3,9,27,0
6377,32,Female,1,Premium,898.21,29033.9,9,18,1
6378,52,Female,51,Basic,1577.71,19355.44,4,2,0
6379,23,Male,10,Premium,1364.13,1671.5,2,1,0
6380,29,Female,15,Standard,1579.03,45301.88,8,21,0
6381,64,Male,52,Premium,986.03,16682.63,0,6,0
6382,55,Female,36,Basic,1840.53,25603.95,0,20,0
6383,30,Female,29,Premium,1600.89,28068.41,1,22,0
6384,46,Female,52,Basic,687.53,16085.22,9,11,0
6385,36,Male,46,Basic,1902.11,15769.81,5,18,0
6386,20,Female,5,Premium,1926,13412.65,1,26,0
6387,25,Male,29,Standard,888.6,12545.99,3,20,0
6388,25,Male,47,Standard,1338.72,2004.59,5,12,0
6389,37,Female,47,Premium,1648.06,47916.77,1,18,0
6390,64,Male,27,Basic,1652.87,29967.15,3,3,0
6391,21,Male,25,Premium,126.83,5849.32,6,21,1
6392,38,Male,16,Basic,1295.13,29801.94,0,11,0
6393,20,Female,16,Basic,1950.03,11996.26,8,29,1
6394,62,Male,36,Basic,539.56,15878.76,9,3,0
6395,25,Male,25,Standard,1611.66,40157.83,9,12,0
6396,40,Female,41,Standard,1115.07,44347.2,6,19,0
6397,33,Female,1,Premium,520.79,35141.28,8,6,0
6398,30,Male,5,Standard,196.97,46662.78,6,5,0
6399,20,Male,41,Basic,1543.85,45298.84,0,11,0
6400,26,Male,20,Basic,701.29,27782.92,6,11,1
6401,31,Male,5,Premium,813.61,45438.41,8,15,1
6402,30,Female,36,Basic,1021.94,27477.4,7,12,0
6403,24,Female,29,Premium,1063.67,5661.56,3,16,0
6404,32,Male,48,Premium,491.75,41558.04,4,7,0
6405,24,Female,34,Basic,1374.22,6994.52,2,0,0
6406,55,Male,58,Standard,1415.83,16140.03,9,11,0
6407,51,Female,48,Basic,370.37,19299.74,9,24,0
6408,58,Female,18,Basic,1112.53,40460.65,1,19,0
6409,39,Male,2,Premium,1257.59,4635.07,2,6,0
6410,41,Male,16,Standard,453.88,22524.6,6,20,0
6411,54,Male,29,Premium,1799.48,22117.43,7,11,0
6412,61,Male,33,Basic,1017.37,29316.93,1,25,0
6413,18,Female,16,Premium,318.55,18016.5,8,18,0
6414,27,Female,35,Premium,735.35,29069.54,3,12,0
6415,60,Male,47,Basic,1006.22,49301.77,1,23,0
6416,33,Female,43,Premium,119.27,4041.68,6,29,0
6417,63,Female,42,Basic,160.63,43794.11,1,9,0
6418,25,Male,17,Premium,205.49,15777.16,6,1,0
6419,42,Male,4,Standard,1122.46,23552.96,7,26,0
6420,29,Female,49,Basic,738.57,37185.32,8,25,0
6421,42,Male,4,Standard,1796.9,45546.8,0,2,0
6422,34,Male,51,Premium,1162.54,949.24,1,11,0
6423,43,Female,25,Standard,1543.8,33278.52,1,4,0
6424,63,Female,33,Standard,1405.55,3942.84,6,4,0
6425,31,Male,14,Standard,1088.61,26521.09,5,4,1
6426,58,Female,24,Premium,1514.97,37613.12,8,6,0
6427,53,Male,11,Basic,1134.94,8891.94,2,7,0
6428,40,Male,25,Premium,832.37,38307.36,7,23,0
6429,60,Female,28,Premium,928.03,15822.12,4,26,0
6430,23,Female,7,Premium,1693.15,30722.28,4,18,0
6431,64,Male,49,Basic,1170.22,33073.03,9,23,0
6432,22,Male,36,Premium,816.86,32624.55,4,15,0
6433,60,Male,10,Premium,441.51,1417.97,7,9,0
6434,42,Female,49,Basic,1041.18,8037.56,6,12,1
6435,35,Male,36,Basic,579.57,42882.03,6,1,1
6436,30,Female,31,Basic,1915.6,47022.19,3,3,0
6437,60,Male,19,Standard,1032.87,28401.56,5,1,1
6438,31,Female,18,Basic,117,30050.08,0,20,0
6439,45,Male,49,Standard,276.47,37874.01,5,2,0
6440,35,Female,6,Standard,640.22,20602.21,4,9,0
6441,45,Male,28,Premium,275.11,16736.81,0,25,1
6442,44,Male,7,Standard,1798.53,38525.98,0,10,0
6443,49,Male,38,Premium,1723.27,1900.14,2,2,0
6444,64,Male,57,Standard,1944.64,44324.64,3,4,1
6445,26,Female,12,Basic,1442.28,22324.67,0,19,0
6446,57,Female,41,Premium,1326.38,25459.32,9,5,0
6447,49,Female,50,Standard,1854.64,31896.77,6,20,1
6448,37,Female,34,Premium,1898.15,14082.09,1,25,0
6449,45,Female,25,Basic,1767.23,30070.68,3,12,0
6450,50,Male,17,Standard,1736.8,34805.43,8,4,0
6451,21,Female,53,Standard,1376.24,6337.61,7,2,0
6452,63,Female,33,Basic,103.05,26263.3,1,19,1
6453,51,Female,23,Standard,916.08,16806.3,8,29,1
6454,20,Female,9,Standard,1307.76,28089.21,0,11,0
6455,43,Male,6,Premium,1139.54,1554.07,5,28,0
6456,25,Male,2,Standard,1660.14,37262.68,2,2,0
6457,23,Male,38,Basic,1655.91,8836.02,0,18,0
6458,33,Male,9,Standard,1237.5,34624.65,7,14,0
6459,41,Female,3,Premium,141.79,38556.34,5,9,1
6460,56,Female,16,Standard,801.73,37754.29,3,24,1
6461,47,Male,25,Premium,534.75,40966.35,2,25,0
6462,62,Male,24,Standard,743.7,15733.38,9,5,0
6463,30,Female,47,Premium,1272.86,48372.1,1,15,0
6464,22,Female,29,Premium,226.28,1679,4,14,0
6465,42,Male,44,Standard,142.26,24319.4,7,25,1
6466,37,Male,55,Basic,930.06,13879.1,7,1,0
6467,35,Male,40,Basic,1607.79,37124.08,2,16,0
6468,64,Male,26,Standard,158.33,40358.55,8,15,1
6469,35,Female,38,Standard,1713.19,41208.43,9,2,0
6470,19,Female,35,Standard,829.37,15196.75,4,18,0
6471,27,Female,23,Standard,324.65,14069.96,6,3,0
6472,62,Male,4,Standard,1178.25,34008.32,8,19,1
6473,64,Female,59,Basic,1909.49,46445.13,6,28,1
6474,29,Female,42,Premium,1130.77,13083.16,9,29,0
6475,64,Male,14,Premium,1404.61,45574.69,2,4,0
6476,30,Male,53,Basic,1651.2,29777.34,1,12,0
6477,64,Male,56,Basic,1618.75,37027.93,6,19,0
6478,28,Male,47,Premium,238.93,22274.66,9,27,0
6479,36,Male,39,Basic,1507.89,40439.43,7,1,0
6480,52,Male,7,Standard,1903.95,48539.4,3,26,0
6481,56,Female,8,Basic,1431.24,8943.5,0,11,0
6482,43,Female,42,Basic,1689.24,19585.19,5,16,0
6483,63,Female,51,Basic,1022.54,43191.6,8,9,0
6484,31,Female,19,Basic,706.23,9245.31,3,22,0
6485,62,Female,2,Premium,1384.85,20941.69,2,8,1
6486,61,Female,47,Premium,1035.18,8722.7,5,8,1
6487,41,Male,1,Premium,1801.05,32594.23,5,26,1
6488,58,Male,42,Premium,1951.33,12296.8,3,16,0
6489,18,Male,38,Standard,1657.62,19349.7,6,8,0
6490,60,Female,54,Standard,1986.09,24811.12,1,13,1
6491,39,Female,13,Premium,761.9,15207.88,0,16,0
6492,40,Male,42,Premium,1801.94,34155.1,5,16,0
6493,36,Male,44,Premium,726.87,6006.85,2,1,0
6494,35,Male,24,Basic,324.27,44050.14,2,25,0
6495,29,Male,32,Standard,1280.61,24326.35,0,26,1
6496,45,Male,30,Standard,964.48,28854.3,1,14,0
6497,45,Female,6,Basic,1851.23,31295.42,2,10,0
6498,50,Female,38,Basic,1035.17,3454.26,0,21,1
6499,36,Female,33,Basic,1862.5,37971.04,7,24,0
6500,45,Male,44,Standard,249.4,47324.12,5,4,0
6501,54,Female,55,Basic,1677.97,26235.44,8,8,0
6502,43,Male,23,Basic,1542.32,19848,0,8,1
6503,52,Female,10,Basic,1467.96,39347.39,3,13,0
6504,51,Male,57,Premium,774.76,36157.47,3,7,0
6505,52,Male,46,Basic,1589.14,32723.3,4,10,0
6506,57,Female,15,Premium,1018.26,48284.9,1,11,1
6507,33,Female,23,Standard,1458.89,29297.83,0,6,0
6508,55,Female,56,Standard,1149.23,12794.6,8,2,0
6509,30,Female,36,Standard,399.14,1725.92,4,25,1
6510,40,Female,57,Premium,222.66,22946.37,7,2,1
6511,39,Male,1,Basic,795.75,32790.02,2,13,0
6512,33,Female,8,Standard,1872.3,9020.89,3,3,1
6513,45,Female,3,Basic,1106.5,1775.31,3,24,0
6514,52,Male,14,Premium,1624.16,45499.93,5,27,0
6515,62,Female,17,Standard,1194.31,15446.4,3,13,0
6516,63,Male,34,Basic,1920.02,23569.45,4,13,0
6517,25,Female,47,Basic,801.97,5008.01,4,2,0
6518,61,Female,6,Standard,208.4,19389.86,7,12,0
6519,39,Male,5,Basic,1583.27,21476.78,8,7,0
6520,38,Female,46,Premium,1440.37,45185.85,7,23,1
6521,43,Female,51,Standard,1102.32,43340.15,4,5,0
6522,57,Female,41,Standard,720.14,9855.6,5,1,0
6523,38,Female,40,Standard,457.7,28025.08,3,5,0
6524,42,Male,29,Standard,1016.32,36696.77,1,19,0
6525,58,Male,35,Premium,1365.78,14946.6,4,13,1
6526,18,Female,18,Premium,1199.88,20024.43,0,6,0
6527,23,Female,40,Basic,931.23,49251.62,0,26,1
6528,40,Male,48,Premium,1125.42,38106.74,0,16,0
6529,40,Male,30,Basic,305.11,22140.41,3,2,0
6530,60,Female,15,Basic,1422.1,26937.04,4,29,0
6531,60,Male,53,Standard,1495.09,31476.23,3,13,0
6532,40,Male,15,Basic,121.76,25192.61,5,23,1
6533,49,Male,16,Standard,613.99,20875.19,1,0,1
6534,47,Male,57,Basic,275.02,18287.81,4,28,1
6535,30,Female,33,Premium,1996.64,8864.59,5,25,1
6536,60,Male,10,Standard,1227.35,48694.25,4,11,0
6537,35,Female,19,Basic,984.9,5024.93,5,2,1
6538,40,Female,37,Premium,979.7,30250.61,7,18,0
6539,32,Male,50,Premium,1933.07,48000.32,1,11,0
6540,50,Female,3,Standard,1353.73,19059.12,6,23,0
6541,38,Female,36,Standard,420.45,12994.86,5,13,0
6542,56,Male,4,Standard,951.5,47798.39,9,0,0
6543,40,Male,11,Basic,1570.97,40186.1,7,25,0
6544,44,Male,41,Standard,904.37,32923.74,8,4,0
6545,62,Female,33,Premium,688.11,30793.43,7,6,0
6546,61,Female,28,Premium,1983.31,18326.24,4,19,0
6547,35,Female,32,Standard,1877.71,32245.31,3,25,1
6548,41,Female,57,Standard,1888.96,36388.76,2,18,0
6549,64,Male,16,Premium,350.18,2070.68,9,25,0
6550,57,Female,9,Basic,545.08,6325.66,8,5,0
6551,59,Male,11,Premium,939.93,16097.97,6,20,1
6552,24,Male,6,Premium,1681.05,16494.86,0,17,0
6553,37,Male,59,Premium,1499.97,45075.54,2,5,0
6554,44,Male,49,Standard,1714.37,34383.02,2,10,1
6555,23,Female,27,Basic,1849.45,18988.47,5,28,0
6556,44,Male,12,Basic,1583.46,40555.51,1,28,0
6557,26,Female,22,Standard,597.36,16498.15,3,28,0
6558,62,Male,40,Premium,642.35,49542.43,1,2,0
6559,48,Male,48,Standard,769.73,39190.18,4,8,1
6560,38,Male,37,Standard,675.84,40515.31,3,2,1
6561,43,Female,21,Basic,573.29,13418.14,3,24,1
6562,57,Male,33,Basic,1529.72,7679.17,3,5,0
6563,62,Male,17,Standard,164.58,19782.18,3,23,0
6564,30,Male,56,Standard,1483.95,17044.67,4,8,0
6565,40,Male,29,Basic,1664.77,38606.69,1,7,1
6566,37,Female,53,Basic,225.48,9127.26,5,26,0
6567,54,Female,40,Premium,217.51,26609.58,0,29,1
6568,45,Male,10,Standard,642.38,31595.57,9,1,0
6569,34,Male,18,Premium,495.78,19565.69,1,18,0
6570,45,Female,47,Premium,1204.15,10430.06,2,23,0
6571,58,Female,52,Premium,1383.36,44835.51,1,15,1
6572,19,Female,13,Basic,1304.87,7372.58,2,4,0
6573,42,Male,27,Premium,778.96,15538.32,7,9,0
6574,58,Female,10,Basic,1046.96,37950.09,2,19,1
6575,23,Male,32,Basic,1315.98,30462.92,9,21,0
6576,28,Female,41,Basic,326.91,36666.95,0,11,0
6577,55,Female,45,Standard,536.07,40533.95,7,11,0
6578,23,Male,3,Premium,1791.94,44821.95,7,28,1
6579,62,Female,22,Basic,750.42,15575.97,6,5,1
6580,28,Male,27,Standard,1622.2,23978.11,3,13,0
6581,31,Female,55,Standard,576.88,34571.35,4,6,0
6582,19,Male,3,Standard,179.12,39839.91,9,20,0
6583,57,Female,33,Basic,1050.76,29101.93,5,0,0
6584,20,Female,2,Basic,1795.72,25930.53,5,13,0
6585,52,Male,11,Basic,1656.64,34742.3,6,14,0
6586,50,Male,46,Standard,580.58,19410.44,3,12,1
6587,41,Male,10,Basic,1828.88,44738.36,7,23,1
6588,36,Male,39,Premium,1011.46,11004.84,1,29,1
6589,35,Female,55,Basic,193.1,44258.21,8,0,0
6590,41,Female,33,Basic,153.06,32359.03,5,19,1
6591,62,Female,58,Premium,1021.72,30232.59,0,18,0
6592,52,Female,7,Basic,1138.01,23762.77,0,18,0
6593,18,Female,15,Basic,251.83,8159.93,7,5,0
6594,53,Female,26,Basic,1852.26,43314.24,9,23,1
6595,42,Male,11,Basic,1464.61,3100.43,9,4,0
6596,62,Female,38,Standard,1622.44,13863.3,6,21,1
6597,60,Female,27,Basic,1209.64,5930.48,2,27,0
6598,51,Male,54,Premium,1360.73,5788.35,7,21,0
6599,42,Female,39,Premium,836.93,19825.93,7,27,0
6600,33,Female,7,Standard,1390.66,8441.07,6,16,0
6601,51,Female,1,Basic,1958.55,29278.6,4,14,1
6602,46,Male,10,Premium,1330.66,31544.37,7,6,0
6603,36,Male,21,Standard,749.1,44163.64,4,16,0
6604,40,Female,15,Basic,641.95,15333.56,0,11,0
6605,36,Male,30,Standard,1930.36,15804.33,7,29,0
6606,42,Female,30,Basic,451.5,12695.25,6,6,0
6607,33,Female,8,Standard,1631.77,39199.61,6,28,0
6608,26,Female,24,Standard,984,21688.97,1,12,1
6609,18,Male,19,Premium,943.14,27844.89,2,7,1
6610,59,Female,3,Premium,1520.32,19043.57,2,3,0
6611,36,Female,55,Standard,381.27,8262.24,9,7,0
6612,50,Female,15,Basic,985.96,5575.22,5,21,0
6613,51,Female,36,Basic,168.08,43479.54,5,15,1
6614,33,Female,6,Basic,1373.77,13641.34,2,15,0
6615,61,Male,57,Basic,210.92,47110.19,4,21,0
6616,57,Female,42,Basic,265.85,47391.03,8,10,0
6617,35,Male,50,Premium,1705.17,24206.62,6,26,1
6618,51,Female,48,Standard,941.61,47950.12,8,8,0
6619,42,Male,18,Premium,481.85,1910.12,1,21,1
6620,62,Female,38,Basic,1225.91,5036.7,9,27,0
6621,23,Female,19,Standard,1086.64,12543.83,9,10,1
6622,38,Male,49,Basic,880.73,10855.07,0,4,1
6623,23,Male,50,Basic,1820.29,13005.57,1,9,1
6624,49,Female,30,Standard,1523.97,22888.57,5,25,0
6625,58,Male,13,Basic,388.03,3614.61,9,5,0
6626,60,Male,39,Premium,1184.47,27991.72,6,15,1
6627,56,Female,52,Premium,268.61,15817.98,7,11,1
6628,48,Female,12,Premium,564.84,4041.6,5,7,0
6629,59,Female,34,Basic,1828.73,37783.86,5,24,0
6630,27,Female,59,Premium,977.95,32844.77,2,25,0
6631,47,Female,12,Basic,1795,39774.79,8,28,0
6632,35,Male,44,Basic,415.4,46992.08,1,12,0
6633,41,Female,24,Premium,490.15,29495.38,4,12,0
6634,26,Male,4,Premium,770.37,39442.44,2,15,0
6635,48,Female,36,Basic,796.02,10359.54,0,25,0
6636,32,Female,50,Basic,1516.03,20813.16,1,10,1
6637,21,Male,48,Basic,1238.88,26738.51,5,23,0
6638,57,Female,14,Basic,1151.17,27290.08,9,7,0
6639,26,Male,17,Premium,1244.51,36057.7,0,22,1
6640,62,Male,49,Basic,1491.16,39899.08,1,12,0
6641,26,Male,3,Basic,1796.35,33509.22,9,0,0
6642,43,Female,38,Basic,888.01,2838.65,4,19,0
6643,21,Female,23,Basic,1625.56,17885.23,0,19,0
6644,34,Female,13,Basic,1040.68,28835.73,9,27,1
6645,33,Female,9,Standard,1471.95,25639.54,3,18,0
6646,32,Female,21,Standard,1762.17,2717.45,4,3,0
6647,52,Female,41,Standard,161.21,49041.51,4,27,0
6648,22,Male,8,Premium,1138.6,47827.22,4,1,0
6649,22,Female,17,Basic,1979.82,38801.21,9,18,0
6650,37,Female,16,Premium,1042.83,3239.99,8,18,0
6651,32,Female,16,Basic,1742.18,21795.29,8,9,1
6652,35,Female,59,Standard,453.21,20783.59,4,16,0
6653,64,Male,28,Basic,1248.15,28122.29,5,22,0
6654,19,Male,51,Premium,1753.58,3268.46,7,19,0
6655,46,Male,56,Premium,919.91,21471,6,7,0
6656,30,Male,16,Basic,1024.77,38013.05,5,8,0
6657,21,Male,57,Premium,255.83,49901.39,3,17,1
6658,59,Female,46,Standard,180.13,29974.44,2,1,0
6659,62,Male,52,Basic,990.55,47060.31,3,17,0
6660,27,Male,46,Standard,1702.6,49927.65,2,7,0
6661,48,Female,14,Standard,1869.52,22021.71,7,1,1
6662,58,Female,46,Premium,1351.44,33600.18,5,21,1
6663,25,Male,44,Basic,1670.16,11054.15,5,15,1
6664,20,Female,38,Standard,1496.22,24044.5,0,4,0
6665,63,Female,20,Standard,1432.82,4381.37,4,9,0
6666,26,Male,45,Basic,1561.16,1942.91,7,8,1
6667,47,Female,48,Premium,1060.08,44699.51,1,1,0
6668,28,Male,41,Standard,970.08,42990.82,2,15,1
6669,52,Male,34,Basic,402.37,15947.2,8,15,1
6670,54,Female,54,Basic,1703.25,23119.18,3,16,0
6671,59,Male,59,Standard,184.77,24933.71,9,1,0
6672,30,Male,29,Standard,608.14,26274.71,4,25,0
6673,53,Female,3,Standard,1087.84,7161.26,6,4,0
6674,30,Female,10,Premium,1946.04,38865.41,4,7,1
6675,29,Female,20,Premium,1593.35,17716.88,1,23,0
6676,54,Female,2,Basic,800.48,2068.91,6,1,0
6677,27,Male,27,Basic,1456.5,33989.8,5,11,1
6678,26,Female,32,Standard,1869.6,41578.94,8,12,0
6679,24,Female,56,Basic,1123.88,45947.28,1,15,0
6680,19,Male,10,Premium,977.69,33883.06,1,4,0
6681,40,Male,40,Basic,1150.69,9968.31,7,11,1
6682,56,Male,17,Basic,691.91,29694.14,9,14,0
6683,57,Male,58,Standard,1823.96,45632.22,0,29,0
6684,56,Female,54,Standard,1614.84,17852.72,7,28,1
6685,38,Female,33,Premium,1440.42,47690.86,4,1,0
6686,40,Male,6,Basic,1219.27,5335.11,0,11,1
6687,46,Male,39,Basic,1942,36538.61,9,22,0
6688,31,Male,47,Basic,665.64,6435.6,0,9,0
6689,43,Male,18,Standard,637.96,40044.33,5,7,1
6690,22,Female,9,Premium,560.06,5333.96,9,20,0
6691,48,Male,8,Basic,1509.37,16623.39,1,10,0
6692,42,Female,25,Basic,1614.84,38954.65,1,11,1
6693,48,Male,31,Basic,1234.52,23279.57,0,16,0
6694,37,Female,42,Basic,1338.77,44192.98,0,28,0
6695,61,Female,4,Premium,763.03,20386.02,3,6,0
6696,34,Female,20,Premium,175.54,49750.43,4,14,1
6697,62,Female,28,Premium,581.91,1424.4,3,18,0
6698,19,Male,40,Standard,1210.18,34955.08,5,28,1
6699,42,Female,1,Basic,1644.57,45836.44,7,1,0
6700,30,Male,40,Basic,1576.67,27031.33,1,29,1
6701,56,Female,55,Basic,441.03,49431.21,0,5,0
6702,45,Female,44,Basic,197.75,35547.21,1,1,0
6703,59,Male,23,Premium,1716.06,21761.55,9,13,1
6704,23,Male,57,Standard,243.62,26011.18,5,25,1
6705,20,Female,47,Standard,847.29,43934.74,3,7,0
6706,52,Female,13,Basic,279.03,47900.38,6,15,1
6707,35,Male,16,Premium,1171.69,28016.37,1,18,0
6708,28,Female,26,Standard,790.34,15703.94,0,17,0
6709,37,Male,55,Standard,484.74,12346.59,4,23,1
6710,22,Male,31,Basic,1230.82,24113.89,8,28,1
6711,36,Male,50,Standard,790.44,15168.76,5,12,0
6712,39,Female,1,Basic,416.9,21331.42,5,5,0
6713,36,Female,17,Premium,1430.16,41806.11,0,28,0
6714,64,Male,16,Basic,1689.94,23863.39,0,3,0
6715,33,Male,55,Standard,620.11,32223.51,3,20,0
6716,41,Male,37,Basic,454.21,4960.29,1,9,0
6717,58,Male,52,Basic,242.98,38225.3,2,14,0
6718,21,Female,53,Basic,1103.01,24403.76,5,22,0
6719,32,Male,10,Basic,1679.46,18366.66,9,11,1
6720,42,Female,58,Basic,576.5,30743.98,0,27,0
6721,61,Male,38,Basic,975.21,5548.3,9,19,0
6722,52,Female,44,Standard,405.53,20992.93,1,11,0
6723,31,Female,31,Basic,867.98,40643.14,3,29,1
6724,36,Female,10,Standard,129.35,13472.17,5,26,0
6725,55,Female,54,Basic,1830.39,45747.76,2,6,0
6726,53,Female,49,Premium,1385.49,30380.36,8,5,1
6727,24,Male,34,Basic,732.35,27268.79,9,4,0
6728,47,Male,51,Standard,1774.28,20278.76,3,18,0
6729,36,Female,52,Standard,447.57,37228.97,6,13,0
6730,42,Male,6,Premium,249.59,28441.15,4,0,1
6731,33,Male,28,Basic,1890.98,39928.84,5,23,0
6732,64,Male,28,Premium,687.13,16918.11,8,10,1
6733,57,Male,59,Basic,1878.35,35249.71,8,29,0
6734,25,Male,13,Basic,1311.46,47200.41,5,22,0
6735,35,Male,41,Standard,1962.08,14355.98,1,21,0
6736,45,Male,12,Premium,1531.52,49059.58,8,3,1
6737,33,Female,50,Premium,300.42,20821.1,1,20,0
6738,36,Male,40,Standard,1719.23,2407.35,1,13,0
6739,59,Male,57,Standard,380.97,18206.21,1,20,0
6740,34,Male,50,Premium,1415.18,7907.29,6,17,0
6741,62,Female,57,Standard,1050.77,15562.13,3,5,0
6742,30,Female,55,Basic,1444.68,5250.5,7,26,1
6743,24,Male,57,Premium,1553.48,9321.08,7,4,0
6744,44,Female,54,Premium,1626.96,6771.6,0,16,0
6745,27,Female,2,Standard,1686.46,2652.08,0,24,0
6746,51,Male,8,Basic,1709.73,15161.23,3,6,0
6747,53,Female,42,Premium,883.89,47077.52,1,29,0
6748,42,Male,9,Premium,1789.53,47494.97,2,10,0
6749,23,Female,56,Basic,1467.2,42409,9,13,0
6750,41,Male,50,Standard,1694.04,1100.96,1,29,0
6751,35,Female,8,Standard,1979.46,1892.11,9,1,0
6752,40,Male,51,Standard,321.19,1012.69,8,21,1
6753,23,Male,3,Standard,804.1,18648.68,5,29,0
6754,46,Female,9,Basic,1632.44,49022.77,6,16,0
6755,42,Male,13,Basic,263.98,44893.47,5,1,1
6756,34,Male,9,Premium,1127.48,12901.49,0,14,1
6757,63,Female,31,Premium,1730.96,20804.65,4,6,1
6758,41,Male,25,Basic,136.08,41309.2,2,2,0
6759,28,Male,52,Premium,1885.09,38049.88,9,22,0
6760,43,Female,44,Basic,1958.48,7064.59,7,5,0
6761,51,Male,55,Standard,712.33,5834.96,6,20,0
6762,45,Female,45,Basic,1556.9,27414.17,8,25,0
6763,20,Male,8,Basic,341.63,5554.54,0,29,0
6764,28,Female,47,Premium,1568.44,41338.42,1,8,0
6765,55,Female,31,Basic,1014.89,13039.67,1,9,0
6766,31,Male,45,Standard,1734.52,9822.32,0,20,0
6767,43,Female,53,Standard,503.95,9690.74,7,29,1
6768,38,Male,45,Premium,1378.05,2738.96,3,20,0
6769,56,Male,31,Premium,1593.63,32270.82,6,7,0
6770,47,Female,17,Basic,484.74,8642.55,9,6,1
6771,25,Male,47,Premium,1654.75,12050.23,0,0,0
6772,37,Male,57,Standard,1920.17,37689.65,7,9,1
6773,49,Female,54,Premium,1270.55,3345.32,7,17,0
6774,39,Male,19,Premium,1591.22,10535.88,9,15,1
6775,24,Male,3,Standard,1111.91,7892.75,2,3,0
6776,26,Female,46,Basic,1236.4,740.03,8,8,0
6777,62,Male,30,Basic,125.37,27197.44,4,22,1
6778,18,Male,10,Premium,1096.15,9906.68,4,17,1
6779,46,Female,49,Standard,1193.57,31828.87,4,10,1
6780,25,Male,29,Standard,1373.09,25338.09,0,11,1
6781,21,Male,40,Standard,421.84,33559.96,9,7,0
6782,52,Female,18,Basic,558.61,49087.43,1,0,1
6783,20,Male,12,Standard,1536.41,11383.77,0,7,0
6784,62,Male,49,Standard,418.51,33460.92,1,4,0
6785,57,Female,23,Basic,890.45,41763.74,8,0,0
6786,24,Female,11,Standard,575.93,47890.62,8,2,0
6787,44,Male,9,Basic,1135.85,31305.55,4,26,0
6788,18,Male,54,Premium,1975.05,6976.28,3,12,0
6789,44,Female,56,Premium,1718.87,3165.47,1,28,0
6790,33,Male,24,Premium,612,14286.4,5,28,0
6791,55,Male,25,Premium,800.36,46443.79,8,15,0
6792,24,Male,55,Premium,1845.4,27078.13,7,22,0
6793,61,Female,25,Basic,1806.76,29175.62,9,11,0
6794,40,Male,47,Basic,405,30724.83,3,6,0
6795,58,Male,9,Basic,1675.62,16944.65,5,7,0
6796,28,Female,12,Standard,665.46,9488.75,8,10,0
6797,59,Female,11,Premium,1133.23,47734.96,9,12,0
6798,50,Female,49,Standard,109.69,37891.56,9,10,0
6799,53,Male,38,Standard,1997.32,25796.98,3,3,0
6800,54,Male,28,Standard,1546.08,19146.91,8,5,1
6801,58,Female,8,Premium,559.29,24397.23,7,27,0
6802,34,Male,10,Standard,1399.21,2166.43,2,22,1
6803,52,Male,25,Premium,657.28,12750.93,8,23,0
6804,22,Male,47,Premium,269.97,12909.95,4,29,0
6805,49,Male,36,Premium,908.09,22544.69,0,18,0
6806,20,Female,50,Standard,1266.07,12195.33,7,20,0
6807,64,Female,43,Premium,270.58,9680.13,4,7,1
6808,52,Male,9,Premium,1084.97,38393.62,4,5,0
6809,31,Female,41,Basic,1078.24,44728.52,1,16,0
6810,48,Male,8,Standard,1294.43,3823.43,8,17,0
6811,48,Male,3,Basic,564.83,10877.86,5,2,0
6812,34,Female,53,Basic,139.22,38797.5,9,29,1
6813,41,Female,18,Standard,717.23,40883.82,2,11,1
6814,40,Male,46,Basic,857.3,25257.93,6,14,0
6815,35,Male,35,Premium,1307.91,34896.7,1,6,1
6816,31,Male,17,Basic,1867.33,4341.22,6,12,0
6817,32,Male,36,Basic,486.43,42551.67,1,29,0
6818,32,Female,53,Premium,1405.93,41720.07,4,9,1
6819,23,Female,28,Basic,285.06,34823.4,9,18,0
6820,44,Male,50,Premium,462.18,45858.19,9,8,1
6821,32,Male,15,Standard,1067.36,2857.9,8,24,0
6822,53,Female,19,Basic,1445.92,11932.69,8,27,0
6823,25,Male,22,Standard,1731.28,18446,5,11,1
6824,32,Female,6,Basic,1513.42,8350.15,2,27,0
6825,20,Male,47,Premium,129.17,40833.97,3,10,0
6826,64,Female,7,Basic,1399.47,37981.06,3,23,0
6827,30,Male,44,Standard,1666.85,38776,8,24,0
6828,58,Male,48,Premium,1098.51,14919.03,3,7,0
6829,51,Male,9,Premium,1934.64,38252.97,3,8,0
6830,41,Female,20,Standard,108.19,6591.34,4,3,0
6831,57,Female,37,Standard,1655.45,5786.62,5,19,1
6832,49,Male,11,Basic,736.16,29410.84,7,4,0
6833,49,Male,2,Basic,1335.85,2909.1,0,6,0
6834,47,Male,22,Premium,1417.62,46963.2,4,8,0
6835,30,Male,48,Standard,681.87,16777.9,8,3,0
6836,18,Female,36,Standard,1991.31,24113.11,9,22,0
6837,51,Female,5,Basic,296.18,40754.85,3,11,0
6838,32,Female,7,Basic,398.36,20302.62,7,11,0
6839,61,Male,6,Premium,1795.16,21816.94,8,5,0
6840,31,Male,56,Standard,326.44,17723.23,0,12,0
6841,46,Female,22,Standard,824.44,17910.31,7,8,1
6842,51,Male,10,Standard,1492.97,23663.79,7,24,0
6843,35,Female,46,Standard,1603.83,47323.46,4,8,0
6844,24,Female,40,Basic,1913.87,46832.9,9,20,0
6845,46,Female,46,Basic,1600.19,27485.5,1,2,1
6846,48,Female,46,Basic,1704.61,23070.01,6,12,0
6847,42,Male,20,Premium,1903.81,40503.98,4,5,1
6848,55,Female,28,Standard,1152.01,34205.99,4,17,1
6849,31,Male,23,Basic,752.52,44137.39,5,22,1
6850,25,Female,35,Standard,1547.06,36665.29,9,13,0
6851,44,Female,1,Basic,410.73,47641.04,7,28,0
6852,19,Female,29,Premium,229.64,44369.16,0,22,1
6853,34,Female,9,Basic,1592.13,42834.83,2,1,0
6854,54,Male,9,Premium,1906.28,19881.63,6,5,0
6855,31,Male,22,Standard,940.65,19617.51,8,19,0
6856,42,Male,2,Basic,406.15,37189.54,9,6,1
6857,47,Male,16,Basic,1044.34,4645.58,1,7,0
6858,46,Female,40,Basic,847.3,16449.62,3,9,1
6859,37,Male,58,Standard,807.7,46645.08,3,12,1
6860,38,Male,6,Premium,1293.35,22780.01,6,26,0
6861,39,Female,55,Premium,432,13859.96,4,0,0
6862,52,Male,13,Basic,822.91,24084.38,4,4,0
6863,54,Male,33,Standard,1750.49,14785.19,6,24,0
6864,33,Male,19,Premium,1486.36,38528.91,1,29,0
6865,60,Male,15,Premium,205.62,42604.95,7,1,0
6866,34,Female,33,Premium,1076.42,39241.58,5,3,1
6867,33,Female,10,Premium,273.46,7877.83,4,23,0
6868,19,Male,1,Premium,1919.24,17134.83,0,11,0
6869,21,Female,12,Basic,564.82,11091.57,1,4,0
6870,38,Male,43,Basic,1871.98,2618.56,5,23,1
6871,56,Male,29,Basic,1684.62,37089.18,5,14,0
6872,51,Male,17,Premium,1147.59,21703.8,8,9,0
6873,47,Female,4,Premium,738.98,14192.84,5,25,0
6874,23,Female,29,Premium,1730.1,15722.61,0,16,0
6875,34,Female,55,Basic,390.29,7183.31,6,13,0
6876,56,Female,7,Premium,441.95,41424.65,2,6,0
6877,42,Female,44,Basic,526.97,7624.26,7,21,0
6878,22,Female,13,Premium,1235.62,17246.66,5,1,1
6879,22,Male,5,Basic,697.22,865.7,2,22,1
6880,37,Female,6,Standard,1979.44,22102.37,2,2,0
6881,33,Male,34,Premium,470.71,18062.63,7,3,0
6882,58,Male,53,Premium,1630.66,36095.55,5,29,1
6883,54,Female,7,Basic,282.09,35908.02,1,15,0
6884,57,Male,46,Premium,771.55,2412.25,2,15,1
6885,26,Male,57,Basic,563.15,6235.26,5,26,0
6886,22,Male,54,Basic,1955.99,45278.99,6,21,0
6887,59,Female,28,Standard,148.89,39694.02,3,2,0
6888,19,Female,46,Standard,1471.17,19779.5,7,16,0
6889,26,Male,10,Premium,570.67,8735.54,2,25,1
6890,60,Female,4,Premium,1641.37,13408.67,5,16,0
6891,53,Male,3,Basic,691.33,33072.32,6,21,0
6892,39,Female,25,Basic,455.84,47301.9,7,19,0
6893,39,Male,23,Basic,1416.78,30979.04,3,6,0
6894,39,Male,27,Basic,589.4,1809.06,4,24,0
6895,51,Female,14,Premium,1022.54,32710.55,5,29,1
6896,46,Female,38,Standard,349.91,47265.21,0,7,1
6897,55,Female,32,Premium,1476.74,18252.73,8,18,1
6898,63,Female,23,Premium,872.99,46711.01,2,6,0
6899,50,Female,47,Premium,367.1,33695.68,1,0,0
6900,35,Male,40,Standard,1509.03,9896.86,6,15,0
6901,24,Male,37,Premium,296.39,7692.63,3,17,0
6902,18,Male,3,Standard,1192.16,9226.83,3,24,1
6903,50,Female,35,Basic,1254.22,35111.62,9,25,1
6904,18,Female,13,Premium,1867.67,29681.3,8,7,0
6905,41,Male,34,Basic,386.86,23049.41,6,6,1
6906,21,Male,24,Basic,1341.36,13536.06,8,26,0
6907,21,Male,1,Basic,823.46,45407.94,0,9,0
6908,35,Male,12,Premium,861.55,11080.3,2,1,0
6909,44,Female,8,Basic,1053.47,14538.51,9,14,0
6910,60,Male,19,Premium,544.19,3218.45,9,13,1
6911,49,Female,9,Basic,976.25,14128.6,5,1,0
6912,50,Male,28,Premium,1405.01,46183.43,0,6,1
6913,45,Female,14,Premium,968.51,9786.4,4,22,0
6914,59,Female,27,Premium,180.77,10596.16,3,21,1
6915,58,Female,18,Basic,589.87,30198.88,3,25,1
6916,53,Female,42,Premium,767.77,28564.2,6,11,1
6917,23,Male,41,Basic,773.97,9209.95,4,4,0
6918,33,Male,6,Standard,253.91,8136.11,6,5,0
6919,51,Male,33,Basic,954.18,6290.36,0,15,0
6920,40,Female,37,Basic,1414.7,43123.73,8,11,0
6921,59,Male,42,Premium,192.48,32894.54,7,8,0
6922,41,Male,25,Basic,1526.76,47695.56,6,19,0
6923,30,Male,13,Standard,1914.7,8708.76,9,11,0
6924,35,Female,54,Premium,117.74,23299.88,1,9,0
6925,30,Female,23,Basic,468.02,37280.8,5,16,0
6926,54,Female,36,Basic,1132.63,11070.64,3,24,0
6927,60,Male,33,Premium,514.29,34391.5,2,23,1
6928,56,Male,21,Premium,1552.79,23953.27,7,10,0
6929,59,Male,34,Basic,693.06,21826.03,3,17,0
6930,34,Female,56,Basic,657.89,32427.38,2,3,0
6931,32,Male,36,Premium,101.76,23650.88,4,2,0
6932,35,Female,17,Premium,613.24,41090.64,8,18,0
6933,40,Female,10,Standard,513.57,46560.81,9,5,0
6934,47,Female,23,Standard,752.16,29648.51,2,22,1
6935,51,Female,44,Standard,380.55,15379.43,8,7,1
6936,21,Male,59,Premium,1229.83,38972.5,3,6,0
6937,20,Male,2,Premium,553.61,8939.24,9,14,1
6938,24,Female,35,Premium,1680.33,5202.05,3,11,1
6939,35,Male,14,Basic,640.66,26177.21,1,14,0
6940,59,Female,57,Premium,500.65,32513.42,7,8,1
6941,24,Male,47,Basic,207.83,41832.4,3,1,1
6942,57,Male,45,Premium,1505.82,47783.01,2,25,1
6943,23,Female,41,Premium,1065.6,43730.24,2,19,0
6944,39,Female,2,Basic,316.19,49440.63,0,14,0
6945,18,Female,19,Premium,520.54,24047.15,7,17,0
6946,21,Female,16,Premium,1997.57,16168.61,4,12,1
6947,63,Male,43,Premium,1631.45,23255.46,4,15,0
6948,60,Female,44,Standard,764.75,32384.46,3,14,1
6949,46,Male,25,Premium,1130.85,25609.2,4,10,0
6950,38,Female,1,Basic,890.43,31888.93,4,2,0
6951,43,Male,2,Basic,169.14,44392.77,8,28,1
6952,31,Female,48,Basic,1579.49,8707.69,5,9,1
6953,26,Male,27,Premium,1462.27,6453.07,8,16,0
6954,64,Male,2,Basic,876.72,25176.68,7,29,1
6955,29,Male,58,Standard,1707.2,49097.52,2,7,1
6956,59,Female,30,Basic,1116,3422.65,1,4,1
6957,23,Female,51,Premium,223.9,49334.59,5,20,0
6958,37,Female,10,Standard,592.87,48401.48,1,7,1
6959,41,Female,19,Basic,977.37,14983.68,2,14,1
6960,44,Male,42,Standard,296.55,44604.69,2,10,1
6961,55,Male,16,Basic,1185.05,884.05,0,8,0
6962,25,Male,13,Premium,329.08,22976.03,4,24,0
6963,18,Female,48,Standard,480.97,20405.11,7,25,1
6964,41,Male,50,Basic,1798.57,45181.57,8,24,0
6965,64,Male,56,Basic,1999.64,23878.66,6,1,1
6966,24,Female,8,Standard,1145.48,21187.97,4,6,1
6967,36,Female,56,Standard,1277.33,32159.93,7,15,1
6968,39,Male,50,Standard,1615.12,19102.06,8,6,0
6969,52,Female,31,Standard,1422.67,27059.7,8,3,0
6970,47,Female,45,Basic,446.69,47800.55,8,4,0
6971,46,Female,25,Basic,882.18,10529.56,1,13,0
6972,39,Female,59,Basic,1116.72,23216.18,2,21,0
6973,28,Male,39,Premium,783.45,1261.18,1,6,0
6974,37,Male,21,Standard,434.6,42190.74,4,12,0
6975,46,Male,55,Basic,1498.62,5054.86,2,17,1
6976,58,Male,56,Standard,477.81,5190.74,8,9,0
6977,59,Male,57,Standard,594.92,44200.55,1,1,0
6978,51,Female,50,Basic,644.39,20760.15,4,12,0
6979,18,Male,38,Standard,407.38,34521.12,4,1,0
6980,48,Male,41,Standard,1714.15,42963.4,4,28,0
6981,47,Female,29,Standard,1260.17,19036.64,0,29,0
6982,35,Female,6,Standard,1686.02,13446.6,9,14,0
6983,34,Female,18,Standard,1038.09,8891.14,6,4,0
6984,55,Male,49,Basic,1087.17,30552.41,1,21,1
6985,31,Female,44,Basic,1270.67,12987.49,1,10,0
6986,40,Female,35,Standard,804.75,31897.26,8,5,1
6987,42,Female,27,Standard,1043.51,16198.54,0,18,1
6988,32,Male,5,Standard,1139.14,17714.95,8,27,1
6989,63,Female,7,Premium,1911.73,12831.16,5,14,0
6990,39,Female,10,Standard,1777.53,21214.18,4,3,0
6991,20,Male,10,Premium,345.57,8525.43,4,6,1
6992,36,Female,51,Premium,178.44,16325.48,4,22,0
6993,61,Male,57,Premium,1392.63,39005.07,5,21,0
6994,51,Male,58,Basic,193.48,11173.14,6,16,0
6995,52,Female,28,Premium,214.67,47382.1,8,9,0
6996,18,Male,36,Standard,402.6,24899.63,1,21,0
6997,38,Female,10,Standard,768.24,5792.54,3,29,1
6998,46,Female,50,Basic,926.49,47181.53,4,28,0
6999,23,Female,35,Basic,1086.82,23105.57,5,16,0
7000,54,Female,53,Standard,1985.35,28069.78,6,10,0
7001,18,Male,35,Basic,831.94,9667.14,2,20,0
7002,18,Female,37,Basic,561.23,16998.79,2,21,0
7003,44,Female,48,Premium,1192.98,35330.08,8,15,0
7004,38,Female,20,Premium,508.79,6636.49,8,6,0
7005,33,Male,13,Basic,1887.03,28737.71,1,7,0
7006,61,Male,11,Standard,592.58,34829.38,3,15,0
7007,57,Female,58,Premium,1980.87,590.91,3,15,0
7008,43,Male,45,Standard,895.47,41960.03,4,24,0
7009,33,Male,19,Basic,1644.1,3288.5,1,21,1
7010,45,Female,28,Standard,1331.73,12722.55,3,26,0
7011,18,Female,38,Standard,1873.64,48195.47,2,22,0
7012,53,Female,56,Standard,1288.31,4511.52,5,3,1
7013,27,Female,45,Standard,1204.31,41384.06,3,25,0
7014,60,Female,4,Basic,1340.42,32773.92,0,6,0
7015,34,Male,57,Basic,1594.28,30119.74,2,25,1
7016,40,Female,54,Premium,1807.8,29293.28,7,16,0
7017,24,Female,37,Premium,606.95,8739.7,2,2,1
7018,61,Female,19,Premium,481.69,33606.69,6,16,0
7019,24,Female,37,Premium,165.26,47605.77,1,10,1
7020,61,Female,53,Standard,803.15,4313.21,4,7,0
7021,32,Male,14,Premium,1707.75,16954.42,6,18,1
7022,51,Female,31,Premium,232.73,23876.46,0,6,1
7023,63,Male,28,Standard,1123.19,11998.41,0,17,0
7024,62,Female,36,Basic,1420.1,37174.12,7,27,0
7025,21,Female,44,Premium,1690.02,34586.83,1,27,0
7026,31,Female,38,Basic,1208.52,6329.97,3,20,0
7027,31,Male,19,Premium,454.01,28688.39,2,14,0
7028,33,Female,42,Basic,1932.62,18759.21,4,18,0
7029,24,Female,1,Premium,279.84,11804.91,1,25,1
7030,49,Female,23,Basic,1561.1,42490.54,5,2,1
7031,36,Female,55,Basic,264.46,3206.36,7,29,0
7032,19,Female,28,Premium,372.5,23635.82,4,15,1
7033,27,Female,48,Basic,1806.61,24027.92,6,14,0
7034,34,Female,4,Premium,1530.84,28721.06,4,4,0
7035,54,Male,41,Premium,794.47,10280.91,5,13,0
7036,29,Female,18,Standard,1313.58,43624.45,8,23,1
7037,23,Female,49,Premium,968.77,48282.48,9,1,0
7038,39,Female,47,Premium,226.42,27673.27,0,26,0
7039,49,Male,51,Premium,1470.14,13178.21,9,3,0
7040,58,Male,39,Premium,1550.19,43902.91,8,19,0
7041,37,Female,25,Standard,1776.45,49414.56,2,12,0
7042,18,Male,18,Standard,1127.21,37223.03,9,15,1
7043,64,Female,6,Standard,1378.96,17018.37,2,29,0
7044,23,Female,19,Standard,932.3,12183,3,11,0
7045,36,Male,53,Basic,705.93,8252.64,7,26,1
7046,35,Female,12,Premium,882.23,12129.48,0,4,0
7047,23,Male,25,Standard,1832.33,11753.81,3,21,1
7048,62,Male,35,Premium,411.93,48387.23,6,24,1
7049,50,Male,1,Standard,572.15,32340.3,2,20,1
7050,40,Female,5,Premium,1251.76,8765.29,6,11,1
7051,40,Female,1,Basic,320.93,24658.04,4,25,1
7052,43,Female,8,Standard,1794.54,9639.47,9,7,0
7053,30,Female,39,Basic,189.75,30497.83,8,4,1
7054,24,Female,47,Basic,1535.09,17399.61,7,2,0
7055,32,Female,43,Premium,810.08,10181.84,2,21,1
7056,61,Female,18,Standard,197.21,12518.15,3,12,0
7057,44,Male,46,Basic,1701.56,33917.39,6,3,0
7058,43,Female,59,Premium,1316.87,20697.77,1,20,1
7059,50,Female,9,Premium,116.83,25901.37,9,7,0
7060,32,Female,5,Premium,608.31,41156.28,5,26,0
7061,53,Male,55,Basic,768.89,32943.36,8,26,0
7062,62,Male,4,Premium,712.9,23389.47,8,3,0
7063,44,Male,44,Premium,1046.85,47725.81,5,6,0
7064,22,Female,29,Premium,1100.93,11118,5,2,0
7065,19,Male,1,Basic,853.83,14805.1,5,3,0
7066,50,Male,30,Premium,730.36,45615.86,9,23,1
7067,33,Female,56,Basic,1058.38,42734.65,5,7,1
7068,40,Female,45,Premium,163.87,6937.84,2,12,0
7069,55,Female,1,Basic,1325.88,46532.38,3,12,1
7070,33,Male,3,Basic,1251.37,1003.35,5,8,0
7071,31,Female,22,Standard,630.52,41209.83,9,19,0
7072,46,Female,8,Standard,441.08,14300.72,0,25,1
7073,43,Female,56,Standard,238.67,9838.52,0,19,0
7074,52,Female,18,Basic,1215.95,22711.13,6,4,1
7075,32,Female,25,Premium,1180.91,44905.6,0,13,0
7076,20,Female,48,Premium,1113.3,39401.94,4,4,1
7077,40,Male,52,Basic,1972.67,48369.91,9,2,0
7078,46,Female,20,Premium,1109.93,27279.44,7,0,1
7079,51,Male,31,Basic,1471.4,25772.72,5,9,0
7080,50,Male,30,Premium,314.54,1145.08,2,14,0
7081,58,Female,16,Basic,668.04,9440.08,1,16,0
7082,58,Male,2,Standard,623.35,25132.2,1,11,0
7083,40,Male,17,Standard,1194.35,37752.07,3,13,0
7084,24,Male,10,Premium,728.55,41218.83,8,23,1
7085,20,Female,7,Premium,1318.03,14521.68,8,3,1
7086,49,Male,59,Premium,1411.17,35766.63,0,28,1
7087,48,Male,42,Premium,164.01,41512.21,4,10,1
7088,35,Male,51,Standard,1315.54,19052.82,8,25,1
7089,60,Male,52,Standard,321.9,34930.02,3,14,1
7090,24,Female,59,Basic,983.76,22145.42,6,13,1
7091,58,Female,9,Premium,1480.5,49289.79,5,26,1
7092,18,Male,54,Standard,1436.36,830.04,3,17,0
7093,31,Female,17,Basic,669.66,21010.08,9,21,0
7094,49,Female,9,Basic,617.5,13553.96,6,8,0
7095,23,Male,9,Basic,936.43,42561.96,6,14,0
7096,56,Female,37,Standard,458.47,14712.73,1,20,0
7097,27,Female,24,Basic,1951.93,27420.35,6,2,1
7098,24,Male,39,Premium,755.34,37143.34,8,19,0
7099,43,Male,11,Basic,1853.69,25112.9,5,12,0
7100,51,Female,8,Basic,1825.7,20814.93,5,1,1
7101,47,Female,25,Standard,793.21,2604.64,5,14,0
7102,53,Female,46,Basic,582.76,1635.14,1,13,0
7103,38,Female,2,Standard,1564.59,47887.45,5,6,0
7104,34,Male,10,Standard,535.82,32340.58,5,28,0
7105,50,Male,53,Premium,1090.37,41350.06,8,3,0
7106,27,Male,24,Basic,310.31,24281.7,1,3,0
7107,64,Male,48,Premium,833.27,13448.26,8,23,0
7108,59,Male,16,Premium,248.49,15079.62,4,9,1
7109,29,Female,19,Basic,638.54,2652.84,8,20,1
7110,33,Female,59,Basic,1364.06,39648.73,9,18,0
7111,58,Male,31,Standard,1983.48,29287.75,9,12,1
7112,49,Male,11,Basic,584.13,24299.69,1,27,0
7113,32,Male,6,Standard,999.31,42688.7,4,5,0
7114,44,Female,6,Premium,951.29,22519.83,1,7,0
7115,45,Female,32,Premium,449.89,47422.54,4,9,1
7116,34,Female,39,Standard,1259.13,1155.21,6,16,0
7117,63,Male,48,Basic,1476.94,49238.51,6,8,0
7118,19,Male,13,Basic,379.72,40886.23,6,13,0
7119,53,Male,59,Standard,1538.54,18069.49,4,28,1
7120,24,Male,3,Premium,1430.31,29970.5,6,19,0
7121,30,Male,56,Standard,474.95,43297.95,5,4,1
7122,32,Female,56,Basic,1333,24339.12,6,25,0
7123,42,Male,41,Basic,847.98,3026.96,4,2,0
7124,40,Female,56,Standard,1394.16,45232.96,1,8,0
7125,39,Female,35,Basic,1042.58,26092.3,8,28,0
7126,43,Female,38,Premium,191.46,27485.28,1,11,0
7127,50,Female,57,Standard,1595.24,1179.05,2,21,0
7128,28,Female,17,Premium,1155.64,5453.27,8,0,0
7129,27,Male,3,Premium,1477.11,38981.19,1,24,0
7130,42,Male,34,Standard,339.54,22029.99,7,10,0
7131,54,Male,12,Standard,1470.42,49903.89,2,4,0
7132,60,Female,24,Basic,885.97,34936.04,5,18,0
7133,55,Female,6,Basic,1618.61,47505.26,8,3,0
7134,58,Female,42,Standard,1238.42,14327.93,9,11,0
7135,62,Female,11,Standard,774.31,9219.6,9,15,1
7136,41,Female,48,Basic,483.64,19141.18,2,15,0
7137,57,Female,27,Basic,1650.26,13606.04,8,20,0
7138,63,Male,48,Basic,1164.37,30861.6,6,0,0
7139,50,Female,24,Standard,1976.19,37349.88,4,25,1
7140,34,Female,18,Standard,809.63,20403.83,7,2,0
7141,41,Male,27,Basic,1402.87,4947.38,5,22,1
7142,54,Female,54,Premium,1283.36,1803.43,6,24,0
7143,19,Male,55,Premium,1311.41,11292.37,2,21,0
7144,49,Male,56,Basic,1500.26,36758.13,9,19,0
7145,41,Male,41,Standard,364.31,11466.84,5,14,0
7146,26,Female,21,Standard,1144.32,45593.23,2,19,0
7147,21,Male,59,Premium,1067.35,32756.35,6,24,1
7148,34,Male,51,Basic,750.81,43173.44,9,16,1
7149,34,Female,34,Premium,928.69,19597.83,5,21,0
7150,47,Male,56,Premium,1085.74,49185.72,9,3,0
7151,57,Female,33,Basic,709.75,34135.17,7,2,0
7152,28,Female,58,Premium,657,18169.51,7,10,1
7153,38,Male,48,Standard,1502.72,11020.69,5,0,0
7154,38,Female,54,Premium,227.14,43393.3,1,4,1
7155,35,Female,18,Basic,694.63,16245.86,9,3,0
7156,46,Male,3,Standard,1342.05,2696.03,9,25,0
7157,41,Male,24,Standard,496.67,14293.61,5,19,0
7158,27,Male,1,Premium,1187.32,9382.84,0,7,0
7159,62,Male,6,Standard,674.11,16326.7,5,10,0
7160,34,Female,19,Basic,1702.27,30856.68,5,10,0
7161,35,Male,22,Premium,764.98,25271.38,5,17,1
7162,59,Male,51,Standard,536.08,35687.09,8,26,0
7163,37,Male,43,Basic,1107.2,17024.69,3,9,0
7164,54,Female,59,Premium,357.75,6430.52,6,26,0
7165,62,Female,8,Basic,1615.22,8433.25,2,29,0
7166,35,Female,5,Standard,1392.05,39965.5,7,25,0
7167,34,Female,52,Premium,1563.97,5350.54,1,12,0
7168,26,Female,9,Premium,857.87,40007.25,1,19,0
7169,31,Male,47,Standard,1686.51,11025.15,4,15,0
7170,46,Female,21,Basic,1037.74,34081.03,0,26,0
7171,48,Female,28,Standard,279.93,31343.27,0,16,0
7172,21,Female,46,Premium,525.66,5363.89,2,17,0
7173,35,Male,4,Premium,1451,33460.24,5,25,0
7174,37,Male,56,Standard,1803.2,22651.62,9,25,0
7175,64,Female,24,Basic,280.85,35504.52,5,2,0
7176,60,Male,8,Standard,1742.01,41855.96,7,27,0
7177,61,Female,52,Basic,1618.23,2455.22,6,0,0
7178,26,Male,17,Basic,777.47,32574.16,0,1,0
7179,30,Male,34,Premium,1409.63,5695.41,0,22,0
7180,32,Female,20,Basic,455.21,19254.34,3,25,0
7181,44,Male,16,Premium,1645.45,1127.59,0,25,1
7182,32,Female,10,Basic,1348.94,16767.87,0,5,1
7183,45,Female,34,Basic,933.78,8883.07,9,17,0
7184,54,Female,43,Premium,1742.58,28035.08,0,16,0
7185,36,Male,10,Basic,364.55,25857.44,2,25,0
7186,43,Male,30,Standard,1706.99,39767.08,9,13,0
7187,43,Female,30,Basic,145.38,32178.09,1,24,0
7188,42,Female,51,Premium,1531.08,35873.98,9,16,1
7189,43,Male,25,Premium,1189.39,5077.76,7,25,0
7190,43,Female,57,Standard,1423.77,1874.36,6,20,0
7191,63,Male,46,Basic,883.45,48492.31,9,24,0
7192,45,Male,43,Standard,1742.44,21638.1,7,28,0
7193,35,Male,41,Basic,694.98,20051.23,3,8,1
7194,49,Female,7,Standard,622.42,2233.11,8,21,0
7195,20,Female,47,Premium,673.33,6386.08,4,18,0
7196,19,Male,20,Premium,1571.29,47053.46,6,1,0
7197,50,Female,17,Standard,1041.05,34894.83,3,2,1
7198,59,Female,3,Basic,1120.46,20756,0,15,0
7199,36,Male,47,Basic,1680.15,45271.96,7,15,0
7200,34,Male,46,Premium,1683.39,29699.7,8,0,0
7201,61,Female,40,Basic,407.3,37450.17,8,18,0
7202,50,Male,36,Standard,1144.56,21864.18,9,17,0
7203,29,Female,26,Standard,339.43,21860.64,7,23,0
7204,20,Male,10,Basic,1750.2,3883.35,0,9,0
7205,60,Male,34,Premium,1690.31,36831.68,2,22,1
7206,43,Female,14,Premium,1713.76,5406.31,4,16,0
7207,52,Female,8,Premium,1439.23,38331.24,6,0,1
7208,25,Female,55,Premium,987.07,9947.48,7,4,0
7209,53,Female,27,Premium,868.97,12744.68,0,3,0
7210,24,Female,10,Standard,850.93,45935.54,4,23,0
7211,63,Male,57,Basic,225.8,23842.6,2,23,0
7212,63,Male,50,Standard,1902.85,6699.51,6,18,0
7213,53,Female,15,Premium,955.52,45301.54,5,20,0
7214,33,Male,37,Premium,1867.22,22893.65,0,6,0
7215,41,Female,22,Basic,1770.59,6962.29,1,7,1
7216,18,Male,45,Basic,1674.36,19845.74,4,18,1
7217,42,Male,50,Basic,1217.79,29671.8,4,7,0
7218,27,Female,31,Standard,292.96,18435.93,0,25,1
7219,33,Female,2,Basic,715.43,46254.16,3,8,0
7220,33,Female,45,Standard,1246.81,13849.35,8,18,0
7221,25,Male,31,Premium,125.57,9203.36,8,27,0
7222,46,Female,14,Standard,181,11437.08,4,17,0
7223,56,Female,10,Basic,1387.56,4645.62,6,13,0
7224,45,Female,30,Standard,1787.59,22888.66,1,17,0
7225,23,Female,36,Standard,1724.81,43977.53,0,4,0
7226,33,Female,47,Standard,419.48,15614.31,1,27,0
7227,37,Female,40,Basic,1831.34,13287.71,3,25,0
7228,33,Male,15,Standard,1422.97,41950.54,5,27,1
7229,24,Male,14,Basic,1461.02,15646.75,2,0,0
7230,58,Male,31,Standard,677.68,24106.15,1,5,1
7231,31,Male,29,Standard,1460.39,2046.29,6,6,0
7232,60,Female,27,Standard,1448.57,14710.05,7,27,0
7233,43,Female,21,Basic,1229.86,6962.72,8,28,0
7234,43,Male,9,Basic,778.85,5739.38,9,4,0
7235,31,Male,20,Basic,1640.93,21855.16,7,26,0
7236,24,Male,35,Premium,1881.28,14227.95,1,7,0
7237,50,Female,58,Basic,1752.79,8739.11,2,5,0
7238,43,Female,15,Standard,561.66,25818.52,0,0,0
7239,62,Female,24,Premium,946.78,39310.18,0,24,0
7240,37,Male,49,Basic,750.59,36875.53,5,11,1
7241,20,Male,57,Basic,1444.21,12912.77,2,4,0
7242,21,Male,16,Premium,1679.83,13525.17,3,28,0
7243,43,Male,36,Premium,510.01,36729.14,9,4,1
7244,28,Male,11,Basic,1899.82,28079.84,7,14,0
7245,19,Female,57,Premium,1386.93,37249.62,4,16,1
7246,31,Female,8,Standard,515.05,567.59,5,4,0
7247,61,Female,3,Standard,805.08,4813.34,8,18,0
7248,47,Female,19,Standard,298.75,40197.52,1,9,1
7249,29,Female,46,Basic,1234.43,42630.38,2,28,0
7250,43,Male,41,Standard,421.46,17500.29,4,2,1
7251,61,Female,3,Premium,1416.87,47937.58,1,10,0
7252,50,Male,36,Standard,1500.77,15427.69,7,25,0
7253,30,Female,25,Premium,1010.74,44569.02,1,7,0
7254,31,Male,36,Standard,278.25,21374.6,3,24,1
7255,41,Male,11,Premium,1260.66,28309.53,2,12,0
7256,51,Male,51,Standard,807.19,32341.98,3,5,1
7257,61,Male,16,Standard,1904.33,7088.86,3,2,0
7258,43,Male,55,Standard,1075.09,2337.01,5,23,0
7259,38,Male,54,Premium,237.31,21626.61,9,18,0
7260,45,Female,17,Premium,1308.49,8437.65,9,6,1
7261,53,Male,42,Standard,1580.77,27672.22,9,1,1
7262,57,Male,24,Premium,404.96,22955.28,8,21,0
7263,19,Female,17,Premium,953.21,6543.83,2,23,1
7264,59,Male,48,Basic,1512.07,33456.36,0,18,1
7265,26,Female,20,Standard,138.94,1514.49,7,12,0
7266,40,Female,22,Premium,155.04,6755.97,6,24,0
7267,32,Male,6,Premium,1386.13,35158.13,1,10,0
7268,30,Male,7,Premium,1477.74,26628.84,4,8,0
7269,40,Female,14,Premium,1707.15,14455.68,9,18,0
7270,34,Male,11,Basic,859.24,9422.18,3,18,1
7271,19,Female,12,Premium,840.58,32293.04,8,20,0
7272,37,Male,46,Premium,1149.5,10677.03,3,24,1
7273,37,Female,5,Basic,1538.92,49238.25,4,13,1
7274,63,Male,5,Standard,1317.89,43530.91,7,11,1
7275,20,Male,20,Standard,721.91,7041.82,2,28,0
7276,29,Female,54,Basic,758.44,43028.05,5,0,0
7277,57,Female,55,Standard,1549.71,17579.62,5,0,1
7278,19,Female,58,Standard,1115.83,24754.1,6,16,0
7279,53,Female,15,Basic,286.15,7569.8,8,3,1
7280,31,Male,26,Premium,390.69,6369.33,2,12,0
7281,33,Female,33,Basic,1717.26,43341.9,4,22,0
7282,36,Female,57,Basic,1997.73,31680.16,4,27,1
7283,51,Male,30,Basic,737.8,23292.82,4,10,0
7284,61,Male,24,Basic,834.73,2290.11,5,17,1
7285,63,Female,23,Basic,393.53,46137.12,0,11,0
7286,23,Male,9,Premium,547.85,19116.37,8,18,0
7287,30,Female,3,Standard,906.8,21124.13,2,19,0
7288,53,Male,58,Basic,640.34,14845.57,5,0,0
7289,39,Female,36,Premium,1432.71,44618.86,3,17,0
7290,35,Male,48,Basic,1121.91,17556.95,6,1,1
7291,29,Female,7,Premium,1662.36,9125.34,7,29,0
7292,47,Female,22,Standard,1476.6,25277.58,3,10,0
7293,57,Male,14,Premium,343.39,39183.89,9,14,1
7294,24,Male,48,Premium,334.44,18881.25,5,14,0
7295,49,Female,29,Standard,1801.73,32776.28,9,5,0
7296,36,Female,50,Standard,1657.07,15559.1,6,3,0
7297,23,Male,16,Premium,989.04,36128.23,9,11,0
7298,37,Male,48,Basic,347.69,33601.83,6,22,1
7299,44,Male,34,Basic,1807.29,34197.36,8,27,0
7300,60,Male,10,Standard,538.33,32472.43,7,10,0
7301,54,Male,7,Basic,167.52,8237.46,2,27,0
7302,24,Male,25,Standard,1856.06,44455.55,3,7,0
7303,22,Male,27,Premium,1636.98,29494.76,8,1,0
7304,28,Male,15,Premium,1417.62,19428.16,6,15,0
7305,32,Male,32,Basic,164.66,9030.6,6,1,0
7306,20,Female,28,Standard,1104.02,39287.26,0,20,0
7307,22,Male,9,Basic,1341.91,25697.89,1,3,0
7308,40,Male,7,Basic,1542.76,7791.01,0,27,0
7309,54,Female,59,Premium,995.04,46110.33,3,29,0
7310,26,Female,56,Basic,1911.36,5751.08,3,25,1
7311,32,Female,16,Premium,565.08,26448.95,4,1,0
7312,20,Female,26,Standard,232.5,30723.78,4,24,1
7313,46,Female,35,Basic,732.26,49949.74,0,8,0
7314,23,Female,17,Premium,1357.43,7475.33,6,28,1
7315,34,Male,23,Basic,1500.6,30871.23,5,25,1
7316,43,Female,8,Standard,1503.14,24097.43,7,12,1
7317,38,Female,2,Basic,310.28,13227.17,3,27,0
7318,25,Female,31,Basic,1781.67,47139.4,0,19,1
7319,38,Male,57,Premium,633.58,39646.76,2,1,0
7320,28,Female,52,Standard,498.83,38964.36,8,18,0
7321,55,Male,58,Standard,1267.47,45009.71,9,7,1
7322,25,Female,59,Standard,502.51,36389.68,6,28,1
7323,59,Female,57,Basic,1065.27,25583.6,1,10,1
7324,41,Male,32,Premium,873.36,19881.06,2,7,1
7325,52,Male,29,Basic,540.87,35354.61,1,15,0
7326,31,Female,3,Basic,654.91,30339.18,3,27,1
7327,31,Male,8,Basic,912.07,27372.39,1,29,0
7328,27,Male,59,Standard,757.7,29658.33,3,22,1
7329,29,Female,2,Premium,824.99,32939.71,6,28,0
7330,55,Female,31,Standard,1497.33,48450.86,7,19,0
7331,61,Female,51,Basic,419.92,37781.32,9,16,1
7332,63,Male,49,Basic,1292.48,9233.42,5,25,0
7333,51,Female,37,Premium,1388.5,23605.05,8,24,0
7334,58,Female,20,Standard,1623.97,34072.96,5,14,0
7335,27,Male,29,Basic,1709.92,9194.87,2,6,0
7336,34,Male,17,Basic,401.46,46668.97,0,28,1
7337,34,Female,10,Premium,362.7,4312.75,8,0,0
7338,20,Male,41,Basic,1268.06,30743.67,2,13,1
7339,48,Female,22,Standard,1538.14,48808.8,0,15,0
7340,18,Male,6,Standard,617.42,36529.48,1,20,1
7341,29,Female,43,Basic,1099.11,34024.28,2,2,1
7342,56,Male,34,Basic,1567.25,49872.31,7,17,0
7343,21,Male,31,Basic,1558.26,39693.97,7,18,0
7344,59,Male,55,Premium,1342.26,48529.52,1,5,0
7345,30,Male,12,Premium,249.7,35095.17,5,27,1
7346,51,Female,12,Standard,196.22,33440.21,1,22,1
7347,59,Male,16,Standard,838.05,38247.09,6,25,0
7348,38,Female,25,Basic,150.71,9843.32,9,8,0
7349,39,Male,22,Basic,1817.87,40386.36,2,12,1
7350,21,Male,27,Basic,138.27,48521.95,7,25,0
7351,35,Female,24,Premium,156.26,30776.34,2,11,0
7352,22,Male,12,Premium,414.12,1111.59,9,14,1
7353,36,Male,53,Basic,1291.33,4068.57,5,26,1
7354,19,Female,18,Basic,1128.95,12118.01,0,6,0
7355,29,Male,45,Standard,1353.03,24809.33,7,11,0
7356,34,Female,47,Premium,1797.75,20980.91,6,16,1
7357,27,Male,16,Basic,964.4,48970.99,0,12,0
7358,51,Male,4,Premium,183.36,47306.59,6,22,1
7359,23,Male,12,Basic,1550.64,19939.76,4,28,1
7360,25,Female,49,Basic,1642.73,39818.67,1,16,0
7361,28,Male,33,Standard,194.79,31999.99,0,28,0
7362,29,Male,22,Standard,561.41,12535.22,1,7,0
7363,26,Male,18,Standard,1564.13,46593.27,5,17,0
7364,19,Male,54,Basic,814.69,13346.12,1,1,0
7365,25,Male,48,Standard,998.04,43582,5,16,0
7366,28,Male,33,Basic,1664.03,32063.22,7,24,0
7367,53,Male,27,Premium,279.78,31245.79,7,11,0
7368,27,Male,42,Premium,1386.84,42001.29,5,12,0
7369,38,Male,19,Basic,508.47,24968.36,4,14,0
7370,37,Female,48,Standard,219.04,42742.01,3,29,0
7371,25,Male,14,Standard,1358.75,27736.31,5,10,1
7372,53,Female,25,Premium,330.68,49240.07,4,23,0
7373,46,Female,34,Basic,1519.31,33166.54,9,8,1
7374,59,Female,24,Basic,485.14,19016,3,7,0
7375,29,Male,38,Basic,192.17,38286.52,5,19,0
7376,31,Female,54,Premium,288.67,25739.92,8,24,0
7377,38,Female,23,Premium,1698.41,40398.24,8,14,1
7378,39,Female,5,Standard,804.84,41756.4,7,23,1
7379,38,Male,44,Basic,674.31,31037.2,9,16,1
7380,61,Female,59,Basic,1033.28,43673.33,0,25,0
7381,47,Male,36,Basic,1302.57,20469.64,8,13,0
7382,56,Female,54,Basic,170.49,3340.16,4,4,0
7383,37,Female,24,Premium,1806.56,33301.08,2,29,1
7384,41,Male,36,Standard,1921.11,38340.36,7,15,0
7385,40,Male,5,Premium,892.88,4103.67,7,24,1
7386,24,Female,39,Standard,883.99,38660.03,8,28,0
7387,26,Female,6,Basic,1769.26,32138.5,1,27,1
7388,18,Female,45,Basic,915.69,6262.36,9,7,1
7389,43,Male,36,Basic,1726.76,27227.04,3,16,1
7390,55,Male,45,Basic,153.84,5882.73,9,21,1
7391,55,Female,4,Basic,1030.34,16420.13,1,10,0
7392,61,Female,10,Premium,1909.62,40297.25,5,21,0
7393,39,Male,52,Standard,580.33,5489.06,0,17,1
7394,61,Male,1,Premium,605.69,23239.7,9,26,0
7395,27,Female,21,Basic,1297.23,30482.79,2,1,1
7396,23,Male,40,Standard,1859.76,47055.32,1,0,0
7397,34,Female,39,Standard,477.61,36994.64,6,21,0
7398,55,Male,37,Basic,1851.14,7392.74,7,8,0
7399,41,Female,3,Standard,1359.71,48458.99,1,7,1
7400,27,Female,47,Premium,1986.79,24158.9,8,20,0
7401,25,Female,31,Premium,1499.27,18801.01,0,23,0
7402,38,Male,27,Premium,1368.82,6871.2,1,1,0
7403,23,Female,17,Premium,1648.32,46707.37,2,11,0
7404,38,Female,23,Standard,432.77,29517.19,1,26,0
7405,56,Male,13,Premium,1897.37,49405.38,0,5,0
7406,41,Female,47,Standard,414.63,9106.36,7,27,0
7407,50,Female,27,Basic,148.77,27518.86,0,1,0
7408,35,Female,51,Premium,1425.93,5939.37,4,23,0
7409,45,Male,20,Basic,450.73,26451.65,5,11,1
7410,49,Male,46,Premium,1541.63,44544.7,6,17,1
7411,29,Male,53,Basic,1610.57,5911.38,2,4,0
7412,59,Male,13,Basic,549.73,13847.62,6,12,0
7413,44,Female,44,Basic,264.77,34278.89,7,27,0
7414,27,Male,24,Basic,1051.56,4276.21,9,22,0
7415,63,Male,55,Basic,1791.42,22972.25,2,22,1
7416,59,Male,41,Standard,1709.85,16986.55,4,3,1
7417,49,Female,59,Standard,322.46,41988.34,0,7,0
7418,59,Female,3,Premium,1933.09,2929.26,8,29,0
7419,43,Female,43,Standard,601.5,43238.08,7,22,1
7420,42,Male,10,Basic,763.84,35329.79,2,9,0
7421,28,Female,1,Standard,383.2,15210.93,3,20,0
7422,40,Female,49,Standard,817.83,10289.54,0,13,0
7423,51,Male,58,Basic,1307.72,47533.73,0,19,1
7424,57,Female,13,Standard,1061.55,27918.45,5,29,0
7425,40,Male,14,Basic,1672.33,17566.49,5,1,0
7426,46,Male,33,Standard,1318.47,2701.19,8,1,0
7427,48,Female,2,Basic,600.73,8706.32,4,3,0
7428,24,Male,2,Premium,1159.13,30109.17,2,23,0
7429,57,Male,39,Standard,221.96,25898.93,5,10,0
7430,50,Male,41,Premium,1203.5,38001.7,7,21,0
7431,38,Male,56,Basic,840.36,41824.46,6,8,0
7432,19,Male,31,Basic,286.96,20160.15,9,17,0
7433,35,Male,4,Premium,684.18,5496.03,2,28,1
7434,64,Female,34,Basic,1806.37,39680.72,0,22,0
7435,50,Male,19,Basic,1213.47,27910.13,3,29,1
7436,54,Male,58,Basic,1816.2,48999.7,5,16,0
7437,51,Male,37,Basic,880.53,39919.32,3,1,0
7438,37,Male,9,Basic,1959.93,16789.1,4,29,0
7439,52,Female,24,Basic,784.04,21710.26,9,26,0
7440,35,Female,13,Basic,1537.93,12161.01,6,24,0
7441,63,Male,44,Basic,680.27,25843.93,4,28,0
7442,41,Female,30,Premium,301.38,35680.89,4,23,0
7443,25,Male,19,Standard,1682.81,30818.19,1,24,1
7444,47,Male,41,Basic,1548.9,17433.13,0,29,1
7445,61,Male,10,Premium,1659.2,41253.35,3,6,0
7446,27,Male,51,Basic,669.42,5700.41,9,11,0
7447,40,Female,42,Standard,1436.96,7556.46,7,15,0
7448,28,Female,44,Basic,517.85,20505.9,2,9,1
7449,19,Male,14,Premium,121.49,35261.04,5,27,1
7450,43,Male,40,Premium,1746.33,34862.19,9,10,0
7451,53,Female,48,Standard,1094.7,18642.91,1,8,1
7452,50,Female,49,Basic,1968.94,34982.09,8,3,1
7453,64,Male,20,Premium,831.57,3499,8,15,1
7454,30,Female,4,Standard,1918.06,14856.09,3,18,1
7455,57,Male,38,Standard,1268.61,34841.78,7,19,0
7456,42,Female,44,Basic,1073.19,9610.05,1,4,1
7457,21,Female,50,Premium,675.34,11029.25,9,11,0
7458,59,Female,39,Basic,1668.03,4800.69,1,9,1
7459,36,Female,5,Basic,1674.71,18541.32,5,13,0
7460,35,Male,42,Basic,892.17,41333.9,1,19,1
7461,54,Male,32,Premium,1481.86,41899.78,0,19,1
7462,47,Female,6,Standard,949.75,43186.95,9,11,0
7463,36,Male,59,Basic,1505.35,2316.85,1,22,0
7464,40,Female,14,Basic,1988.96,49677.69,1,3,1
7465,33,Female,6,Premium,598.74,25380.74,4,19,1
7466,18,Male,14,Basic,1304.7,43699.99,5,24,0
7467,29,Male,12,Standard,821.77,45303.17,2,8,1
7468,41,Male,27,Basic,1141.91,25967.66,7,13,0
7469,51,Female,54,Standard,1760.88,3028.94,1,4,1
7470,25,Male,26,Basic,760.39,30074.75,9,8,0
7471,35,Male,12,Basic,237.54,17037.63,2,26,0
7472,22,Male,8,Basic,1617.98,10734.95,3,1,0
7473,43,Male,10,Standard,1154.55,9533.8,4,11,1
7474,47,Female,16,Basic,953.86,28183.58,4,27,0
7475,30,Female,52,Basic,448.33,5671.5,5,11,1
7476,36,Female,26,Basic,276.42,41171.41,3,12,0
7477,46,Female,8,Standard,629.6,11751.02,9,20,0
7478,20,Female,41,Basic,1465.92,27689.9,6,10,1
7479,43,Female,45,Premium,882.36,6710.28,7,22,0
7480,57,Female,29,Standard,1183.43,43051.65,3,7,0
7481,29,Male,20,Premium,255.89,34758.33,8,27,0
7482,19,Female,17,Basic,334.16,10722.83,5,20,0
7483,28,Female,19,Standard,121.48,35929.17,7,11,0
7484,61,Female,17,Standard,1379.24,4603.56,8,8,0
7485,45,Female,39,Basic,602.46,38724.73,0,11,0
7486,35,Male,1,Premium,1937.16,24772.17,4,10,1
7487,30,Female,59,Standard,686.07,6449.09,6,18,0
7488,54,Female,52,Standard,790.87,27748.67,9,28,0
7489,39,Male,29,Standard,992.03,10442.88,1,27,0
7490,29,Female,14,Standard,706.37,33802.25,6,7,0
7491,19,Female,17,Standard,1653.14,35576.67,6,26,0
7492,54,Female,13,Basic,1764.79,38161.58,2,24,0
7493,24,Female,29,Standard,120.97,44796.09,8,6,0
7494,43,Female,34,Premium,1343.86,32919.51,6,20,0
7495,43,Female,27,Standard,1403.57,24842.57,9,24,0
7496,41,Female,46,Basic,1926.71,42784.17,4,26,0
7497,29,Male,33,Basic,803.76,45042.28,6,13,0
7498,33,Male,29,Premium,471.03,39196.79,6,28,1
7499,40,Female,37,Standard,1089.1,47150.2,5,23,0
7500,57,Male,39,Premium,950.36,48981.98,3,27,0
7501,26,Female,19,Premium,1604.29,12939.93,7,23,0
7502,49,Male,46,Premium,1817.55,9592.89,1,21,0
7503,32,Female,24,Premium,264.75,22705.32,7,1,1
7504,54,Male,14,Standard,1708.5,49847.87,4,19,0
7505,30,Female,47,Basic,1827.04,4879.43,6,11,0
7506,22,Male,37,Basic,1855.86,35743.7,2,0,0
7507,28,Male,5,Standard,1552.19,42616.36,6,27,0
7508,27,Female,53,Premium,1509.96,49824.16,8,25,0
7509,30,Female,24,Standard,128.3,31175.77,6,20,0
7510,58,Male,34,Premium,1848.36,19314.68,0,28,0
7511,63,Male,50,Premium,767.86,8741.44,8,29,0
7512,32,Female,31,Standard,178.13,49097.22,6,9,0
7513,59,Male,30,Standard,884.66,46248.06,1,0,1
7514,24,Female,56,Premium,1492.42,40323.68,4,21,0
7515,57,Male,9,Premium,939.71,47216.85,9,9,0
7516,45,Male,27,Premium,1540.22,3512.29,1,7,1
7517,49,Female,28,Premium,1067.88,31758.9,6,12,1
7518,52,Female,42,Standard,668.91,14102.42,8,13,1
7519,32,Female,26,Basic,485.53,38396.81,3,9,0
7520,53,Male,18,Basic,900.1,5237.97,2,0,0
7521,38,Male,36,Premium,168.03,13306.64,5,5,0
7522,23,Male,8,Basic,902.83,42587.48,7,11,1
7523,18,Female,18,Basic,230.38,37597.62,7,19,0
7524,21,Male,20,Basic,1766.31,49605.09,7,14,0
7525,28,Male,58,Basic,1193.41,32377.19,4,12,1
7526,61,Female,32,Basic,1327.48,15502.22,5,14,1
7527,43,Male,29,Basic,648.84,27620.24,1,24,0
7528,54,Male,49,Premium,529.06,47226.34,5,27,0
7529,40,Female,48,Premium,1445.02,32762.3,4,15,0
7530,46,Female,18,Premium,1375.97,44134.2,2,23,0
7531,38,Female,7,Standard,333.09,1632.9,7,11,1
7532,62,Female,1,Basic,553.42,18792.77,3,19,0
7533,62,Female,28,Basic,1898.49,46797.71,1,10,0
7534,44,Female,33,Standard,677.94,2444.84,2,11,1
7535,56,Female,50,Basic,149.08,26195.52,1,26,0
7536,57,Female,4,Premium,221.19,17653.21,1,1,0
7537,30,Female,55,Premium,1573.44,32487.11,2,28,0
7538,40,Male,20,Standard,1538.6,8530.03,6,28,1
7539,33,Female,53,Premium,825.47,32838.37,9,21,0
7540,47,Female,52,Standard,391.08,49596.16,0,29,1
7541,21,Male,36,Premium,1046.4,13922.6,9,2,0
7542,57,Female,57,Basic,730.59,23340.68,5,16,1
7543,33,Male,31,Premium,810.54,1970.11,0,29,0
7544,48,Male,38,Standard,595.87,21985.41,2,13,0
7545,59,Female,28,Basic,219.43,20596.63,3,26,0
7546,42,Male,3,Standard,1603.2,28453.01,7,6,1
7547,61,Female,6,Basic,1274.62,13210.14,1,19,0
7548,29,Female,45,Basic,1685.81,16768.38,6,13,0
7549,43,Male,23,Premium,1056.08,30689.89,2,8,1
7550,54,Male,7,Premium,1971.47,45469.51,0,28,0
7551,50,Male,56,Basic,1928.8,12142.31,5,9,1
7552,45,Female,36,Premium,616.39,34034.18,1,25,0
7553,26,Female,1,Premium,835.26,26432.23,2,10,0
7554,29,Male,6,Standard,1530.15,5678.15,5,29,1
7555,22,Female,24,Premium,1575.55,28488.95,2,10,0
7556,45,Female,37,Basic,1830.33,35585.99,4,26,1
7557,52,Male,45,Premium,1340,30113.57,2,18,0
7558,22,Male,51,Basic,1002.73,5668.5,6,28,0
7559,51,Male,36,Basic,817.54,42799.71,6,27,0
7560,63,Male,24,Standard,896.44,2529.68,0,12,0
7561,51,Male,38,Basic,1715.77,12182.23,5,9,0
7562,30,Male,45,Basic,1962.02,30977.63,2,15,0
7563,56,Male,29,Standard,198.63,11291.63,6,9,0
7564,59,Male,37,Basic,1202.46,5539.04,0,9,1
7565,62,Male,45,Standard,1088.1,25839.95,9,27,0
7566,31,Male,32,Basic,814.67,36261.78,2,11,1
7567,28,Female,25,Premium,1718,20832.38,9,0,1
7568,59,Female,10,Standard,1193.91,35073.82,1,27,1
7569,55,Male,35,Standard,694.92,43102.38,7,17,0
7570,21,Female,55,Basic,943.8,47960.43,7,19,1
7571,50,Female,25,Standard,777.93,12046.61,8,27,0
7572,24,Female,27,Basic,917.16,30465.38,8,27,0
7573,58,Female,45,Standard,235.41,13710.26,1,10,1
7574,25,Female,32,Standard,312.64,43610.47,6,6,0
7575,54,Female,59,Premium,1285.01,44569.25,6,13,0
7576,27,Male,12,Basic,1399.73,16446.97,3,7,0
7577,60,Male,4,Premium,1309.58,32444.49,5,29,0
7578,32,Female,42,Standard,1549.84,44439.93,0,3,0
7579,55,Female,26,Basic,1892.71,25664,5,2,1
7580,32,Male,3,Premium,1735.17,36163.3,0,9,0
7581,22,Female,17,Standard,895.17,40142.35,4,8,0
7582,46,Female,9,Premium,513.33,43658.86,3,14,0
7583,36,Female,29,Standard,692.52,26002.78,5,7,0
7584,27,Female,1,Standard,1216.71,47120.31,4,12,0
7585,29,Female,18,Basic,1726.8,31633.19,4,21,0
7586,21,Male,41,Basic,1433.28,8010.51,2,24,0
7587,48,Male,53,Basic,1131.72,30816.61,9,23,0
7588,35,Female,20,Standard,1243.57,15274.46,1,6,0
7589,33,Male,57,Premium,1103.7,18918.22,6,12,0
7590,57,Female,41,Basic,1946.09,40538.55,9,5,1
7591,53,Female,34,Basic,1650.57,48680.7,7,9,0
7592,42,Female,51,Basic,1584.43,43557.77,4,18,0
7593,40,Female,28,Basic,1082.93,16627.28,8,27,1
7594,29,Female,48,Standard,730.44,22956.11,0,10,0
7595,51,Female,35,Premium,137.08,49183.14,2,28,1
7596,53,Female,16,Standard,182.52,46214.78,7,15,0
7597,54,Female,21,Standard,157.45,48858.97,4,21,0
7598,20,Female,13,Standard,1962.91,21929.42,1,19,0
7599,26,Male,35,Basic,317.52,40127.88,9,20,0
7600,35,Female,42,Premium,370.03,43625.25,8,22,0
7601,60,Male,54,Standard,1019.88,2691.04,0,28,0
7602,52,Male,32,Standard,1014.66,13671.34,2,13,0
7603,51,Female,50,Standard,1847.95,44232.45,3,22,0
7604,58,Male,38,Basic,239.71,19742.75,6,27,0
7605,31,Female,6,Basic,1918.75,14291.79,3,8,1
7606,21,Female,50,Standard,511.14,13998.23,1,15,1
7607,46,Female,38,Basic,1943.29,19082.55,1,8,0
7608,58,Female,38,Premium,1128.52,12576.16,9,5,0
7609,62,Male,54,Basic,1338.82,666.48,0,5,1
7610,32,Male,13,Standard,699.88,9043.46,6,28,1
7611,45,Female,46,Premium,1262.47,44187.47,8,17,0
7612,59,Male,53,Basic,1450.58,4244.61,9,23,0
7613,33,Male,39,Standard,119.7,20943.6,1,18,0
7614,29,Male,13,Premium,165.03,23096.15,6,16,0
7615,22,Female,47,Premium,1974.31,39018.62,7,3,1
7616,51,Male,12,Premium,969.36,13003.2,2,20,0
7617,59,Male,53,Basic,1878.05,15827.27,3,18,0
7618,18,Male,59,Premium,1486.81,1206.66,8,29,1
7619,56,Female,33,Basic,808.64,45190.12,3,22,0
7620,49,Male,28,Standard,386.6,34435.07,5,26,0
7621,43,Male,57,Basic,1958.49,13510.89,7,20,1
7622,34,Female,3,Basic,1210.54,44431.99,9,10,1
7623,44,Male,18,Standard,465.48,4785.78,1,25,0
7624,41,Female,26,Basic,1395.14,18735.58,0,20,0
7625,52,Female,54,Basic,274.89,28398.08,6,21,0
7626,63,Female,40,Standard,1749.27,25522.83,0,10,1
7627,59,Female,2,Premium,271.26,32917.92,3,10,1
7628,56,Female,4,Standard,548.77,15230.95,4,21,0
7629,43,Female,50,Premium,273.72,38013.15,1,24,0
7630,55,Male,28,Basic,297.2,20569.59,9,18,0
7631,40,Female,28,Standard,1095.28,6702.21,3,7,0
7632,39,Male,25,Premium,1405.28,37149.87,9,26,0
7633,21,Male,26,Basic,1598.12,45641.18,6,22,0
7634,26,Female,45,Basic,1420.61,18539.01,3,15,0
7635,21,Male,47,Basic,790.63,29687.81,0,24,1
7636,24,Male,2,Premium,1158.85,34547.31,9,20,0
7637,40,Male,42,Premium,1862.56,41660.41,3,22,0
7638,19,Female,34,Premium,836.4,10300.68,5,7,0
7639,41,Male,30,Basic,579.57,28713.93,4,8,0
7640,57,Male,21,Premium,1086.71,37147.99,3,23,0
7641,48,Female,44,Standard,664.94,10356.75,1,11,1
7642,64,Male,37,Premium,597.45,23887.83,9,11,1
7643,48,Male,44,Premium,1579.73,23485.92,5,1,1
7644,64,Male,23,Basic,1792.59,42047.59,5,26,0
7645,57,Female,33,Standard,1054.4,38976.67,5,5,0
7646,60,Male,2,Standard,1581.59,11980.36,3,3,1
7647,51,Male,27,Standard,455.47,12031.16,7,28,0
7648,41,Female,48,Premium,1140.52,36306.03,0,12,1
7649,43,Female,59,Basic,1308.78,37110.82,9,29,1
7650,33,Female,22,Premium,1032.26,9355.54,7,3,0
7651,64,Male,34,Basic,322.07,20853.43,7,8,0
7652,30,Female,16,Standard,1494.79,41375.66,4,6,0
7653,32,Female,20,Premium,1694.25,4431.32,8,5,0
7654,44,Female,26,Basic,1306.93,19007.78,8,17,1
7655,21,Male,16,Premium,421.41,32404.78,9,14,0
7656,33,Female,6,Basic,241.65,38668.8,3,15,0
7657,47,Female,45,Standard,673.05,32806.57,1,0,1
7658,61,Female,44,Premium,170.28,20177.28,0,9,0
7659,47,Female,23,Standard,1694.52,49601.58,7,29,1
7660,53,Female,42,Premium,1435.81,2555.85,7,3,0
7661,20,Male,37,Premium,1171.01,24990.42,6,24,1
7662,39,Male,8,Basic,1790.3,25747.72,2,3,0
7663,39,Female,6,Basic,309.18,12369.66,2,17,0
7664,29,Female,37,Basic,1457.47,28156.02,9,12,0
7665,38,Female,52,Standard,378.6,11392.84,7,23,0
7666,21,Male,22,Standard,215.76,22448.9,7,21,0
7667,48,Male,6,Premium,352.52,21865.9,1,0,0
7668,61,Male,54,Basic,1906.79,38769.56,0,19,1
7669,48,Male,32,Standard,936.82,47158.3,0,9,1
7670,40,Female,17,Premium,193.09,10540.74,0,20,1
7671,37,Female,38,Standard,1208.91,49580.11,2,0,1
7672,32,Female,17,Premium,479.46,47045.66,0,1,0
7673,40,Female,37,Basic,112.99,6076.33,7,8,0
7674,45,Male,23,Premium,1540.93,45662.12,7,0,0
7675,33,Female,49,Premium,394.24,28446.61,8,14,0
7676,54,Male,49,Basic,1890.72,44008.34,3,26,1
7677,38,Male,13,Basic,1226.32,47308.94,7,14,1
7678,32,Female,32,Premium,265.29,43015.91,6,23,1
7679,34,Male,22,Standard,513.87,20442.44,3,27,1
7680,54,Male,7,Basic,1260.6,32019.58,0,26,0
7681,30,Female,22,Premium,742.41,23506.13,2,24,1
7682,36,Male,21,Basic,1111.07,18639.17,7,1,0
7683,47,Male,6,Basic,1619.07,12910.14,7,11,1
7684,62,Female,14,Standard,1605.94,22354.64,1,17,0
7685,35,Male,16,Basic,1426.17,40395.61,6,22,0
7686,31,Male,3,Premium,1783.5,42279.12,0,9,0
7687,53,Female,9,Premium,478.79,47921.27,3,29,0
7688,53,Male,47,Basic,436.76,14885.52,6,12,0
7689,37,Female,21,Basic,1618.76,32694.68,3,8,0
7690,36,Male,50,Standard,709.69,34842.06,3,25,1
7691,62,Male,30,Standard,1073.15,9970.95,6,24,1
7692,61,Female,30,Standard,1513.51,18660.65,0,2,0
7693,24,Female,42,Premium,852.27,17441.71,4,22,1
7694,61,Male,42,Standard,347.31,49302.54,5,21,1
7695,21,Female,32,Premium,1390.97,47939.74,6,7,0
7696,51,Male,23,Standard,1652.6,41177.51,6,13,0
7697,19,Female,3,Premium,124.31,23905.38,6,23,1
7698,22,Male,1,Basic,1168.85,13571.55,1,23,1
7699,27,Male,3,Premium,991.87,45840.23,5,23,0
7700,49,Male,57,Basic,593.23,13768.16,8,26,0
7701,59,Male,37,Premium,405.95,26336.18,6,25,1
7702,58,Male,7,Premium,457.27,12631.09,6,15,0
7703,30,Female,3,Basic,1477.45,48577.27,1,5,0
7704,56,Female,36,Premium,1118.77,2567.2,6,8,0
7705,22,Male,49,Premium,1964.19,9130.32,8,20,0
7706,27,Male,3,Standard,562.14,38369.94,2,3,0
7707,27,Female,55,Basic,1918.12,7996.54,1,22,0
7708,55,Female,4,Basic,1078.71,48977.8,5,18,1
7709,44,Female,31,Standard,377.45,16406.94,1,23,0
7710,38,Female,2,Standard,381.54,45972.98,0,14,0
7711,25,Female,14,Basic,1256.28,33282.78,9,23,1
7712,18,Male,37,Basic,1679.7,31888.82,3,10,1
7713,45,Male,31,Basic,1520.65,45810.94,8,20,1
7714,56,Female,53,Standard,1345.69,25907.33,9,9,0
7715,31,Female,2,Standard,427.01,20338.51,2,7,0
7716,38,Female,31,Premium,305.85,11272.33,2,2,0
7717,47,Female,47,Standard,100.47,7654.54,5,18,1
7718,38,Female,43,Premium,293.41,39692.56,5,3,0
7719,26,Female,22,Premium,1556.1,6832.95,7,28,0
7720,34,Female,10,Standard,1800.97,20003.87,9,12,0
7721,22,Female,52,Standard,556.67,20756.23,5,8,0
7722,48,Female,30,Standard,1610.3,33392.72,7,20,1
7723,57,Male,33,Standard,477.81,14286.47,7,21,0
7724,55,Female,19,Basic,573.62,41992.33,6,19,0
7725,60,Female,46,Standard,525.9,10770.47,4,29,1
7726,36,Male,25,Premium,198.29,39562.86,3,12,0
7727,53,Male,58,Premium,468.72,42563.08,0,8,0
7728,50,Male,55,Basic,809.73,10062.44,5,19,1
7729,30,Female,54,Basic,870.39,40566.08,7,18,0
7730,31,Female,46,Standard,687.99,35830.14,3,15,1
7731,50,Female,1,Basic,1077.98,43781.71,6,17,0
7732,46,Female,32,Standard,818.2,25743.43,2,18,0
7733,60,Male,25,Standard,1943.69,12075.9,4,16,0
7734,53,Female,41,Basic,1633.97,45645.97,6,11,1
7735,61,Female,17,Basic,1868.86,39607.16,8,10,0
7736,27,Male,14,Premium,1159.11,1538.78,8,23,0
7737,48,Female,45,Basic,1388.85,47000.97,6,16,0
7738,23,Female,13,Basic,416.69,47452,3,5,0
7739,18,Female,38,Basic,1530.29,18087.55,5,26,0
7740,24,Female,39,Premium,548.35,995.9,3,14,0
7741,44,Male,2,Standard,377.08,27850.6,2,1,0
7742,38,Male,32,Premium,179.53,45726.95,8,13,0
7743,45,Male,32,Basic,997.24,6659.79,4,26,0
7744,33,Male,58,Basic,644.9,29730.23,7,26,1
7745,63,Female,40,Basic,1974.78,36722.58,2,2,0
7746,40,Female,56,Standard,574.69,7167.15,8,24,0
7747,37,Female,6,Premium,1746.43,25907.03,0,11,1
7748,55,Male,25,Premium,701.23,4895.81,1,28,1
7749,42,Male,3,Standard,1523.34,28127.25,3,24,0
7750,45,Male,18,Premium,1353.7,22384.72,1,5,0
7751,22,Female,50,Standard,1167.39,13602.55,8,22,0
7752,38,Female,54,Standard,891.97,42727.49,6,4,0
7753,35,Male,55,Premium,1375.1,19398.58,1,6,0
7754,64,Male,38,Premium,873.83,35140.95,3,5,0
7755,23,Female,43,Standard,1141.39,39638.79,5,20,1
7756,46,Female,3,Premium,1220.62,9342.08,1,18,0
7757,36,Female,48,Standard,607.97,6396.12,8,13,0
7758,50,Male,5,Premium,745.5,887.84,2,17,1
7759,18,Male,24,Premium,134.3,15637.49,1,20,0
7760,62,Male,54,Premium,1719.1,40889.81,3,13,0
7761,20,Male,34,Premium,1536.37,38751.91,4,7,0
7762,59,Female,47,Premium,448.71,43654.39,3,13,0
7763,38,Female,48,Basic,787.89,38149.71,2,20,0
7764,52,Female,39,Basic,900.03,1687.58,2,18,0
7765,58,Male,48,Premium,735.32,19583.12,2,25,0
7766,57,Female,24,Premium,1616.66,793.4,2,2,1
7767,20,Female,36,Premium,1478.3,2284.53,5,14,0
7768,42,Female,28,Standard,1557.6,24188.66,3,20,1
7769,62,Female,48,Basic,1817.85,18320.27,6,29,0
7770,55,Female,49,Standard,1230.79,28146.91,6,15,0
7771,62,Male,34,Basic,1267.62,3774.97,3,24,0
7772,37,Female,16,Basic,1471.67,29620.86,0,14,1
7773,61,Female,36,Premium,1394.34,3717.62,8,13,0
7774,62,Male,7,Premium,1752.64,21472.37,6,14,1
7775,51,Male,18,Standard,1563.38,17941.7,5,23,0
7776,38,Female,6,Standard,328.87,11585.42,4,6,1
7777,40,Female,50,Premium,1863.88,15942.58,8,4,0
7778,23,Female,28,Premium,1397.89,525.94,8,8,0
7779,30,Female,39,Basic,341.58,16542.63,9,15,1
7780,40,Male,34,Basic,1566.75,4381.21,5,27,0
7781,26,Female,51,Premium,780.98,46104.46,7,1,1
7782,34,Male,41,Basic,1631.36,4179.48,6,21,0
7783,19,Female,29,Standard,1915.27,47678.74,0,22,1
7784,36,Female,4,Basic,584.96,24825.6,1,6,0
7785,36,Female,14,Premium,1729.08,25902.07,8,11,0
7786,24,Male,5,Basic,1569.77,39512.22,9,26,0
7787,59,Female,25,Premium,1375.25,34921.3,3,28,1
7788,59,Female,39,Basic,831.35,12234.53,2,15,0
7789,37,Male,8,Standard,308.74,1760.58,1,3,0
7790,26,Female,15,Standard,1019.4,39033.24,7,1,0
7791,34,Male,59,Premium,300.77,6922.27,6,16,1
7792,44,Female,19,Premium,1050.28,30119.28,8,16,0
7793,64,Male,59,Premium,1658.56,47160.27,2,2,0
7794,19,Male,11,Basic,1995.51,27697.45,0,15,0
7795,53,Male,20,Basic,476.22,14635.88,8,22,0
7796,36,Female,55,Basic,494.93,9350.71,4,26,1
7797,34,Male,36,Standard,1640.68,1834.02,4,4,0
7798,22,Male,18,Premium,991.21,31350.62,2,6,1
7799,56,Female,14,Basic,1840.03,28120.95,7,27,0
7800,35,Male,58,Standard,1561.09,23355.43,7,12,1
7801,24,Female,38,Premium,1499.21,10091.69,0,8,0
7802,34,Female,25,Standard,293.71,12213.28,3,7,0
7803,56,Male,16,Premium,168.16,47947.19,5,0,0
7804,53,Male,18,Basic,701.85,1510,8,29,1
7805,57,Female,1,Standard,512.87,18490.02,1,3,1
7806,62,Male,40,Standard,1453.39,2421.22,6,20,0
7807,21,Male,1,Standard,956.39,9982.68,9,6,1
7808,55,Male,1,Premium,1093.98,46690.25,0,10,0
7809,42,Male,51,Premium,1646.11,7903.36,9,7,0
7810,22,Female,21,Standard,1009.16,30238.87,3,7,0
7811,47,Female,25,Premium,1135.36,17673.78,9,19,0
7812,29,Male,27,Standard,1700.41,31835.88,6,29,0
7813,21,Female,10,Basic,919.54,42681.07,2,10,0
7814,41,Male,50,Standard,257.94,14683.95,2,6,0
7815,46,Male,12,Standard,1091.24,4391.85,3,27,1
7816,26,Male,28,Premium,1200.79,10606.9,7,10,0
7817,21,Male,49,Premium,1072.41,22234.97,2,17,0
7818,41,Female,32,Premium,590.29,25995.66,7,24,0
7819,31,Male,33,Basic,525.01,47123.82,9,21,0
7820,22,Female,8,Basic,802.54,1297.05,8,3,0
7821,35,Male,42,Basic,415.83,38002.54,7,5,0
7822,59,Female,26,Premium,1365.44,4089.23,7,6,0
7823,36,Female,42,Standard,1267.88,4357.14,8,9,0
7824,29,Female,50,Standard,1301.55,32879.55,3,7,0
7825,35,Female,41,Standard,527.12,45492.16,2,3,0
7826,34,Male,57,Premium,568.41,14740.97,7,8,1
7827,47,Female,2,Premium,1596.04,13830.66,0,5,0
7828,41,Male,35,Basic,1411.21,31076.74,9,16,0
7829,28,Female,34,Premium,1762.84,38925.9,0,18,1
7830,52,Female,6,Standard,866.66,43513.48,3,13,0
7831,40,Female,31,Basic,1139.92,12860.45,9,0,1
7832,34,Male,23,Basic,1503.68,37139.86,2,5,0
7833,18,Female,12,Premium,1950.89,15707,9,21,1
7834,32,Male,54,Basic,1980.3,27468.19,1,6,0
7835,49,Male,51,Basic,1998.43,9947.2,8,0,0
7836,26,Male,28,Premium,1792,7727.1,4,16,0
7837,32,Female,15,Basic,1315.34,46797.53,2,20,0
7838,45,Female,19,Standard,113.24,27586.36,8,20,0
7839,41,Female,12,Premium,1429.13,727.18,7,16,0
7840,52,Female,50,Standard,553.34,39775.11,3,6,0
7841,39,Female,48,Standard,208.62,34698.07,9,13,0
7842,44,Female,2,Standard,1424.65,16631.2,4,6,0
7843,36,Female,11,Standard,1536.42,23466.23,4,21,0
7844,62,Male,44,Basic,1352.92,22769.04,7,12,0
7845,29,Female,37,Basic,793.82,14101.1,6,22,1
7846,37,Male,59,Premium,1070.91,49037.57,2,27,0
7847,18,Male,59,Premium,1876.4,27422.31,5,21,0
7848,38,Female,56,Standard,1486.26,44915.33,5,25,0
7849,62,Female,38,Standard,1058.9,29475.09,1,17,0
7850,18,Male,25,Premium,1227.55,34664.06,0,20,0
7851,27,Male,43,Premium,1862.6,1962.35,6,6,0
7852,64,Female,21,Premium,848.19,25835.02,2,1,1
7853,49,Male,42,Premium,293.5,36203.2,4,20,1
7854,56,Male,36,Standard,719.07,6532.22,7,18,0
7855,39,Male,9,Premium,888.88,34077.09,4,13,0
7856,35,Male,12,Basic,618.63,4671.48,4,24,1
7857,63,Female,10,Standard,1105.05,40447.63,4,25,1
7858,49,Female,59,Basic,679.23,48900.3,6,0,0
7859,44,Male,46,Premium,296.04,31523.36,1,15,0
7860,45,Male,5,Basic,457.33,4315.36,0,6,0
7861,35,Male,33,Premium,1844.5,29544.3,3,25,0
7862,56,Female,5,Basic,1296.23,37172.72,4,15,0
7863,46,Female,16,Standard,697.19,46688.25,6,19,0
7864,35,Male,37,Basic,797.14,2750.21,0,11,0
7865,61,Male,37,Standard,1037.43,38864.59,8,4,0
7866,25,Male,29,Basic,1378.95,7062.79,9,16,0
7867,48,Female,18,Basic,1206.14,39634.03,3,20,1
7868,51,Male,29,Standard,1872.13,44491.16,5,26,1
7869,24,Male,6,Standard,1288.92,43131.52,0,23,0
7870,53,Male,53,Premium,1830.5,32817.22,8,12,0
7871,35,Male,18,Standard,110.32,25287.9,3,13,0
7872,55,Male,32,Standard,1792.06,43792.04,4,21,0
7873,26,Female,42,Premium,1470.77,26194.03,7,28,0
7874,26,Female,47,Standard,427.17,9910.5,5,15,1
7875,63,Female,31,Standard,599.77,47170.24,9,12,0
7876,25,Male,56,Basic,1131.34,18977.89,2,17,0
7877,52,Female,54,Premium,337.38,31405.28,9,17,1
7878,35,Male,11,Premium,1592.2,10357.72,7,26,0
7879,22,Female,26,Basic,1603.23,5971.71,5,8,1
7880,31,Female,28,Premium,671.8,27776.4,1,27,0
7881,45,Male,27,Basic,232.65,27952.43,4,0,1
7882,47,Male,19,Standard,1978.81,18802.25,2,27,0
7883,21,Male,57,Premium,576.38,15931.06,3,1,1
7884,56,Female,45,Standard,228.36,19021.59,8,7,0
7885,37,Male,27,Premium,726.93,39859.71,2,12,0
7886,42,Female,59,Standard,1941.11,18207.87,4,5,1
7887,45,Female,20,Premium,1606.56,46107.95,7,18,0
7888,29,Female,3,Premium,1012.63,6091.64,8,18,0
7889,19,Male,16,Standard,680.13,46613.03,6,29,0
7890,60,Male,39,Basic,904.28,34632.63,3,26,0
7891,31,Male,44,Premium,132.99,17545.37,8,24,0
7892,39,Female,29,Basic,1464.9,839.33,1,1,0
7893,48,Female,15,Basic,289.32,40220.37,1,9,1
7894,40,Male,30,Basic,1086.17,48481.71,3,4,0
7895,37,Female,40,Basic,1175.11,49130.75,1,22,0
7896,55,Female,55,Basic,103.21,21458.56,2,21,1
7897,21,Female,49,Basic,1961.77,3989.97,4,29,0
7898,32,Male,1,Premium,674.06,16030.81,2,0,0
7899,41,Female,29,Basic,246.73,15832.14,0,12,0
7900,42,Female,53,Premium,1723.34,5567.87,2,11,0
7901,18,Male,30,Premium,388.71,26473.47,5,9,0
7902,24,Male,40,Premium,147.41,30426.63,2,2,1
7903,48,Male,46,Standard,1039.91,36576.54,8,14,0
7904,29,Male,32,Basic,346.84,3025.18,2,29,0
7905,59,Male,10,Standard,1966.6,14132.17,2,4,1
7906,22,Male,27,Basic,119.78,18082.57,2,27,0
7907,61,Female,51,Standard,197.27,44665.95,4,18,0
7908,59,Female,8,Premium,1683.24,45118.9,6,18,0
7909,55,Female,51,Standard,555.53,13368.61,4,20,0
7910,29,Female,36,Premium,1832.03,24622.89,8,28,1
7911,56,Male,42,Standard,691.16,21525.44,5,12,1
7912,35,Female,55,Basic,232.59,26572.03,0,7,1
7913,19,Male,35,Basic,120.12,14662.68,8,25,1
7914,27,Male,36,Standard,636.88,23414.62,2,7,0
7915,32,Female,48,Standard,1000.09,7695.84,7,29,1
7916,47,Female,56,Basic,101.93,35622.75,2,23,0
7917,61,Male,36,Standard,1204.1,18802.15,7,5,1
7918,34,Male,25,Standard,733.96,27349.63,3,8,0
7919,21,Male,20,Basic,841.29,30427.76,0,13,0
7920,24,Male,52,Premium,596.68,41908.02,5,4,0
7921,58,Female,45,Basic,1105.19,4547.09,6,15,0
7922,48,Male,53,Basic,537.23,24395.64,7,13,0
7923,56,Female,17,Standard,356.16,44756.57,5,9,0
7924,51,Male,23,Basic,1792.23,16824.98,0,22,0
7925,23,Male,25,Basic,842.05,22504.05,4,16,0
7926,55,Male,48,Standard,246.17,4711.18,8,15,0
7927,62,Female,57,Standard,537.61,37658.33,2,19,0
7928,51,Male,49,Premium,688.89,4708.57,4,16,0
7929,61,Female,31,Basic,1562.33,31733.41,5,15,0
7930,32,Female,6,Premium,142.29,19025.13,4,9,0
7931,31,Female,35,Premium,1008.67,17238.9,3,17,0
7932,23,Male,52,Premium,874.62,29482.43,1,5,0
7933,54,Female,56,Premium,1939.96,28599.63,4,16,0
7934,49,Female,4,Basic,442.14,20569.92,9,8,1
7935,20,Male,40,Basic,1292.95,14278.06,0,21,1
7936,20,Male,20,Basic,484.17,25654.35,0,7,1
7937,39,Female,41,Premium,1142,13721.58,7,25,0
7938,39,Female,54,Standard,1154.62,5580.75,3,25,0
7939,27,Male,1,Basic,243.16,40058.05,0,7,1
7940,20,Female,45,Premium,967.26,35264.34,1,11,0
7941,29,Female,26,Premium,976.2,4675.37,4,17,0
7942,46,Female,34,Premium,706.36,8548.98,6,1,1
7943,34,Male,55,Premium,626.6,5458.25,4,2,0
7944,24,Female,10,Premium,526.17,39640.16,9,26,1
7945,30,Male,23,Premium,111.29,38757.11,5,23,0
7946,19,Male,51,Basic,103.45,20697.71,6,10,0
7947,21,Male,49,Standard,1220.6,41159.34,2,23,0
7948,27,Female,24,Basic,653.78,48710.97,9,20,0
7949,56,Male,13,Basic,418.99,48538.12,4,29,1
7950,41,Female,29,Premium,1401,49052.44,7,12,1
7951,34,Male,58,Basic,1104.92,42396.04,5,17,0
7952,23,Female,46,Standard,1838.42,11240.9,1,10,0
7953,36,Female,27,Standard,1678.93,3342.19,8,13,1
7954,22,Female,31,Premium,1480.79,40677.16,1,19,1
7955,49,Male,43,Standard,340.51,15772.92,5,3,0
7956,27,Female,10,Premium,1365.57,17218.81,1,22,1
7957,26,Female,31,Standard,1418.46,4113.28,9,3,1
7958,44,Male,39,Standard,1550.33,35878.21,6,9,0
7959,30,Male,10,Basic,599.95,21822.49,0,21,1
7960,36,Female,24,Standard,1316.57,10611.14,3,26,1
7961,38,Male,33,Premium,1274.73,32796.82,7,1,1
7962,41,Male,14,Standard,832.09,49004.26,8,17,0
7963,55,Male,35,Standard,1360.66,25170.82,9,27,0
7964,21,Female,45,Basic,264.72,30515.32,2,10,0
7965,41,Male,34,Premium,1322.66,8561.44,8,4,1
7966,52,Female,17,Premium,1251.43,8467.39,7,16,0
7967,20,Male,21,Premium,500.19,23182.95,3,1,0
7968,21,Male,32,Basic,1654.61,42315.64,0,2,0
7969,54,Female,3,Standard,1761.39,45502.93,9,24,0
7970,57,Male,58,Premium,499.92,32266.71,4,24,1
7971,52,Male,15,Standard,244.33,18345.73,6,6,1
7972,48,Male,8,Standard,1246.79,37626.95,4,28,1
7973,61,Male,32,Standard,1011.84,14951.05,4,20,0
7974,42,Female,38,Basic,912.43,11367.88,4,1,1
7975,57,Female,26,Standard,1545.92,39873.66,2,1,0
7976,30,Female,30,Basic,1942.36,37690.24,5,7,0
7977,21,Female,9,Basic,1007.56,44164.22,3,15,0
7978,63,Female,57,Basic,111.69,29035.95,9,2,1
7979,31,Female,32,Premium,1232.91,44887.37,1,22,0
7980,30,Female,11,Basic,1342.54,1810.68,3,28,0
7981,44,Male,22,Premium,1673.23,13058.93,5,21,0
7982,23,Female,34,Basic,478.87,40320.5,5,28,0
7983,34,Female,41,Basic,1096.22,21471.08,8,5,1
7984,53,Female,18,Basic,949.55,12349.76,7,18,0
7985,57,Male,19,Basic,1362.44,39908.88,4,21,0
7986,52,Female,54,Standard,221.49,41202.25,9,12,1
7987,34,Female,18,Standard,1779.62,23084.7,2,3,0
7988,58,Female,37,Basic,1071.2,23596.38,3,16,0
7989,19,Male,18,Standard,1766.39,39156.34,4,27,1
7990,30,Female,12,Premium,746.45,38680.88,0,23,1
7991,19,Male,4,Standard,1341.69,43394.91,8,8,0
7992,45,Male,47,Standard,1917.78,32453.86,3,29,1
7993,60,Male,43,Standard,1892.42,9701.63,7,2,0
7994,43,Male,27,Basic,1893.8,27710.78,4,26,0
7995,39,Female,51,Premium,181.6,19428.04,4,0,0
7996,64,Male,5,Basic,865.73,1838.44,1,0,0
7997,60,Male,6,Premium,215.48,10226.89,7,16,0
7998,20,Female,13,Basic,688.01,10676.12,9,24,0
7999,52,Male,23,Standard,431.7,4575.66,6,25,0
8000,29,Male,42,Premium,1278.26,22939.32,1,12,1
8001,41,Male,56,Standard,1583.42,25647.74,5,4,0
8002,22,Male,25,Premium,1075.36,17330.58,8,18,1
8003,37,Male,46,Premium,1611.4,20911.78,7,25,0
8004,56,Male,4,Basic,124.35,27699.86,9,24,0
8005,56,Female,52,Basic,1658.91,6463.93,2,9,0
8006,30,Female,55,Standard,438.88,28332.92,6,8,0
8007,58,Female,32,Standard,975.78,35641.29,3,5,1
8008,62,Female,44,Premium,940.91,43800.72,3,20,0
8009,29,Male,15,Premium,1759,15427.9,6,16,1
8010,30,Male,26,Basic,1935.36,37496.77,6,21,0
8011,27,Male,42,Basic,584.73,30498.03,0,20,0
8012,50,Female,11,Basic,228.09,25388.55,0,24,0
8013,57,Female,9,Basic,1335.99,46018,5,29,0
8014,33,Male,11,Basic,1055.4,31190.33,1,6,0
8015,62,Male,2,Premium,1174.84,18620.44,2,15,0
8016,52,Female,45,Premium,187.91,35790.18,1,18,1
8017,20,Female,27,Standard,1573.09,48013.91,1,4,0
8018,22,Female,54,Premium,541.47,45949.83,7,21,1
8019,43,Female,58,Basic,736.38,49023.36,7,26,0
8020,28,Male,26,Premium,533.87,5206.63,5,17,0
8021,24,Female,8,Premium,1897.29,22450.46,2,6,0
8022,27,Female,21,Premium,420.57,21918.12,4,24,0
8023,59,Male,21,Standard,1491.41,19498.67,6,25,1
8024,51,Male,8,Standard,566.92,9335.3,4,24,1
8025,20,Male,1,Premium,907.35,41693.85,6,4,1
8026,25,Female,38,Premium,1992.52,33817.4,9,7,0
8027,48,Female,58,Basic,291.1,30496.53,6,8,1
8028,28,Female,13,Standard,1774.58,22619.23,3,21,0
8029,62,Female,9,Basic,1897.49,19731.84,9,27,0
8030,24,Male,28,Basic,1426.63,39429.88,9,19,1
8031,62,Male,6,Premium,118.93,26578.34,5,3,1
8032,19,Female,47,Premium,1659.52,30578.77,8,2,0
8033,23,Female,23,Premium,1776.32,5450.16,3,11,0
8034,58,Female,48,Basic,1963.77,23838.43,9,8,0
8035,49,Male,36,Basic,1694.7,6950.59,0,9,0
8036,37,Female,58,Basic,946.62,3164.77,7,10,1
8037,51,Male,17,Premium,1408.43,34620.1,3,15,0
8038,33,Female,9,Premium,1021.74,14103.28,7,28,0
8039,42,Male,12,Premium,770.73,48270.15,8,10,0
8040,29,Male,22,Basic,1290.21,30472.19,7,21,1
8041,24,Female,51,Basic,1562.68,32435.52,0,7,0
8042,56,Male,52,Standard,1308.21,10242.73,8,13,1
8043,34,Male,58,Premium,1670.5,6879.7,4,1,1
8044,62,Female,12,Basic,435.11,26507.72,7,3,0
8045,28,Male,54,Standard,810.02,46315.27,5,14,0
8046,23,Female,6,Basic,693.91,3259.38,6,17,0
8047,40,Male,44,Basic,468.84,25654.5,2,10,0
8048,44,Male,9,Premium,942.03,10336.18,8,26,1
8049,63,Male,52,Standard,1900.96,39208.21,8,18,0
8050,23,Male,37,Basic,1122.22,34256.46,9,17,1
8051,55,Female,53,Standard,644.17,5311.72,1,8,0
8052,19,Female,3,Standard,772.72,31008.69,3,24,0
8053,39,Female,34,Premium,1264.84,49188.21,3,21,0
8054,37,Male,8,Standard,770.22,26642.89,0,27,1
8055,42,Male,10,Premium,1122.86,14629.72,3,22,0
8056,32,Female,47,Premium,620.9,8030.69,2,29,0
8057,46,Female,41,Premium,757.27,49487.29,1,4,0
8058,25,Female,42,Standard,1440.88,28408.88,5,9,0
8059,54,Female,43,Basic,1210.77,19047.57,2,16,0
8060,50,Male,9,Premium,277.63,11108.6,9,19,1
8061,39,Female,14,Basic,1949.05,47534.86,8,12,0
8062,64,Male,37,Standard,193.74,31537.92,8,3,0
8063,22,Female,27,Basic,257.59,3354.52,7,27,0
8064,56,Male,41,Basic,1432.63,3442.61,7,29,0
8065,35,Female,32,Premium,1445.23,47002.08,1,13,1
8066,55,Female,4,Premium,135.98,35649.8,5,7,1
8067,54,Male,2,Premium,1321.23,5619.8,3,20,1
8068,47,Male,51,Standard,163.19,31376.06,9,14,1
8069,48,Female,33,Basic,1925.46,21261.86,1,2,0
8070,27,Male,21,Standard,1422.67,39540.79,1,16,1
8071,32,Female,1,Standard,454.5,14048.78,9,14,0
8072,59,Male,44,Standard,400.4,19450.92,6,0,1
8073,61,Female,11,Standard,1182.36,8785.87,0,4,0
8074,35,Female,1,Premium,1303.69,12998.26,7,7,0
8075,40,Female,46,Basic,1679.35,9863.07,4,8,0
8076,50,Female,59,Premium,1816.31,1702.85,9,25,0
8077,33,Female,11,Premium,845.81,2785.22,7,25,0
8078,55,Female,7,Standard,1703.76,41863.4,1,1,0
8079,52,Female,2,Premium,1130.52,40288.3,0,4,0
8080,51,Female,15,Basic,994.11,7465.76,1,29,1
8081,45,Male,8,Standard,1428.04,33560.82,5,3,0
8082,19,Male,54,Premium,296.07,37409.39,3,11,0
8083,47,Male,52,Standard,604.23,3038.09,7,18,1
8084,30,Female,57,Basic,1651.85,4882.9,8,26,0
8085,58,Female,47,Standard,1057.75,28369.38,8,23,0
8086,33,Female,26,Premium,1825.28,19020.45,4,1,1
8087,22,Male,40,Premium,268.54,35119.87,5,15,0
8088,45,Male,42,Basic,695.48,28105.57,6,1,0
8089,56,Male,51,Basic,775.54,2035.57,3,20,0
8090,62,Male,35,Standard,903.17,34342.09,9,9,1
8091,37,Male,52,Premium,1974.96,10593.94,2,25,0
8092,41,Female,46,Basic,690.26,15973.69,1,9,0
8093,44,Male,41,Basic,1085.5,36951.27,9,16,0
8094,47,Female,41,Premium,1118.54,38677.04,3,11,0
8095,62,Female,21,Basic,1564.52,17617.82,8,6,0
8096,44,Female,57,Basic,1083.95,4916.75,4,8,0
8097,43,Male,38,Premium,1250.9,38598.81,0,13,0
8098,24,Male,8,Basic,1531.32,43575.4,4,17,0
8099,59,Female,43,Premium,292.15,48233.45,5,9,1
8100,64,Male,32,Premium,1930.6,16232.43,9,15,0
8101,55,Male,8,Standard,1707.98,6630.68,5,0,0
8102,22,Female,44,Premium,838.67,46914.2,4,8,0
8103,40,Female,10,Basic,1483.99,20288.4,7,12,0
8104,45,Female,23,Standard,1548.42,5129.93,4,28,0
8105,51,Female,4,Standard,1715.47,25189.66,9,15,0
8106,32,Female,48,Basic,457.8,9930.96,2,15,0
8107,49,Male,52,Standard,1437.04,18086.29,2,1,0
8108,43,Female,38,Basic,163.35,16357.34,3,8,1
8109,48,Male,30,Standard,319.6,49370.7,9,29,0
8110,36,Male,41,Basic,1574.53,32155.91,7,12,0
8111,26,Female,23,Premium,1644.71,24844.23,8,7,0
8112,46,Female,5,Premium,1225.63,25930.74,6,22,1
8113,56,Male,21,Standard,1205.2,30402.39,1,10,0
8114,21,Female,56,Standard,1524.07,43701.35,8,16,1
8115,20,Male,6,Premium,1821.56,7726.12,5,19,0
8116,46,Female,49,Basic,900.12,30181.84,5,10,0
8117,28,Female,17,Standard,318.16,16448.05,5,10,0
8118,50,Male,25,Premium,1694.1,28784.41,0,15,0
8119,55,Male,24,Standard,749.12,26127.68,8,6,0
8120,28,Female,22,Premium,354.19,1981.74,5,21,1
8121,44,Female,13,Premium,1267.77,29332,6,0,0
8122,50,Female,17,Premium,1198.36,35606.09,0,22,0
8123,38,Male,14,Basic,1001.07,12676.98,4,29,0
8124,56,Female,34,Standard,1733.61,5790,2,14,1
8125,48,Female,26,Basic,617.23,10976.4,8,17,0
8126,55,Female,19,Basic,125.15,32002.44,1,27,0
8127,63,Female,26,Premium,714.59,23705.24,3,28,0
8128,19,Male,3,Basic,118.44,43332.58,2,13,0
8129,44,Male,2,Standard,1132.82,14606.93,8,12,1
8130,53,Male,28,Standard,818.67,18572.35,2,23,0
8131,28,Female,2,Premium,1646.49,26638.48,0,1,0
8132,64,Female,22,Premium,1615.41,23270.83,7,19,0
8133,35,Female,7,Standard,925.81,27614.18,0,21,0
8134,18,Male,4,Standard,511.32,15948.37,0,23,0
8135,52,Male,49,Premium,902.62,8750.22,6,27,0
8136,52,Male,38,Basic,1318.5,40264.12,8,10,1
8137,48,Male,39,Standard,461.39,2445.12,3,18,1
8138,45,Female,20,Premium,1568.79,18800.42,9,27,1
8139,56,Male,6,Premium,728.06,4826.39,3,21,1
8140,18,Male,9,Standard,1871.14,36948.26,4,29,0
8141,42,Female,52,Premium,1072.55,18592.9,4,5,0
8142,60,Male,31,Standard,1709.54,1987.46,1,16,1
8143,55,Female,26,Premium,1270.2,4255.83,8,21,0
8144,37,Female,36,Premium,1153.74,10330.63,9,0,0
8145,20,Female,26,Basic,1396.05,39452.32,8,24,1
8146,19,Female,28,Premium,1641.83,40059.83,8,19,1
8147,35,Female,5,Standard,1324.56,49832.32,8,4,0
8148,61,Male,51,Standard,1614.76,12425.7,0,0,0
8149,27,Male,10,Basic,461.88,3491.63,7,12,0
8150,22,Female,18,Standard,627.28,14514.98,7,0,0
8151,26,Male,15,Premium,536.47,9351.59,3,11,1
8152,19,Female,57,Basic,1616.78,35664.21,9,8,0
8153,51,Male,33,Standard,263.64,48477.4,0,21,0
8154,55,Male,5,Premium,1612.14,14014.74,0,28,1
8155,48,Male,37,Basic,839.18,16767.34,0,25,0
8156,27,Male,40,Premium,251.06,17880.25,2,29,0
8157,29,Male,22,Standard,906.41,42919.21,9,12,0
8158,53,Male,22,Standard,670.95,29111.93,2,9,1
8159,38,Male,22,Standard,1224.71,48711.83,3,15,1
8160,64,Female,52,Standard,997.8,31544.53,1,5,0
8161,23,Female,15,Basic,663.88,35441.17,8,20,0
8162,20,Female,17,Standard,1738.31,4913.78,9,21,1
8163,27,Male,51,Basic,872.96,47608.18,8,29,0
8164,22,Male,45,Basic,994.31,31588.8,9,7,0
8165,63,Female,58,Premium,1708.59,26248.94,6,22,0
8166,43,Female,28,Standard,269.21,19676.49,1,6,0
8167,38,Male,59,Premium,840.8,4313.98,2,24,0
8168,62,Female,22,Premium,865.43,7100.68,7,24,1
8169,43,Female,21,Premium,1042.07,1078.91,8,12,0
8170,55,Female,42,Premium,301.63,49935.28,3,24,1
8171,61,Female,17,Premium,295.05,39421.34,8,16,1
8172,43,Male,5,Standard,891.19,39973.87,3,11,0
8173,25,Female,18,Premium,162.76,36639.47,1,26,1
8174,22,Female,17,Basic,584.47,24463.25,6,10,0
8175,32,Female,4,Basic,482.24,4865.76,8,5,0
8176,33,Female,54,Standard,1029.83,4077.32,1,14,0
8177,18,Male,7,Basic,121.2,45860.52,7,4,0
8178,33,Female,25,Premium,1383.89,515.57,5,15,0
8179,54,Female,37,Basic,1725.62,35105.59,8,23,0
8180,20,Female,40,Premium,1442.81,31614.63,4,10,0
8181,64,Female,40,Standard,1654.35,25310.65,0,9,0
8182,48,Female,43,Basic,1322.3,48760.05,4,28,1
8183,30,Male,9,Basic,1064,10307.35,9,7,1
8184,33,Female,19,Basic,516.14,39371.68,6,23,0
8185,60,Female,51,Standard,631.29,33904.54,6,4,1
8186,38,Male,9,Standard,703.65,48734.37,3,9,0
8187,19,Female,23,Basic,172.23,46736.56,9,26,0
8188,44,Male,31,Standard,1834.87,6864.28,5,9,0
8189,55,Female,32,Premium,1810.58,15731.96,5,0,1
8190,43,Male,52,Standard,304.78,42614.61,9,12,1
8191,55,Male,31,Basic,1157.72,11818.7,9,19,0
8192,63,Female,17,Premium,988.52,19237.71,0,22,0
8193,42,Male,48,Basic,1398.49,31485.21,4,17,0
8194,28,Female,39,Basic,1245.73,28364.24,6,22,1
8195,25,Male,58,Basic,336.21,32210.02,4,4,1
8196,25,Male,22,Standard,1354.15,35817.66,7,15,0
8197,50,Female,35,Basic,1256.86,36574.11,0,5,0
8198,24,Male,30,Premium,1109.32,37009.1,8,21,0
8199,55,Female,53,Premium,864.57,49588,1,20,1
8200,38,Male,51,Premium,1914.35,18151.07,7,9,1
8201,25,Male,40,Basic,1713.94,2687.22,4,6,1
8202,38,Female,37,Premium,1211.66,17768.67,9,19,0
8203,37,Female,26,Premium,112.12,45623.01,6,28,0
8204,25,Male,58,Premium,921.03,4627.75,6,15,1
8205,63,Female,6,Premium,1430.65,32523.64,0,0,1
8206,48,Female,34,Standard,322.86,21446.49,7,24,0
8207,46,Male,56,Basic,872.44,46117.86,2,6,1
8208,26,Male,32,Basic,464.28,46464.38,3,24,1
8209,32,Female,25,Premium,742.47,39369.61,2,11,1
8210,47,Male,51,Basic,150.67,5376.75,1,26,1
8211,43,Female,13,Premium,340.79,1723.39,6,24,0
8212,27,Female,38,Premium,964.04,7261.21,9,22,1
8213,46,Female,38,Premium,1806.56,16430.29,4,14,0
8214,33,Female,2,Basic,1032.11,12450.88,6,1,0
8215,53,Female,58,Standard,960.85,18803.08,0,26,0
8216,37,Female,56,Basic,1596.38,7582.31,9,17,0
8217,62,Male,5,Basic,608.88,37748.91,1,3,0
8218,54,Female,11,Standard,280.63,42342.18,5,24,0
8219,39,Male,11,Basic,498.19,24653.65,5,12,0
8220,24,Female,24,Standard,1603.47,47848.07,2,22,0
8221,40,Male,14,Premium,1386.39,6457.05,9,8,0
8222,58,Male,45,Standard,273.91,5737.79,0,3,1
8223,57,Male,30,Premium,1367.48,10419.76,2,8,0
8224,46,Female,40,Standard,1869.95,49104.67,3,22,1
8225,33,Male,47,Premium,185.41,21116.64,0,23,0
8226,55,Male,44,Basic,1271.19,46243.24,6,0,0
8227,45,Female,35,Standard,820.41,10499.48,2,24,0
8228,55,Male,21,Basic,1051.96,42382.11,7,27,1
8229,48,Male,55,Premium,1103.54,15845.91,6,7,0
8230,31,Female,5,Standard,1564.99,36852.77,5,0,0
8231,50,Male,38,Standard,1158.32,48735.86,7,29,1
8232,26,Male,2,Standard,1226.86,46684.72,8,28,0
8233,44,Female,40,Basic,732.53,41650.74,1,15,0
8234,41,Male,37,Premium,339.3,2985.2,9,23,0
8235,30,Male,54,Basic,1397.19,30584.61,8,14,0
8236,43,Male,49,Standard,100.92,41854.69,9,14,0
8237,46,Male,58,Premium,724.56,20266.67,4,4,1
8238,60,Female,34,Premium,514.28,36693.8,0,18,0
8239,45,Female,11,Basic,838.21,7336.6,0,23,0
8240,45,Female,36,Basic,691.41,9249.87,6,10,0
8241,25,Female,11,Standard,1438.01,32363.62,5,26,0
8242,40,Male,9,Standard,594.39,22137,9,18,1
8243,46,Female,6,Standard,1165.43,11303.44,8,23,1
8244,22,Female,56,Standard,965.96,14502.26,0,20,1
8245,59,Male,34,Premium,1622.01,31136.47,9,23,0
8246,24,Male,58,Standard,913.38,36405.85,9,2,1
8247,59,Male,47,Standard,1741.36,10776.9,9,25,0
8248,53,Female,37,Standard,100.28,47782.1,9,21,0
8249,58,Male,32,Basic,1249.19,904.85,6,27,0
8250,44,Male,12,Basic,118.63,35153.08,7,21,0
8251,63,Male,45,Basic,1456.48,14904.53,9,3,1
8252,19,Female,32,Standard,546.35,24186.47,3,20,1
8253,42,Female,17,Premium,821.96,28707.43,0,15,1
8254,26,Female,4,Standard,822.83,28295.33,2,11,0
8255,44,Female,42,Basic,1708.2,38925.75,1,27,0
8256,18,Female,33,Basic,293.98,41279.63,2,6,1
8257,40,Female,43,Standard,1367.1,4130.79,5,0,0
8258,27,Female,48,Premium,1964.39,35298.94,9,23,0
8259,59,Male,43,Premium,142.53,20253.35,2,10,0
8260,42,Male,9,Premium,1935.2,41020.17,9,14,0
8261,20,Male,34,Basic,134.97,30640.07,3,18,1
8262,23,Female,39,Basic,1698.18,1006.7,0,22,0
8263,23,Female,51,Premium,1926.36,33490.02,5,14,0
8264,19,Male,30,Standard,1986.75,46322.66,1,8,0
8265,35,Male,50,Premium,972.33,4613.3,3,12,0
8266,40,Female,20,Standard,1747.22,24964.42,4,17,0
8267,19,Female,39,Basic,332.45,31479.75,4,28,0
8268,29,Female,23,Basic,908.23,10195.25,3,25,1
8269,39,Female,41,Basic,685.15,32709.23,2,25,1
8270,54,Female,44,Premium,850.84,2965.02,3,22,0
8271,37,Female,35,Premium,1433.76,45331.12,2,16,1
8272,56,Female,23,Basic,266.21,38251.37,2,4,1
8273,41,Female,54,Basic,1996.51,47080.66,3,26,0
8274,37,Male,58,Basic,1306.63,21212.11,8,15,0
8275,18,Female,48,Premium,1759.68,2193.09,8,6,1
8276,18,Female,39,Premium,1676.42,17405.94,7,29,0
8277,34,Female,23,Basic,1555.4,26029.7,3,20,0
8278,18,Male,58,Premium,174.52,46825.66,1,4,1
8279,62,Male,37,Premium,1081.29,44211.79,8,21,0
8280,47,Female,57,Premium,723.48,29906.55,5,25,1
8281,58,Male,23,Premium,314.58,36622.74,7,25,1
8282,64,Male,39,Basic,751.68,47717.97,3,10,1
8283,20,Male,28,Basic,1325.13,42604.28,7,15,0
8284,63,Female,19,Premium,538.19,33111.56,5,29,1
8285,28,Female,49,Basic,944.73,27232.73,5,29,0
8286,41,Female,48,Basic,868.54,24064.02,5,26,1
8287,39,Female,30,Basic,199.68,37952.18,8,21,0
8288,61,Female,21,Standard,1293.36,40534.26,0,25,0
8289,62,Female,24,Basic,1275.81,11273.38,0,12,0
8290,43,Female,21,Basic,1936.19,23964.24,4,1,0
8291,30,Male,26,Premium,666.21,38672.06,0,11,0
8292,18,Female,51,Premium,896.01,33947.52,9,11,0
8293,41,Female,57,Standard,866.91,29783.05,8,9,0
8294,27,Female,50,Standard,1847.51,16524.46,3,26,0
8295,52,Female,51,Basic,876.43,30656.33,1,25,0
8296,41,Female,36,Basic,941.25,30801.15,2,12,0
8297,45,Female,26,Premium,579.45,21905.44,8,11,0
8298,53,Female,33,Basic,102.22,48034.84,7,24,1
8299,33,Female,59,Basic,309.86,32829.51,2,18,0
8300,57,Male,36,Basic,1437.39,42609.5,7,16,0
8301,33,Male,4,Basic,1396.74,6883.43,3,26,0
8302,34,Female,9,Basic,712.81,37960.59,5,15,0
8303,32,Female,8,Basic,998.71,30292.53,3,16,0
8304,33,Male,2,Basic,665.02,15759.73,4,24,0
8305,32,Female,29,Basic,1488.74,7249.92,9,5,0
8306,51,Female,23,Premium,1700.75,19292.54,8,22,0
8307,28,Male,6,Standard,1808.3,22348.17,1,17,0
8308,18,Female,55,Basic,430.36,7467.75,8,10,0
8309,32,Female,43,Premium,1420.53,33671.28,2,29,0
8310,43,Female,36,Basic,1929.71,15701.93,4,11,0
8311,21,Male,46,Basic,1336.16,40398.95,6,16,1
8312,60,Male,21,Standard,766.85,32593.26,1,1,0
8313,22,Female,22,Premium,1308.3,15869.87,3,12,1
8314,52,Male,9,Basic,1408.01,18320.97,0,18,1
8315,30,Male,34,Standard,854.39,47136.3,2,18,1
8316,27,Male,59,Standard,297.58,47431.92,5,23,0
8317,28,Female,57,Basic,1252.65,21209.36,1,3,0
8318,35,Male,26,Basic,1624.07,34118.92,7,0,0
8319,51,Male,1,Premium,1995.4,49008.62,6,1,1
8320,56,Male,36,Premium,523.81,49705.54,2,24,0
8321,58,Female,44,Basic,1430.74,4070.64,0,17,0
8322,59,Male,5,Basic,153.28,27898.21,9,11,0
8323,40,Male,41,Standard,1942.67,36467.55,3,8,0
8324,24,Female,22,Premium,123.87,9749.87,3,4,1
8325,56,Male,4,Basic,781.71,41184.3,4,15,0
8326,20,Male,48,Basic,245.17,23688.49,2,3,0
8327,29,Male,2,Premium,1279.84,25138.7,1,19,0
8328,24,Female,16,Basic,745.05,14078.99,1,2,0
8329,43,Female,16,Standard,1492.59,15357.31,7,17,0
8330,50,Male,53,Standard,1024.12,4666.57,6,7,0
8331,54,Male,56,Basic,896.87,46610.04,0,21,1
8332,32,Male,56,Premium,762.18,19402.41,8,24,1
8333,19,Male,22,Standard,263.65,8530.39,2,1,0
8334,58,Male,43,Premium,489.17,7546.56,2,11,1
8335,24,Male,1,Premium,1314.29,20666.6,0,0,0
8336,49,Female,15,Premium,1043.83,31794.29,3,23,0
8337,21,Male,24,Standard,233.17,39000.21,9,23,0
8338,37,Male,4,Standard,1133.51,46267.94,1,20,0
8339,53,Male,18,Basic,202.87,31967.25,2,17,0
8340,49,Female,17,Premium,1072.28,21322.76,0,9,0
8341,45,Male,7,Standard,1933.43,21386.35,2,20,0
8342,30,Female,50,Standard,683.95,28931.66,3,7,0
8343,18,Male,45,Basic,1474.66,27133.02,5,29,0
8344,52,Male,52,Standard,1516.55,32220.32,2,29,0
8345,47,Male,52,Standard,869.23,25418.82,5,3,0
8346,53,Male,10,Standard,1227.26,3420.05,1,29,0
8347,42,Male,1,Basic,996.89,25286.05,7,17,1
8348,33,Male,2,Basic,638.39,1615.4,4,2,1
8349,36,Female,49,Premium,1534.01,9440.09,0,2,0
8350,18,Male,22,Standard,1435.37,19677.67,5,24,0
8351,22,Male,32,Basic,1811.04,27789.76,2,28,0
8352,39,Male,29,Basic,1274.44,9648.5,3,11,1
8353,41,Female,35,Basic,838.57,14176.88,9,18,0
8354,60,Male,17,Premium,1456.61,19023.44,7,16,0
8355,62,Female,12,Premium,1276.17,10262.15,7,22,1
8356,54,Male,24,Premium,1271.57,49938.8,7,16,0
8357,53,Male,30,Premium,1714.69,40333.31,4,21,0
8358,53,Female,44,Premium,1829.89,40641.36,0,25,1
8359,21,Female,30,Standard,442.46,28658.76,8,3,1
8360,53,Male,20,Standard,696.7,48085.57,8,6,0
8361,35,Female,42,Basic,1335.58,36743.93,7,22,1
8362,33,Female,7,Premium,1158.72,16878.49,2,6,0
8363,58,Male,42,Premium,1339.42,30721.07,5,29,0
8364,35,Male,50,Basic,922.73,27413.15,6,21,0
8365,39,Male,54,Standard,883.63,29224.3,3,6,0
8366,19,Female,38,Premium,323.54,40977.47,9,7,0
8367,38,Male,7,Premium,1284.93,25723.31,6,18,0
8368,53,Male,49,Premium,433.99,36567.7,8,20,1
8369,61,Female,30,Standard,1374.94,12904.54,5,29,0
8370,56,Female,12,Standard,1937.44,46637.07,1,25,0
8371,64,Male,49,Premium,587.18,4775.92,5,26,0
8372,56,Female,31,Premium,370.09,49682.21,2,8,0
8373,46,Female,18,Basic,145.93,31817.32,6,23,0
8374,43,Female,46,Basic,819.77,23762.6,2,21,0
8375,38,Male,43,Standard,507.76,15883.72,7,28,0
8376,34,Male,2,Basic,1034.53,20554.52,4,8,0
8377,33,Male,53,Premium,1096.18,39229.95,2,13,1
8378,48,Female,33,Standard,763.72,7401.93,0,25,1
8379,26,Male,11,Basic,1524.82,13007.91,4,28,0
8380,48,Male,34,Standard,1819.13,6624.51,9,20,0
8381,31,Female,16,Premium,501.89,21619.4,9,17,0
8382,54,Female,54,Basic,1688.97,19667.52,2,8,0
8383,19,Male,35,Basic,349.26,32614.85,3,29,0
8384,63,Female,52,Basic,534.53,49787.94,9,4,1
8385,31,Male,33,Premium,1166.69,44671.78,3,7,0
8386,50,Male,21,Standard,682.5,44078.7,2,23,1
8387,52,Male,20,Basic,179.25,32462.55,5,3,0
8388,56,Female,8,Standard,660.26,13895.11,5,19,0
8389,64,Female,51,Standard,1819.25,19512.24,0,13,1
8390,37,Male,26,Standard,431.02,12881.05,3,16,0
8391,19,Male,33,Premium,1551.13,7186.66,0,20,1
8392,58,Male,26,Premium,1472.34,22083.55,6,15,0
8393,36,Male,37,Basic,301.83,44927.99,6,8,1
8394,54,Female,30,Basic,725.94,37320.13,5,27,0
8395,35,Male,31,Standard,459.78,49249.48,1,4,0
8396,33,Male,33,Standard,143.99,10143.45,3,4,0
8397,21,Female,11,Standard,428.78,25276.93,2,29,0
8398,29,Male,53,Premium,483,39755.78,7,5,0
8399,46,Male,41,Premium,415.36,23292.83,1,5,1
8400,24,Male,5,Basic,273.08,18075.19,9,7,0
8401,31,Male,2,Standard,1099.98,40886.4,1,15,0
8402,29,Male,13,Standard,713.01,21800.25,0,13,0
8403,52,Female,18,Premium,1825.67,45691.89,8,0,1
8404,22,Female,26,Basic,455.71,13785.87,2,15,1
8405,34,Female,25,Standard,1245.44,44874.46,7,14,0
8406,59,Female,44,Standard,1811.18,14283.81,6,4,0
8407,49,Male,14,Basic,189.66,14833.43,0,8,1
8408,27,Female,5,Standard,1080.93,21318.92,5,2,0
8409,60,Female,59,Premium,956.27,26032.69,7,26,0
8410,34,Female,56,Basic,1864.68,21202.14,5,6,0
8411,22,Female,42,Standard,1361.15,43176.38,8,6,0
8412,62,Female,52,Standard,763.41,39880.67,9,15,0
8413,59,Female,2,Premium,1451.89,15838.24,2,27,0
8414,26,Female,4,Premium,1207.04,25820.23,5,27,0
8415,50,Female,12,Premium,759.62,21835.98,9,25,0
8416,53,Male,11,Standard,1591.97,3275.48,3,2,0
8417,53,Female,4,Standard,1369.52,37533.27,9,14,0
8418,35,Male,43,Standard,110.29,9492.5,2,6,0
8419,26,Female,9,Basic,1743.76,46740.02,7,2,0
8420,46,Female,10,Premium,854.47,20190.03,6,15,0
8421,31,Female,27,Basic,1326.35,31301.77,6,5,0
8422,42,Male,6,Premium,853.86,41005.82,4,7,0
8423,32,Male,15,Standard,1774.59,9424.69,0,15,0
8424,23,Female,42,Basic,1336.59,27286.25,5,23,1
8425,59,Male,31,Basic,1200.83,12252.28,5,5,0
8426,46,Female,22,Premium,1962.5,25728.7,2,15,1
8427,32,Male,53,Basic,633.22,29182.08,4,1,0
8428,46,Male,6,Basic,223.98,8872.48,8,0,0
8429,21,Male,33,Standard,1080.42,29250.52,6,18,0
8430,35,Female,29,Premium,905.63,23017.95,7,13,1
8431,61,Male,21,Basic,963.15,26338.98,8,18,0
8432,56,Male,54,Standard,1278.2,45295.87,5,22,0
8433,33,Female,56,Basic,1268.73,24448.25,4,3,0
8434,28,Male,52,Standard,845.3,24069.35,9,1,0
8435,31,Female,30,Basic,1739.47,23784.73,4,1,0
8436,20,Female,21,Standard,1337.77,31343.71,4,11,0
8437,59,Male,36,Standard,1790.83,18692.11,3,22,0
8438,55,Female,55,Premium,1834.99,40167.32,1,23,1
8439,62,Male,58,Standard,417.89,14659.48,6,10,0
8440,59,Male,22,Basic,1393.07,15327.54,6,20,0
8441,35,Female,46,Standard,703.27,29643.14,7,17,1
8442,37,Male,20,Standard,1689.22,13364.52,7,18,0
8443,42,Male,22,Basic,1492.42,4952.34,7,16,0
8444,55,Female,52,Basic,477.62,10676.48,8,25,0
8445,30,Female,40,Standard,1883.59,45726.04,5,3,0
8446,21,Male,11,Basic,1398.61,1029.68,3,22,0
8447,31,Female,47,Standard,1902.4,7106.34,1,25,0
8448,50,Female,31,Standard,483.63,38022.96,4,11,0
8449,45,Female,51,Standard,1752.44,49003.11,5,24,1
8450,54,Female,40,Basic,1369.34,34565.17,6,2,1
8451,25,Male,13,Premium,1149.34,46155.56,5,15,1
8452,61,Male,18,Premium,1658.97,42834.17,3,3,1
8453,51,Female,22,Standard,1302.44,24258.52,3,27,1
8454,61,Male,56,Standard,1372.24,17009.4,6,5,0
8455,22,Female,17,Basic,581.97,31795.77,0,0,0
8456,22,Female,38,Premium,1652.4,26910.89,2,4,0
8457,48,Male,25,Premium,1335.58,1778.55,9,9,0
8458,62,Male,32,Premium,1704.34,47886.21,1,13,0
8459,26,Male,15,Basic,767.9,28727.24,1,4,0
8460,59,Male,13,Basic,730.25,43787.34,6,9,1
8461,49,Female,58,Basic,145.42,36864.19,4,24,0
8462,50,Female,26,Standard,1560.35,17371.23,2,8,0
8463,20,Male,50,Basic,727.6,45107.32,8,12,0
8464,47,Female,11,Standard,721.7,39625.91,8,16,0
8465,29,Male,13,Standard,1408.5,21774.69,2,18,0
8466,46,Male,33,Standard,580.45,42103.67,1,28,1
8467,20,Male,50,Standard,1827.14,13941.84,2,19,1
8468,43,Female,37,Basic,1122.33,33698.83,8,27,0
8469,47,Female,38,Basic,1942.01,6171.8,7,0,1
8470,26,Male,1,Premium,245.67,43355.5,2,8,0
8471,43,Male,39,Premium,739.97,36606.92,3,17,0
8472,19,Male,27,Standard,824.79,8052.11,4,4,0
8473,20,Male,36,Premium,1487.8,1556.06,3,13,1
8474,63,Female,32,Premium,504.63,19798.46,1,28,0
8475,21,Female,41,Premium,813.16,33925.99,8,18,0
8476,42,Male,15,Standard,1830.22,14515.8,1,14,0
8477,30,Male,31,Premium,317.65,48676.13,4,3,0
8478,56,Female,6,Basic,1516.12,46766.73,8,3,0
8479,61,Male,25,Standard,1434.72,30098.05,7,26,1
8480,52,Female,49,Basic,347.96,16122.15,0,17,0
8481,40,Female,52,Standard,1408.13,44865.33,2,26,1
8482,26,Male,18,Basic,1182.59,40271.81,9,17,1
8483,19,Female,22,Premium,646.29,4764.64,8,7,0
8484,58,Female,31,Standard,691.17,24077.98,2,1,0
8485,61,Female,36,Basic,1682.69,49070.14,3,15,0
8486,48,Female,9,Standard,538.93,22968.32,2,13,0
8487,61,Male,46,Basic,1074.28,46678.97,6,25,0
8488,64,Female,3,Premium,1394.18,48875.82,8,22,0
8489,19,Female,33,Standard,346.81,19674.28,3,0,1
8490,49,Female,27,Standard,1871.47,48245.64,8,16,0
8491,35,Male,43,Basic,595.21,7328.06,1,9,0
8492,30,Male,1,Basic,705.79,8425.91,1,15,0
8493,63,Male,44,Premium,1365.62,14188.9,8,2,1
8494,22,Female,57,Basic,248.56,23644.03,6,18,0
8495,59,Male,9,Basic,1292.46,9460.73,4,10,0
8496,61,Male,5,Basic,1840.46,17338.8,4,24,0
8497,27,Male,15,Premium,573.27,5630.83,8,29,0
8498,60,Female,50,Premium,787.62,21785.4,3,14,1
8499,42,Male,9,Standard,541.43,41460.18,0,17,0
8500,51,Male,45,Premium,1655.66,29955.15,5,19,0
8501,54,Male,28,Basic,418.45,40602.88,2,18,1
8502,47,Female,13,Standard,758.59,7217.78,1,6,0
8503,24,Female,24,Premium,1241.94,20272.07,3,5,1
8504,23,Male,45,Premium,868.65,2446.5,8,8,1
8505,20,Male,59,Basic,224.39,18813.96,7,12,1
8506,30,Male,10,Basic,1900.67,30917.64,6,7,1
8507,20,Female,42,Premium,742.01,28659.03,1,17,0
8508,43,Female,22,Standard,946.74,3485.97,0,2,0
8509,41,Male,39,Basic,418.34,3571.94,6,0,0
8510,23,Female,22,Premium,1744.17,15600.84,9,23,0
8511,60,Male,37,Premium,653.71,38684.26,4,28,0
8512,59,Female,52,Basic,137.66,1518.55,7,17,1
8513,29,Male,39,Standard,701.16,30988.4,4,3,0
8514,53,Female,20,Standard,1969.71,9593.24,9,17,0
8515,19,Male,10,Standard,379,47243.65,4,15,0
8516,28,Female,10,Basic,159.28,21795.66,7,17,1
8517,56,Male,26,Basic,1198.53,2870.25,8,2,0
8518,51,Male,25,Basic,806.17,35825.1,1,13,0
8519,43,Male,53,Standard,1610.45,24488.17,7,9,0
8520,35,Male,56,Standard,1490.59,44121.4,6,28,0
8521,38,Female,28,Basic,452.3,32765.34,7,4,1
8522,53,Male,13,Basic,1172.8,34780.02,2,7,1
8523,57,Female,15,Basic,161.63,38479.36,3,25,0
8524,63,Female,6,Standard,935.01,21307.54,6,17,0
8525,61,Male,52,Premium,1456.7,39731.09,4,29,1
8526,39,Male,12,Premium,888.42,3005.84,6,28,0
8527,47,Male,19,Standard,324.11,38393.61,5,4,0
8528,60,Male,32,Basic,216.91,31997.24,3,26,0
8529,47,Female,11,Basic,1721.95,28549.92,1,11,0
8530,25,Female,38,Basic,1793.52,16248.46,5,28,1
8531,51,Female,33,Basic,751.88,6148.57,5,3,0
8532,64,Female,2,Standard,411.93,32536.44,5,11,1
8533,26,Male,55,Premium,1959.37,23847.71,0,12,0
8534,37,Female,15,Premium,1137.14,11283.32,5,13,0
8535,57,Male,36,Standard,1005.64,2646.65,1,13,0
8536,42,Male,5,Basic,1509.05,27168.88,9,18,1
8537,36,Female,15,Premium,420.85,6751.67,4,9,0
8538,22,Female,43,Standard,1201.98,46506.26,6,21,0
8539,28,Female,10,Basic,1791.31,7956.28,9,8,0
8540,32,Female,17,Premium,143.83,2085.26,0,23,0
8541,25,Female,34,Standard,1378.59,13471.35,4,17,0
8542,36,Female,52,Premium,1147.71,9160.35,8,16,1
8543,40,Male,24,Premium,1906.52,39666.29,2,23,0
8544,44,Male,10,Standard,591.53,14822.46,1,4,1
8545,57,Male,52,Standard,1731.89,12639.41,9,1,0
8546,49,Female,30,Premium,687.07,49743.02,1,9,0
8547,43,Male,3,Premium,916.74,7928.06,2,0,0
8548,44,Male,51,Standard,505.25,4707.43,0,26,1
8549,36,Male,37,Basic,1740.82,15628.39,1,7,1
8550,59,Male,3,Basic,471.28,20551.97,5,7,0
8551,46,Male,40,Basic,1732.12,38141,7,5,1
8552,56,Male,5,Basic,965.67,47794.47,3,20,0
8553,58,Female,28,Standard,1686.66,38302.02,1,4,0
8554,50,Female,44,Basic,602.53,36468.6,4,21,0
8555,36,Female,14,Premium,352.19,49576.67,2,20,0
8556,54,Male,39,Basic,1154.43,38385.51,4,17,0
8557,36,Female,11,Standard,1067.93,7406.89,2,6,0
8558,50,Female,8,Basic,777.55,23345.72,3,3,0
8559,64,Male,37,Basic,1359.36,25423.48,4,22,0
8560,33,Female,8,Standard,280.77,15588.11,6,0,0
8561,40,Male,12,Basic,1281.8,8631.63,1,21,1
8562,24,Female,15,Standard,502.34,35731.16,5,1,0
8563,43,Male,19,Basic,345.01,14235.99,5,18,0
8564,49,Male,48,Standard,1828.26,31420.42,5,2,1
8565,29,Female,46,Basic,973.61,16468.19,6,25,1
8566,25,Male,28,Premium,1550.49,25558.7,2,0,1
8567,22,Female,7,Premium,269.32,17184.11,4,29,0
8568,59,Male,40,Standard,209.18,20882.04,8,20,0
8569,45,Female,7,Standard,1040.22,36737.29,8,12,0
8570,22,Female,30,Standard,699.55,44249.33,6,7,0
8571,43,Male,18,Premium,109.32,25682.91,8,11,0
8572,22,Female,24,Standard,448.26,30707.43,2,29,0
8573,39,Female,6,Basic,515.67,43288.29,6,7,0
8574,32,Female,58,Standard,648.16,7589.51,0,25,1
8575,30,Male,51,Standard,1767.32,8528.8,6,27,0
8576,45,Male,4,Basic,899.14,18282.23,2,26,1
8577,50,Female,55,Basic,1390.92,15798.88,2,6,1
8578,60,Female,3,Premium,134.95,49325.5,6,22,1
8579,40,Male,49,Basic,1646.46,28422.55,7,7,0
8580,50,Male,54,Basic,556.62,26433.38,3,28,0
8581,60,Female,51,Standard,687.17,29146.57,0,23,0
8582,35,Male,59,Premium,185.99,43820.14,4,14,0
8583,47,Male,47,Basic,878.42,12555.61,9,29,1
8584,43,Female,58,Premium,1719.9,25792.88,3,20,0
8585,33,Male,6,Basic,819.6,13912.68,8,6,1
8586,30,Male,26,Premium,1826.35,39138.53,2,11,1
8587,56,Male,44,Basic,1748.15,38967.21,3,17,0
8588,50,Female,51,Standard,217.73,47892.77,9,3,0
8589,43,Male,38,Premium,680.02,22617.69,2,5,0
8590,18,Female,11,Premium,1829.79,8353.23,2,10,0
8591,55,Male,52,Basic,156.64,44872.34,6,29,0
8592,19,Male,29,Premium,1555.04,44584.83,4,9,1
8593,23,Female,20,Basic,1822.21,12116.14,4,29,0
8594,63,Female,10,Premium,1563.93,14175.36,3,18,0
8595,55,Female,26,Premium,1513.25,16014,9,17,0
8596,59,Female,48,Standard,1702.38,22861.63,7,11,0
8597,41,Male,27,Standard,1365,41537.64,0,16,1
8598,35,Female,50,Premium,903.88,7646.31,8,19,1
8599,44,Female,14,Standard,219.24,35169.35,8,1,0
8600,58,Female,36,Premium,1597.14,17963.61,4,29,1
8601,25,Male,59,Basic,1819.98,10185.33,0,18,0
8602,45,Male,12,Premium,1072.01,17252.7,1,11,0
8603,27,Female,52,Premium,1111.77,26897.16,1,25,0
8604,34,Female,59,Standard,866.25,46109.99,5,10,0
8605,46,Female,23,Standard,1728.08,31599.3,9,14,0
8606,23,Female,21,Basic,128.13,30550.52,8,10,1
8607,31,Male,8,Basic,1286.64,5882.68,2,10,0
8608,39,Female,39,Basic,1824.08,4450.15,7,21,1
8609,23,Male,58,Premium,296.12,6908.45,1,9,0
8610,43,Female,9,Basic,1922.41,5229.51,4,18,1
8611,56,Female,24,Basic,1938.59,29030.04,3,2,1
8612,29,Male,31,Standard,1866.6,22904.45,4,3,0
8613,52,Female,25,Standard,978.84,747.11,3,2,0
8614,31,Female,17,Basic,827.64,17877.8,0,14,1
8615,39,Female,42,Basic,1441.3,6804.53,0,5,0
8616,40,Female,29,Premium,705.51,49411.92,5,8,0
8617,24,Male,3,Premium,229.85,23277.8,7,7,1
8618,57,Female,21,Standard,1812.7,21593.27,6,1,1
8619,42,Female,57,Basic,1306.23,32386.63,3,18,1
8620,30,Male,8,Basic,493.59,18176.13,4,14,1
8621,38,Female,14,Basic,134.98,35917.97,7,7,0
8622,58,Male,58,Basic,1474.68,45287.29,5,18,0
8623,27,Female,39,Basic,1720.32,25195.42,7,4,0
8624,26,Female,16,Premium,870.73,19454.69,5,11,0
8625,32,Female,18,Premium,253.71,26333.89,7,26,0
8626,19,Male,31,Basic,1332.38,30375.86,3,11,1
8627,42,Male,11,Premium,664.17,42461.28,9,27,0
8628,30,Female,38,Premium,373.5,20026.73,1,8,0
8629,51,Male,20,Basic,1069.75,3045.86,2,17,0
8630,51,Female,53,Premium,1015.5,31721.32,4,24,0
8631,52,Male,46,Basic,1081.86,49350.47,3,9,0
8632,55,Female,53,Premium,1665.47,42784.72,4,4,1
8633,20,Male,45,Basic,1020.64,38033.67,0,14,0
8634,59,Female,4,Basic,1811.03,9236.85,0,24,1
8635,23,Male,20,Premium,1699.44,37556.65,1,19,0
8636,36,Male,31,Premium,1337.12,4533.09,1,23,0
8637,20,Male,20,Standard,208.02,24948.94,7,23,0
8638,35,Male,11,Basic,1743.39,18859.54,9,18,0
8639,56,Female,50,Basic,1820.59,45311.67,3,20,0
8640,26,Female,1,Basic,812.59,8411.87,5,9,1
8641,29,Male,44,Basic,1099.69,39549.81,1,16,1
8642,22,Female,18,Premium,633.94,2901.34,0,28,1
8643,20,Male,39,Premium,127.96,35236.86,6,5,1
8644,28,Female,44,Standard,1010.96,15042.02,3,8,1
8645,47,Male,33,Basic,345.78,48807.71,3,27,0
8646,21,Female,54,Standard,448.32,33751.3,1,29,0
8647,22,Female,36,Standard,1013.35,15790.82,8,16,0
8648,18,Male,18,Standard,1747.37,12158.29,1,17,0
8649,44,Male,47,Standard,1704.8,32145.78,4,13,0
8650,45,Male,31,Standard,1933.63,14000.16,5,22,1
8651,46,Male,35,Premium,1017.09,9746.86,2,5,0
8652,35,Male,39,Premium,1148.82,32559.65,2,25,0
8653,29,Female,38,Standard,1662.02,36352.21,5,10,1
8654,30,Male,15,Premium,1429.38,12282.4,4,18,0
8655,58,Female,47,Premium,447.36,27025.69,4,15,0
8656,19,Male,6,Standard,856.53,33349.66,4,1,0
8657,54,Female,8,Premium,1865.4,47124.88,8,6,0
8658,62,Female,40,Premium,377.64,40269.95,7,25,0
8659,33,Male,22,Basic,497.78,21330.34,3,25,1
8660,41,Male,1,Standard,861.25,42298.16,5,20,1
8661,52,Female,58,Basic,1885.76,22363.85,4,5,0
8662,39,Female,13,Basic,316.25,6941.27,5,14,0
8663,53,Male,55,Standard,1378.59,17384.47,7,24,0
8664,28,Female,24,Basic,351.03,40333.84,5,12,1
8665,63,Female,21,Basic,1096.55,47812.34,5,6,0
8666,46,Female,45,Premium,1119.47,49187.4,1,19,0
8667,52,Female,43,Basic,180.99,32135.2,6,26,1
8668,32,Female,4,Standard,1912.82,24177.93,2,24,1
8669,48,Female,7,Premium,1632.58,8521.82,6,2,1
8670,59,Male,12,Premium,675.42,5574.95,4,14,0
8671,58,Male,59,Premium,348.19,26165.86,3,19,0
8672,60,Male,13,Standard,756.69,36525.06,9,25,0
8673,33,Male,54,Standard,1799.13,16534.14,0,2,0
8674,27,Female,44,Standard,352.1,33896.5,7,25,0
8675,49,Male,16,Basic,763.7,28755.11,1,26,1
8676,19,Female,6,Basic,1039.18,47067.07,9,14,0
8677,41,Female,14,Premium,162.48,10873.07,7,27,0
8678,40,Male,51,Premium,609.26,29757.39,6,2,1
8679,19,Male,48,Standard,1231.7,20982.95,2,27,1
8680,55,Female,59,Standard,715.53,13447.99,6,14,0
8681,48,Male,58,Basic,1754,18185.97,0,0,0
8682,57,Male,31,Basic,1879.85,15079.48,4,20,1
8683,43,Female,36,Standard,938.93,26618.61,1,19,0
8684,46,Female,37,Standard,1110.84,28123.69,1,10,0
8685,20,Female,41,Basic,1298.54,43344.23,2,24,1
8686,31,Female,56,Premium,1362.62,39174.64,6,3,0
8687,42,Female,35,Premium,220.19,15474.5,1,18,1
8688,18,Female,54,Basic,201.99,46600.6,3,21,0
8689,20,Male,10,Basic,1744.62,43483.46,3,27,0
8690,43,Male,17,Premium,517.76,31480.22,0,27,0
8691,35,Male,51,Basic,1209.8,1422.11,6,9,0
8692,26,Female,42,Premium,1286.88,10852.26,3,26,0
8693,55,Female,30,Premium,412.48,39571.3,0,20,0
8694,40,Male,44,Basic,1547.03,22961.16,2,3,0
8695,38,Male,55,Standard,1745.3,6734.55,7,15,1
8696,18,Male,7,Standard,642.22,20708.85,3,0,0
8697,38,Female,18,Standard,1767.9,10989.2,0,26,0
8698,44,Male,19,Standard,253.97,44682.09,6,12,0
8699,59,Male,15,Standard,1620.88,44518.29,7,18,1
8700,23,Male,39,Standard,1316.21,19659.58,4,13,1
8701,61,Female,44,Standard,1207.91,7300.98,8,12,0
8702,53,Male,22,Basic,537.25,18262.15,6,28,1
8703,45,Male,39,Basic,787.5,6872.63,3,3,0
8704,62,Female,42,Standard,1829.58,15550.28,8,9,0
8705,34,Female,57,Basic,984.91,38673.49,5,26,0
8706,57,Female,56,Premium,1229.32,14951.35,7,7,1
8707,20,Female,54,Standard,1878.12,27438,1,8,0
8708,29,Female,30,Premium,986.33,6384.23,4,13,1
8709,56,Male,20,Basic,837.71,17707.46,2,7,1
8710,29,Male,32,Standard,1797.08,2462.06,4,24,0
8711,19,Female,42,Premium,1830.69,27634.33,7,25,0
8712,63,Female,25,Basic,773.81,17707.35,5,0,0
8713,39,Female,23,Standard,1224.78,43664.19,0,10,1
8714,40,Female,5,Standard,1931.08,19931.35,6,15,0
8715,47,Male,50,Premium,205.39,28109.87,9,0,0
8716,22,Male,41,Premium,175.62,48843.88,0,29,0
8717,26,Female,30,Premium,1081.5,32313.94,0,18,0
8718,38,Female,48,Basic,653.36,25273.36,3,28,1
8719,28,Female,39,Premium,1205.51,5357.17,8,19,0
8720,22,Female,57,Premium,1476.16,41137.73,7,17,0
8721,52,Male,27,Premium,231.24,32297.98,9,25,0
8722,44,Female,57,Standard,1776.5,5871.95,2,6,0
8723,19,Female,42,Premium,626.09,12660.62,5,8,0
8724,41,Male,37,Premium,824.56,27113.55,0,26,0
8725,48,Female,7,Basic,740.37,2730.59,9,5,0
8726,50,Male,5,Basic,1695.69,36056.35,0,19,0
8727,56,Female,15,Premium,424.24,11775.8,5,5,0
8728,47,Female,51,Basic,154.48,24740.67,4,0,0
8729,63,Male,42,Basic,1946.42,12461.35,5,5,1
8730,54,Female,8,Basic,1963.2,24714.75,8,15,0
8731,45,Male,56,Standard,589.62,9889.11,4,3,0
8732,48,Male,9,Premium,117.77,29899.07,1,2,0
8733,28,Male,11,Premium,1327.24,45565.13,0,21,1
8734,40,Female,22,Premium,1332.08,40463.13,1,8,0
8735,19,Female,34,Basic,1886.68,12455.28,7,23,0
8736,57,Male,35,Basic,667.09,25156.42,0,23,1
8737,58,Female,13,Basic,460.06,21443.87,5,24,0
8738,44,Female,11,Standard,1271.13,48291.02,4,21,1
8739,52,Female,32,Basic,1170.98,40041.65,9,7,0
8740,19,Male,42,Standard,1463.7,5817.72,8,6,1
8741,56,Male,59,Premium,1781.74,8843.34,3,11,0
8742,54,Female,15,Basic,1163.52,35250.41,4,0,1
8743,38,Male,38,Standard,385.14,8412.98,4,21,1
8744,22,Female,1,Standard,1236.44,47548.19,1,11,0
8745,62,Female,46,Basic,810.79,49650.87,1,15,1
8746,38,Female,50,Standard,960.2,39029.36,8,13,1
8747,46,Male,24,Basic,1923.02,1826.61,2,29,0
8748,37,Male,43,Standard,1154.4,24394.98,5,10,1
8749,55,Female,40,Premium,384.33,20600.94,3,19,0
8750,37,Male,22,Premium,942,40077.01,3,18,0
8751,42,Female,3,Premium,534.02,14706.91,4,18,0
8752,19,Male,14,Basic,357.42,19613.24,4,12,1
8753,49,Male,2,Premium,1453.24,5128.32,6,11,1
8754,43,Male,32,Premium,1294.28,17460.49,6,9,1
8755,23,Female,48,Premium,1045.8,48705.77,0,14,0
8756,58,Female,38,Basic,904.15,47136.42,5,28,1
8757,20,Female,33,Standard,712.21,37637.83,3,28,0
8758,50,Male,46,Basic,267.22,45409.55,1,27,0
8759,18,Female,42,Basic,668.61,10952.94,5,12,0
8760,22,Female,6,Premium,1692.95,31280.68,6,12,1
8761,30,Female,41,Standard,1588.98,25248.63,1,23,0
8762,36,Female,39,Premium,1947.4,21423.16,1,14,0
8763,29,Male,25,Premium,1346.53,16579.34,9,16,0
8764,42,Male,34,Basic,1151.92,43382.82,6,22,0
8765,52,Female,11,Basic,662.48,24483.01,8,10,0
8766,29,Male,46,Basic,246.03,36339.66,2,9,0
8767,47,Male,37,Premium,1274.23,35444.54,2,3,0
8768,22,Male,41,Standard,1027.51,7235.52,7,16,0
8769,51,Male,7,Standard,1542.24,2922.32,1,13,1
8770,39,Male,57,Premium,882.53,42078.18,8,29,0
8771,56,Female,46,Standard,1972.55,24770.84,6,1,0
8772,30,Male,59,Premium,855.46,40599.23,7,6,1
8773,64,Female,48,Standard,732.84,15204.73,8,15,0
8774,20,Female,22,Premium,1754.87,43160.68,2,25,0
8775,37,Female,48,Standard,851.46,41625.61,5,16,0
8776,48,Male,39,Basic,1754.7,19392.74,7,21,0
8777,22,Male,10,Basic,151.97,20879.05,0,3,0
8778,41,Male,21,Basic,1415.93,17869.17,5,2,0
8779,57,Male,6,Basic,236.52,2223.72,2,22,0
8780,50,Female,49,Premium,381.64,34539.2,7,24,0
8781,25,Female,1,Standard,1430.14,14000.26,8,4,1
8782,41,Female,34,Premium,650.47,44258.68,4,5,0
8783,37,Male,59,Basic,499.82,44920.17,1,22,0
8784,33,Female,14,Standard,1622.9,36267.67,6,25,1
8785,29,Female,36,Premium,1897.87,9487.42,5,28,0
8786,30,Female,27,Basic,541.52,4919.98,5,27,0
8787,62,Male,9,Standard,702.67,40914.11,0,5,1
8788,59,Female,55,Standard,1456.74,44706.77,0,5,1
8789,56,Female,6,Basic,1649.06,17925.94,5,18,0
8790,42,Male,31,Basic,1998.41,17971.32,5,10,1
8791,63,Female,17,Standard,619.4,19818.66,3,18,0
8792,49,Male,53,Basic,1157.58,41467.3,7,13,0
8793,41,Female,43,Premium,354.64,35500.06,8,14,0
8794,64,Male,36,Basic,728.6,6537.83,5,4,1
8795,61,Male,21,Basic,185.44,31917.18,9,22,0
8796,26,Male,27,Basic,500.59,983.99,7,11,0
8797,57,Female,41,Standard,1062.44,35664.12,7,12,0
8798,40,Female,28,Standard,411.14,38349.3,1,21,0
8799,30,Male,16,Basic,1789.83,40839.95,3,17,0
8800,49,Male,35,Standard,1449.59,31469.31,0,2,1
8801,32,Male,36,Basic,152.7,9439.11,0,11,0
8802,53,Male,56,Premium,1765.73,39790.47,5,4,0
8803,22,Male,35,Standard,1956.91,45039.63,6,12,0
8804,39,Male,45,Basic,1053.54,31872.91,4,22,0
8805,33,Male,19,Standard,697.76,14118.33,7,28,0
8806,58,Male,57,Premium,600.58,9378.36,8,12,0
8807,27,Male,21,Premium,266.1,11957.42,3,5,1
8808,41,Male,58,Basic,1034.06,1336.76,0,28,0
8809,35,Male,33,Standard,195.27,1003.35,5,15,0
8810,35,Male,23,Premium,1057.29,15203.4,0,25,0
8811,24,Female,55,Standard,579.84,46186.51,1,2,0
8812,21,Male,6,Basic,1005.22,31255.71,3,6,0
8813,43,Female,32,Premium,894.93,19612.3,3,20,1
8814,22,Female,22,Premium,679.72,1036.95,5,9,1
8815,33,Female,3,Standard,952.41,49490.16,7,29,0
8816,52,Male,35,Premium,1000.66,23064.3,2,3,1
8817,43,Female,16,Basic,1684.01,49579.39,5,11,1
8818,35,Male,42,Basic,1364.99,36146.93,2,5,0
8819,46,Female,59,Premium,923,3036.32,1,17,0
8820,40,Male,25,Basic,1819.96,43021.77,3,6,0
8821,31,Male,17,Premium,1535.91,26754.77,3,1,0
8822,32,Female,39,Premium,243.86,22910.06,1,22,0
8823,50,Female,13,Premium,392.12,38013.66,2,7,1
8824,42,Male,28,Premium,255.17,38852.65,8,17,0
8825,38,Female,11,Standard,705.84,39923.27,9,23,0
8826,34,Male,10,Premium,927.73,38146.55,8,27,0
8827,40,Male,39,Basic,1058.07,32242.87,9,12,0
8828,60,Male,24,Standard,1717.68,33943.3,6,22,0
8829,34,Female,38,Basic,134.12,42999.84,1,2,1
8830,31,Male,24,Premium,913.75,34681.76,4,12,1
8831,46,Male,33,Basic,880.9,5517.2,7,6,1
8832,37,Male,17,Standard,1900.2,32452.28,0,0,0
8833,47,Male,57,Basic,557.97,8914.69,0,17,1
8834,36,Female,44,Standard,332.57,1205.52,5,20,0
8835,56,Female,36,Premium,370.29,11101.25,6,15,0
8836,30,Female,35,Premium,1088.27,8143.05,6,10,0
8837,35,Female,6,Basic,842.72,5553.74,2,28,0
8838,40,Male,58,Basic,1532.87,11141.85,9,24,0
8839,63,Male,16,Premium,714.05,28396.68,3,16,0
8840,50,Male,45,Premium,343.13,7997.76,8,4,0
8841,56,Male,28,Basic,835.06,14332.19,9,5,0
8842,57,Male,41,Premium,1777.77,42554.81,3,13,0
8843,35,Male,32,Standard,870.5,44458.54,4,13,0
8844,26,Female,26,Standard,1683.89,16987.68,5,18,0
8845,50,Male,11,Basic,805.91,44998.08,6,4,0
8846,49,Male,52,Basic,634.63,29493.52,4,17,0
8847,34,Male,25,Premium,1572.24,11705.24,6,10,1
8848,36,Female,31,Premium,497.55,37837.52,1,23,0
8849,44,Male,21,Standard,540.48,46143.66,6,11,0
8850,23,Male,45,Basic,194.64,33132.17,4,18,0
8851,52,Male,55,Basic,456.91,10465.87,9,20,0
8852,54,Female,51,Basic,819.75,4751.06,4,28,0
8853,51,Male,3,Basic,859.19,11855.89,5,27,1
8854,37,Male,12,Standard,899.19,17256.17,8,16,0
8855,42,Female,51,Standard,1011.42,17019.9,3,20,0
8856,21,Male,40,Basic,1186.63,25178.02,4,16,1
8857,27,Female,46,Standard,459.92,25505.88,4,24,0
8858,27,Male,54,Basic,1266.49,23835.91,2,1,1
8859,41,Female,41,Standard,739.45,17519.28,2,5,0
8860,38,Male,25,Premium,1494.62,5788.11,0,24,1
8861,28,Male,56,Standard,1158.69,21206.76,3,18,0
8862,44,Female,17,Basic,1153.11,49295.14,8,5,0
8863,33,Male,38,Premium,1402.43,32866.81,1,0,1
8864,43,Male,36,Basic,732.74,22268.98,9,13,0
8865,47,Female,36,Premium,915.54,4632.79,3,22,0
8866,33,Male,19,Premium,1207.51,11055.81,8,1,0
8867,24,Female,44,Standard,900.96,28945.04,8,20,0
8868,33,Male,57,Standard,944.09,25144.76,7,20,0
8869,52,Female,2,Premium,617.73,1450.16,1,11,1
8870,33,Male,17,Premium,646.03,4768.67,2,16,0
8871,57,Male,30,Premium,1428.02,18122.42,5,26,0
8872,29,Female,47,Basic,108.13,7470.88,1,22,1
8873,52,Male,10,Standard,281.05,47913.21,2,3,0
8874,38,Female,35,Basic,1902.74,2188.83,0,3,0
8875,60,Female,52,Standard,455.33,48715.44,3,6,0
8876,53,Female,36,Basic,894.43,32999.41,5,25,0
8877,34,Male,54,Standard,1714.4,20657.77,0,12,0
8878,49,Male,33,Premium,100.19,27201.91,0,16,0
8879,58,Male,1,Premium,1857.84,20801.17,7,13,1
8880,23,Female,18,Standard,201.63,28873.78,6,21,0
8881,41,Female,4,Premium,424.65,8024.3,6,16,0
8882,44,Female,55,Premium,155.3,6440.65,6,28,0
8883,37,Male,54,Basic,1087.09,26665.24,4,15,0
8884,42,Female,47,Standard,1891.88,4031.31,3,15,0
8885,19,Male,27,Premium,1694.17,14977.97,6,5,0
8886,26,Male,25,Standard,1315.52,46381.3,2,25,0
8887,45,Male,55,Basic,452.43,43872.55,8,1,0
8888,55,Male,28,Standard,1752.23,41654.41,1,25,1
8889,20,Male,53,Basic,1534.07,25604.6,0,26,0
8890,37,Male,22,Basic,607.01,1880.29,7,16,1
8891,23,Male,42,Basic,1629.67,6507.78,5,23,0
8892,56,Male,25,Premium,1766.59,46012.83,3,22,0
8893,50,Female,17,Basic,1426.63,41902.16,9,1,0
8894,18,Male,59,Standard,290.73,19137.83,8,17,0
8895,54,Male,57,Standard,1970.07,36584.29,4,20,0
8896,23,Female,54,Premium,244.4,42799.13,0,19,1
8897,62,Female,44,Premium,1343.5,31206.61,0,11,0
8898,51,Female,52,Basic,310,42749.58,6,3,0
8899,64,Female,12,Basic,1820.29,12611.36,0,8,0
8900,32,Male,16,Basic,764.96,23375.72,5,10,0
8901,62,Female,37,Premium,1071.86,29162.57,6,16,1
8902,43,Female,16,Premium,439.65,31742.29,9,29,0
8903,31,Female,17,Standard,1138.47,49356.02,4,12,0
8904,24,Female,55,Basic,1883.8,42373.6,2,25,0
8905,63,Male,31,Basic,1813.1,3235.42,2,24,1
8906,48,Female,15,Standard,221.4,8872.1,1,27,0
8907,41,Female,13,Standard,818.69,33028.53,0,18,0
8908,48,Female,40,Standard,608.12,12405.25,7,7,1
8909,46,Female,27,Standard,1014.59,8368.91,8,4,1
8910,59,Male,21,Basic,1684.09,33499.22,1,9,1
8911,49,Female,2,Premium,1503.82,27053.02,3,14,1
8912,34,Female,8,Basic,753.56,40356.9,2,18,0
8913,31,Female,42,Standard,827.07,16308.38,3,24,0
8914,57,Male,7,Premium,1343.08,16820.34,3,8,0
8915,53,Female,10,Basic,469.03,7949.35,7,15,1
8916,41,Female,57,Standard,295.18,32786.78,2,15,1
8917,62,Male,4,Premium,560.92,35590.15,2,7,0
8918,44,Female,43,Premium,335.66,7352.13,5,2,0
8919,42,Male,41,Premium,768.77,13078.62,2,2,0
8920,49,Male,36,Basic,1881.37,8136.43,4,9,1
8921,35,Female,35,Standard,328.57,37510.01,3,11,0
8922,63,Female,43,Basic,1654.81,10850.34,3,14,0
8923,35,Male,3,Basic,1115.83,8036.2,1,14,0
8924,54,Male,58,Basic,1302.52,3957.66,8,26,0
8925,43,Female,18,Premium,423.16,41649.32,4,25,1
8926,26,Male,58,Standard,387.61,6636.97,4,18,0
8927,52,Male,51,Basic,409.21,1968.52,6,13,1
8928,25,Female,46,Standard,1367.42,3683.11,2,10,0
8929,37,Male,56,Premium,1520.8,18658.13,5,5,0
8930,59,Male,43,Basic,1848.47,30034.3,0,11,1
8931,39,Male,24,Standard,856.57,20211.13,4,17,1
8932,36,Male,32,Premium,977.74,23042.64,4,24,1
8933,47,Male,34,Basic,992.23,46005.62,8,1,0
8934,45,Male,59,Basic,612.81,38066.6,4,25,1
8935,52,Female,2,Standard,723.64,17381.54,7,23,1
8936,60,Male,2,Standard,1708.96,8138.57,2,25,0
8937,28,Female,10,Basic,753.07,37584.04,5,15,0
8938,48,Female,23,Basic,1751.28,28889.43,1,3,0
8939,56,Female,15,Premium,680.01,48131.21,8,3,1
8940,53,Female,54,Premium,745.78,45467.9,5,20,0
8941,47,Female,12,Basic,1164.53,28400.32,4,29,0
8942,40,Female,43,Standard,295.94,3960.55,8,16,0
8943,36,Female,17,Standard,1851.92,2032.5,0,19,0
8944,29,Female,18,Basic,1658.76,41957.26,2,21,1
8945,32,Male,14,Premium,1373.96,35053.09,1,27,1
8946,48,Female,17,Basic,1977.44,28227.79,8,9,1
8947,60,Female,15,Standard,130.4,34601.8,5,17,1
8948,54,Female,12,Basic,881.01,27219.45,5,29,0
8949,54,Male,59,Basic,1730.85,29127.72,4,26,1
8950,32,Female,16,Premium,922.73,11681.5,3,18,0
8951,46,Male,32,Standard,109.96,23047.47,3,10,1
8952,60,Female,23,Standard,399.73,1048.14,1,13,0
8953,43,Female,38,Basic,924.74,33602.32,6,3,0
8954,61,Male,34,Standard,1369.1,16948.98,5,15,0
8955,19,Female,34,Standard,409.04,32988.05,2,2,1
8956,37,Male,16,Standard,951.28,46359.85,6,24,0
8957,32,Male,34,Standard,124.3,29786.34,8,21,0
8958,21,Female,40,Premium,1007.25,16740.21,9,10,0
8959,39,Female,7,Premium,1802.26,10754.35,0,4,0
8960,55,Male,33,Premium,1233.86,12959.57,9,20,1
8961,40,Male,4,Premium,937.25,49371.2,7,1,0
8962,43,Female,43,Premium,408.29,30960.47,1,11,0
8963,28,Female,52,Standard,484.6,22307,0,29,0
8964,45,Female,7,Basic,245.37,11933.26,8,12,0
8965,19,Male,18,Basic,1510.58,38766.01,1,24,0
8966,25,Female,4,Premium,246.56,19678.45,6,1,0
8967,46,Male,49,Standard,829.5,15405.77,6,4,0
8968,28,Female,11,Premium,1524.7,11504.08,0,22,1
8969,54,Male,43,Basic,1454.36,9688.75,9,18,0
8970,35,Male,20,Standard,1197.31,14032.16,0,28,0
8971,31,Female,11,Standard,1185.48,31546.55,6,23,0
8972,27,Male,15,Standard,271.62,12372.46,5,4,0
8973,52,Male,46,Basic,432.34,3499.62,3,25,0
8974,26,Male,17,Basic,1116.01,18271.71,2,27,0
8975,52,Male,34,Premium,761.35,29450.17,4,2,1
8976,28,Male,50,Premium,135.98,3480.79,4,18,0
8977,61,Female,48,Basic,1616.52,22904.95,2,18,0
8978,29,Female,12,Premium,1342.25,3088.29,5,10,0
8979,20,Male,42,Basic,718.99,38524.89,2,11,1
8980,56,Female,28,Standard,286.59,43658.18,3,18,0
8981,31,Male,48,Premium,1223.28,48208.5,2,19,1
8982,45,Male,35,Basic,762.24,34717.55,5,9,1
8983,28,Female,8,Basic,585.24,31787.19,8,16,0
8984,56,Male,27,Basic,1470.79,34856.82,2,11,1
8985,42,Male,22,Premium,723.49,42805.09,0,2,1
8986,38,Male,54,Premium,358.49,40451.09,6,25,0
8987,27,Female,57,Standard,1015.14,22205.57,4,25,0
8988,60,Female,24,Premium,1674.08,32728.12,3,20,1
8989,32,Male,2,Premium,1714.35,8515.05,2,28,0
8990,36,Male,31,Premium,1713.75,34898.82,6,7,0
8991,39,Male,22,Standard,899.75,36673.14,1,7,1
8992,38,Male,1,Standard,1602.78,40164.84,3,24,1
8993,61,Male,14,Standard,1715.44,40973.61,1,24,0
8994,49,Female,25,Premium,973.12,22275.45,9,12,0
8995,40,Female,36,Basic,705.6,45224.08,7,21,1
8996,30,Female,36,Premium,1433.73,49057.04,2,12,1
8997,22,Female,41,Standard,1818.49,48913.03,4,9,1
8998,21,Male,3,Premium,1947.09,29495.17,3,14,0
8999,45,Male,5,Premium,651.43,28194.4,4,22,0
9000,31,Female,1,Basic,1916.73,23138.04,3,27,0
9001,25,Female,54,Basic,1048.64,15339.81,7,15,0
9002,26,Male,19,Premium,681.47,17021.01,5,12,1
9003,52,Female,33,Standard,1977.96,11179.73,0,10,0
9004,54,Male,42,Premium,1767.84,47808.27,4,11,0
9005,38,Male,54,Premium,1415.59,31181.42,0,13,0
9006,35,Male,30,Premium,1800.39,46755.93,2,19,0
9007,50,Female,12,Standard,1394.83,19662.72,5,2,0
9008,25,Female,10,Standard,936.77,15260.65,8,14,0
9009,34,Female,34,Standard,1901.29,7070.87,2,10,0
9010,60,Female,16,Standard,1930.17,15362.17,3,2,0
9011,48,Female,40,Standard,696.93,44562.95,9,17,0
9012,51,Male,46,Premium,773.35,29322.67,0,7,0
9013,23,Female,29,Standard,827.17,22897.66,9,22,0
9014,39,Male,15,Premium,1662.08,28628.35,1,7,1
9015,31,Male,48,Premium,1603.18,44688.12,6,12,0
9016,20,Male,11,Premium,1967.92,10044.72,7,5,0
9017,29,Female,44,Basic,983.91,48300.14,0,28,0
9018,53,Female,34,Standard,1499.86,33476.62,8,9,1
9019,29,Female,36,Standard,1727.77,42839.84,5,14,0
9020,62,Female,30,Premium,520.34,26507.64,0,27,0
9021,19,Female,35,Basic,1279.06,12213.57,3,25,1
9022,19,Female,9,Standard,1140.64,28588,3,4,1
9023,32,Female,18,Premium,1511.37,3863.01,6,0,1
9024,40,Female,19,Basic,1421.31,42683.66,0,7,1
9025,46,Male,39,Premium,1644.31,32654.17,9,1,0
9026,34,Female,4,Basic,691.18,14501.43,8,0,0
9027,49,Male,6,Premium,511.08,14086.23,0,24,0
9028,24,Male,51,Standard,1629.88,45188.9,9,29,1
9029,47,Male,33,Premium,785.07,42124.9,2,26,0
9030,45,Male,32,Premium,646.39,38273.88,0,26,1
9031,31,Female,16,Basic,739.96,21032.2,0,23,0
9032,61,Female,11,Basic,226.07,43689,3,26,0
9033,47,Male,22,Standard,1568.97,12721.06,1,15,0
9034,34,Male,36,Premium,1458.8,1700.57,8,24,1
9035,49,Male,50,Basic,1150.12,21922.11,0,4,0
9036,63,Female,23,Standard,1460.56,46016.5,2,18,1
9037,23,Male,26,Standard,808.95,28775.74,1,29,0
9038,41,Male,31,Basic,661.2,11857.07,0,10,0
9039,23,Female,29,Basic,1738.37,32715.65,8,7,0
9040,44,Male,5,Premium,902.66,37376.79,4,3,1
9041,35,Female,54,Standard,472.23,27741.72,5,13,0
9042,41,Female,38,Basic,1523.18,42208.6,7,16,0
9043,54,Male,25,Standard,738.16,29822.44,6,8,1
9044,41,Male,34,Premium,502.52,5253.02,6,26,0
9045,55,Male,12,Basic,151.71,40572.48,8,3,0
9046,51,Female,22,Standard,1944.14,7744.63,2,27,0
9047,57,Female,9,Basic,987.85,44196.38,9,1,0
9048,64,Female,20,Premium,407.34,26331.33,7,9,0
9049,32,Male,29,Premium,1539.84,36727.4,5,18,0
9050,28,Male,44,Premium,1786.54,48618.7,7,21,1
9051,39,Male,29,Premium,1103.14,21881.19,3,8,1
9052,41,Male,45,Basic,153.88,23256.23,0,21,0
9053,18,Male,27,Basic,793.77,41379.37,2,27,0
9054,35,Male,54,Standard,561.89,5956.77,9,15,0
9055,61,Female,55,Standard,1309.16,1871.1,2,27,0
9056,29,Female,17,Basic,1085.83,30413.67,0,19,0
9057,60,Female,5,Basic,775.9,8792.23,4,16,1
9058,45,Male,52,Standard,1332.16,13159.04,5,1,0
9059,57,Female,45,Basic,1210.42,48825.86,8,22,0
9060,24,Female,13,Premium,1822.33,32830.83,7,18,1
9061,40,Female,42,Premium,1233.93,42860.25,3,1,1
9062,38,Male,15,Premium,1064.65,44940.66,5,15,0
9063,51,Male,15,Standard,1664.97,6506.83,2,15,0
9064,28,Female,18,Basic,484.6,46424.99,0,27,0
9065,39,Male,50,Standard,562.77,43392.7,8,21,1
9066,59,Male,2,Standard,1588.79,2744.46,7,13,1
9067,52,Male,23,Basic,940.47,48871.78,5,19,0
9068,46,Male,43,Standard,877.55,23186.69,2,0,0
9069,59,Female,13,Premium,1785.45,48737.18,4,8,0
9070,45,Male,43,Basic,1259.21,41280.8,8,14,0
9071,35,Female,4,Premium,1625.53,22286.64,6,14,0
9072,31,Female,47,Premium,1638.69,25822.09,1,24,1
9073,35,Male,54,Basic,328.05,14117.33,5,10,0
9074,45,Male,55,Premium,1342.03,24602.53,8,4,1
9075,41,Male,25,Premium,1909.78,5820.87,9,7,0
9076,25,Female,11,Premium,1012.05,45477.44,0,21,1
9077,59,Female,50,Basic,1491.15,35804,4,6,1
9078,62,Female,48,Basic,1176.79,40357.73,8,28,0
9079,25,Female,42,Basic,489.21,26790.55,2,5,0
9080,21,Female,12,Standard,470.87,6718.88,2,6,0
9081,44,Female,13,Premium,924.28,27093.61,9,18,1
9082,53,Female,9,Standard,1017.68,16795.71,8,13,0
9083,22,Male,59,Standard,1055.95,1000.24,2,10,0
9084,50,Female,53,Premium,1914.5,30944.27,8,18,0
9085,51,Female,45,Basic,290.48,42755.64,9,25,0
9086,47,Female,38,Standard,823,35672.33,2,13,0
9087,25,Female,6,Basic,1077.64,11564.85,7,18,1
9088,56,Male,43,Basic,1929.91,41047.09,9,25,0
9089,64,Female,51,Premium,1058.2,15820.22,8,5,0
9090,43,Female,59,Standard,1573.02,11315.03,2,0,1
9091,54,Male,43,Standard,1523.63,48076.52,0,13,0
9092,51,Male,10,Basic,1176.24,1321.56,8,11,1
9093,24,Female,23,Premium,348.34,8794.67,6,28,1
9094,57,Female,15,Standard,515.64,23616.55,5,11,1
9095,45,Female,45,Basic,556.27,8769.93,3,28,1
9096,56,Female,23,Basic,173.45,8760.04,4,8,0
9097,56,Female,40,Basic,820.51,31900.24,6,28,1
9098,45,Female,37,Premium,1259.98,41041.99,8,8,1
9099,31,Male,34,Premium,374.11,33250.06,5,13,0
9100,55,Male,16,Basic,432.57,5521.88,3,19,0
9101,21,Female,45,Basic,1443.27,44821.23,3,1,0
9102,59,Female,51,Premium,421.58,46176.02,9,13,0
9103,35,Female,41,Basic,357.14,14409.63,2,22,1
9104,61,Male,47,Basic,1957.9,27879.07,1,29,1
9105,42,Female,32,Premium,128,24519.21,3,28,0
9106,24,Male,38,Basic,718.28,33577.12,5,6,1
9107,55,Male,40,Basic,166.38,48908.35,0,14,0
9108,45,Female,56,Basic,1692.29,49325.83,1,21,1
9109,22,Male,46,Premium,1208.72,25702.64,7,7,0
9110,20,Female,5,Premium,191.11,5051.51,2,18,1
9111,61,Male,17,Premium,1269.19,17056.39,0,1,1
9112,48,Female,22,Standard,333.88,20971.54,1,25,1
9113,64,Female,39,Standard,1041.89,26964.35,2,0,1
9114,59,Male,41,Standard,1371.88,48038.33,1,27,0
9115,37,Male,48,Standard,382.16,13489.67,3,18,0
9116,36,Male,18,Premium,1044.4,27066.04,3,23,1
9117,28,Female,28,Basic,969.08,14906.86,9,27,0
9118,57,Male,13,Premium,1839.93,46013.36,1,7,1
9119,20,Male,50,Standard,1991.83,49502.91,0,6,0
9120,40,Female,42,Premium,1343.5,43601.59,2,27,0
9121,24,Female,1,Basic,1724.23,17267.81,3,17,0
9122,40,Male,53,Standard,1329.08,14255.26,5,18,0
9123,24,Male,50,Basic,1764.94,21842.95,4,12,0
9124,63,Male,19,Basic,923.22,37505.02,1,15,1
9125,51,Female,34,Basic,1255.18,961.12,3,22,0
9126,59,Female,59,Standard,1705.82,49758,5,10,0
9127,36,Male,4,Premium,1844.36,44228.86,3,23,1
9128,26,Female,43,Standard,146.9,1678.87,6,24,0
9129,35,Male,3,Standard,297.51,19413.96,5,21,0
9130,58,Male,41,Premium,1869.23,34547.79,5,9,1
9131,62,Female,10,Premium,1180.17,12449.59,9,18,1
9132,59,Male,28,Premium,1981.36,7570.52,1,24,0
9133,42,Male,34,Premium,1606,31651.26,6,4,0
9134,31,Female,39,Basic,1654.47,45224.51,8,11,1
9135,61,Male,47,Standard,833.63,47801.87,5,3,0
9136,42,Male,59,Standard,589.33,1008.03,7,24,1
9137,36,Female,19,Standard,1236.69,43785.64,5,25,1
9138,56,Male,42,Premium,1770.16,28258.01,5,27,1
9139,32,Male,56,Standard,1478.83,12266.36,3,15,1
9140,33,Female,52,Basic,997.13,31038.71,5,1,0
9141,44,Female,46,Standard,1531.08,49791.54,9,25,0
9142,57,Female,36,Standard,1411.76,14170.53,3,3,0
9143,27,Male,57,Basic,1834.8,14205.97,9,28,0
9144,21,Female,43,Basic,600.76,35097.65,5,15,0
9145,36,Male,3,Standard,326.69,2638.77,0,21,0
9146,45,Female,23,Premium,993.1,41117.09,6,10,0
9147,38,Male,17,Premium,786.05,32800.18,1,5,0
9148,64,Male,7,Standard,1952.24,42138.97,5,27,0
9149,31,Female,26,Standard,114.26,11921.63,8,10,0
9150,50,Male,43,Standard,1873.43,42435.92,9,9,0
9151,27,Male,18,Standard,1914.65,22706.37,2,14,1
9152,36,Female,46,Premium,196.82,7069.75,3,20,1
9153,47,Male,46,Standard,1790.18,45120.42,4,25,1
9154,39,Male,6,Basic,994.48,35398.15,7,6,1
9155,20,Male,31,Premium,1555.69,8830.11,9,20,0
9156,54,Female,29,Premium,250.59,12701.99,5,14,1
9157,58,Female,9,Basic,1914.89,13808.75,7,21,1
9158,35,Female,54,Standard,1254.34,48185.04,2,29,0
9159,28,Female,35,Standard,1807.52,44365.77,2,29,1
9160,19,Female,17,Standard,1378.63,17644.08,8,0,0
9161,29,Female,12,Standard,1119.94,23598.53,5,7,0
9162,23,Female,36,Standard,427.74,14621.36,7,29,0
9163,60,Female,52,Basic,438.11,37261.11,3,4,1
9164,57,Male,48,Standard,997.88,8479.85,4,20,0
9165,61,Male,24,Basic,1753.84,17261.41,8,29,0
9166,46,Male,10,Basic,318.92,30502.17,6,25,0
9167,47,Male,58,Basic,1996.93,43928.55,4,5,1
9168,19,Female,30,Standard,1764.23,31959.74,6,21,0
9169,26,Male,29,Standard,845.86,47016.46,8,23,1
9170,64,Male,39,Premium,580.92,46575.06,2,3,0
9171,19,Male,10,Premium,1851.79,36055.82,2,14,0
9172,46,Male,39,Basic,334.1,14295.75,3,3,0
9173,50,Male,55,Premium,759.85,34312.41,9,2,0
9174,27,Female,28,Basic,259.43,10040.52,6,24,1
9175,51,Female,18,Premium,1911.58,16993.63,4,15,0
9176,61,Male,41,Standard,1273.48,38016.02,4,15,0
9177,25,Male,54,Standard,738.74,42606.28,3,7,0
9178,54,Male,50,Basic,623.42,21130.06,7,20,0
9179,50,Male,17,Basic,943.78,26410.13,2,26,1
9180,64,Female,11,Standard,273.62,19613.58,1,23,0
9181,23,Male,1,Standard,1789.76,24225.36,3,5,0
9182,61,Female,17,Standard,1070.79,25868.14,7,20,1
9183,57,Male,36,Premium,1477.69,34745.81,3,12,1
9184,62,Female,36,Premium,544.12,37650.96,7,8,0
9185,36,Female,46,Premium,1057.12,48763.3,4,8,0
9186,49,Female,9,Premium,501.06,22163.75,8,10,0
9187,44,Male,45,Basic,1650.58,4615.42,1,7,0
9188,18,Male,28,Basic,1573.02,34564.23,7,27,1
9189,60,Female,48,Premium,381.58,25164.59,6,12,0
9190,50,Male,33,Basic,241.56,42130.58,1,25,0
9191,57,Male,3,Premium,1665.97,7753.94,4,18,1
9192,49,Female,51,Premium,308.33,32423.24,5,28,0
9193,22,Male,8,Standard,1142.12,23233.29,8,24,1
9194,34,Female,50,Premium,1115.53,21255.5,7,21,0
9195,25,Male,6,Basic,485.59,28460.86,6,24,0
9196,59,Male,59,Premium,1223.58,34367.05,0,0,0
9197,51,Female,52,Standard,1055.23,42620.91,9,16,0
9198,26,Female,58,Basic,1067.46,12138.02,2,5,0
9199,40,Female,6,Standard,783.43,15008.19,0,11,0
9200,52,Female,29,Premium,1693.01,27654.79,9,3,0
9201,24,Male,37,Premium,260.3,17654.58,5,20,0
9202,32,Male,12,Premium,933.38,28633.05,2,15,0
9203,37,Male,9,Premium,593.65,10407.46,1,20,1
9204,42,Female,41,Basic,1712.02,15728.57,9,2,0
9205,20,Male,49,Premium,527.65,16579.68,1,24,1
9206,63,Male,19,Standard,1557.35,49619.87,7,16,1
9207,41,Male,17,Basic,1261.88,42790.24,0,21,1
9208,51,Female,54,Basic,1762.1,41966.18,8,17,1
9209,63,Female,48,Basic,1228.21,25921.71,6,17,0
9210,39,Male,44,Standard,1157.32,23608.98,0,24,0
9211,28,Male,32,Standard,1622.15,3971.21,4,25,0
9212,25,Female,35,Standard,1168.72,10267.67,4,17,0
9213,56,Female,14,Standard,1704.63,44819.67,1,24,0
9214,60,Female,49,Premium,193.7,26519.25,0,27,0
9215,52,Female,54,Premium,1040.78,49378.19,6,27,0
9216,63,Male,16,Standard,1644.11,29793.51,8,7,1
9217,55,Female,21,Standard,1711.89,19185.61,7,22,0
9218,25,Male,12,Premium,1684.71,14068.44,6,7,0
9219,54,Female,24,Premium,1248.32,45958.8,3,12,0
9220,44,Male,34,Standard,1988.55,18851.25,9,11,0
9221,45,Male,8,Basic,444.63,7734.01,6,24,1
9222,57,Female,44,Basic,431.47,14273.81,7,14,0
9223,51,Male,21,Standard,162.36,32458.35,8,9,0
9224,49,Male,48,Basic,1979.74,7084.02,8,8,1
9225,32,Male,8,Premium,761.24,5032.53,4,2,0
9226,61,Female,28,Basic,1547.9,23152.52,4,9,1
9227,34,Female,16,Standard,213.45,4640.76,5,16,0
9228,50,Female,10,Basic,667.51,19950.44,7,14,0
9229,64,Male,52,Basic,1285.31,16474.9,2,23,0
9230,63,Male,15,Basic,1097.08,19878.12,2,28,1
9231,33,Male,4,Premium,494.72,24645.52,4,28,1
9232,46,Male,26,Premium,977.03,9673.78,0,9,1
9233,26,Female,15,Premium,306.69,22400.01,4,19,0
9234,50,Male,36,Standard,1131.14,18395.2,8,20,1
9235,46,Male,32,Basic,284.19,39875.94,4,13,0
9236,30,Male,43,Premium,1308.28,34887.11,6,26,0
9237,38,Female,38,Premium,395.18,43690.82,9,15,0
9238,38,Male,4,Basic,1139.46,33615.98,8,21,1
9239,22,Female,41,Standard,345.33,6493.71,7,5,0
9240,27,Female,9,Basic,861.35,25600.31,4,6,1
9241,23,Male,35,Standard,768.48,37252.25,1,29,1
9242,30,Male,55,Basic,1537.18,42163.08,4,9,0
9243,18,Male,28,Premium,1318.21,9473.15,9,18,0
9244,37,Male,37,Premium,1880.47,11563.38,7,17,1
9245,64,Female,47,Premium,1851.63,43180.91,0,27,0
9246,63,Female,9,Standard,1477.49,24527.51,9,8,0
9247,25,Female,2,Basic,1564.11,22894.94,3,29,0
9248,27,Female,3,Standard,1287.33,24958.7,0,1,0
9249,26,Female,58,Premium,1414.16,9079.97,4,8,0
9250,58,Female,53,Standard,1272.72,31568,1,25,1
9251,20,Female,44,Standard,692.35,40494.7,1,3,0
9252,28,Female,48,Standard,766.31,41934.53,6,10,0
9253,29,Female,5,Basic,1191.99,2003.73,3,16,0
9254,27,Female,10,Standard,1468.34,35901.86,1,2,0
9255,42,Male,28,Standard,871.63,5015.62,2,25,1
9256,42,Male,15,Standard,371.07,48360.03,2,14,0
9257,28,Male,14,Premium,972.89,24370.92,1,29,0
9258,53,Female,46,Premium,1930.06,38883.05,6,1,0
9259,56,Male,23,Basic,506.77,31281.96,0,15,1
9260,43,Female,13,Premium,1333.23,47620.86,8,3,0
9261,31,Female,16,Basic,1966.83,48696.07,4,17,1
9262,56,Male,30,Premium,814.85,14304.54,3,27,1
9263,57,Female,40,Basic,1786.98,24402.02,2,9,1
9264,18,Male,8,Basic,1741.62,25459.9,2,5,0
9265,21,Female,17,Basic,744.19,9296.04,2,10,0
9266,47,Female,30,Premium,287.18,45244.92,0,9,0
9267,29,Male,17,Standard,439.22,17805.52,1,0,0
9268,52,Male,35,Premium,794.92,4829.11,6,15,1
9269,30,Male,1,Standard,1922.36,8149.38,2,4,0
9270,48,Male,49,Premium,621.46,25908.54,5,8,0
9271,55,Male,58,Standard,1861.04,44143.42,3,16,1
9272,60,Male,24,Premium,444.59,31596.82,9,3,0
9273,40,Female,48,Basic,1942.64,11134.16,4,1,0
9274,21,Female,49,Basic,657.85,15191.74,7,26,1
9275,33,Female,25,Basic,1302.88,48813.24,1,1,0
9276,24,Female,2,Standard,232.41,3116.02,9,4,1
9277,39,Male,25,Standard,669.36,49719.75,4,1,0
9278,46,Female,14,Basic,500.35,45339.96,1,12,0
9279,28,Female,39,Standard,106.49,34084.92,8,4,0
9280,50,Male,57,Basic,397.86,47188.52,1,0,0
9281,46,Female,51,Premium,1226.9,8047.16,0,20,0
9282,56,Male,33,Standard,840.85,47158.17,3,28,0
9283,29,Male,17,Standard,1472.88,11022.47,6,29,0
9284,24,Male,59,Premium,1375.04,27537.54,1,14,0
9285,56,Female,31,Standard,1618.67,24693.7,9,18,1
9286,59,Male,10,Standard,1747.35,25866.68,8,13,1
9287,43,Female,6,Standard,1657.67,13735.3,0,11,0
9288,57,Female,39,Premium,951.32,39141.62,0,1,0
9289,26,Female,25,Basic,686.58,37257.87,7,26,1
9290,58,Male,38,Basic,1054.37,47721.27,4,19,0
9291,51,Male,37,Premium,1116.74,25596.06,8,0,0
9292,62,Male,30,Premium,695.03,27630.56,7,2,1
9293,30,Female,34,Premium,1126.01,45216.96,5,10,0
9294,53,Female,18,Basic,300.98,46012.26,3,16,0
9295,42,Male,24,Premium,538.98,32652.07,5,23,0
9296,41,Female,49,Basic,1517.49,41109.56,1,4,1
9297,61,Male,56,Premium,447.38,25504.42,4,16,0
9298,34,Male,27,Standard,364.17,19715.68,9,17,0
9299,19,Female,58,Basic,645.95,43271.38,2,24,0
9300,30,Female,27,Basic,804.99,38974.96,2,22,0
9301,48,Male,55,Premium,724.24,12499.37,0,2,0
9302,46,Female,39,Standard,811.75,2858.43,7,14,0
9303,45,Male,21,Basic,365.83,28497.19,9,15,1
9304,44,Male,19,Premium,414.25,42160.02,2,14,1
9305,32,Female,39,Standard,548.09,12736.47,0,16,1
9306,48,Male,23,Basic,863.78,38486.07,3,17,0
9307,57,Female,39,Premium,738.21,20993.36,0,22,0
9308,32,Male,48,Standard,1603.54,17117.57,0,7,0
9309,50,Female,44,Basic,1098.48,9054.41,0,20,0
9310,37,Female,47,Basic,1193.83,46747.53,1,28,1
9311,59,Male,15,Standard,1165.13,11672.05,0,27,0
9312,29,Female,43,Premium,857.67,14319.84,5,13,1
9313,54,Female,2,Premium,1962.92,16908.65,6,3,0
9314,26,Male,35,Standard,170.92,14590.76,0,9,0
9315,40,Female,51,Basic,510.09,8563.83,9,19,0
9316,25,Male,20,Standard,640.84,18045.28,0,20,0
9317,49,Female,28,Standard,1774.47,23852.75,9,6,0
9318,31,Male,57,Standard,1845.85,27812.74,8,29,0
9319,44,Male,58,Basic,1707.6,8246.73,8,28,0
9320,42,Male,15,Standard,892.21,39080.98,0,22,0
9321,30,Male,16,Standard,1837.79,15920.71,7,19,0
9322,38,Female,33,Basic,287.17,45938.46,2,0,0
9323,62,Male,47,Basic,1339.63,16812.85,6,20,1
9324,48,Female,12,Standard,1880.73,43212.5,0,6,0
9325,54,Male,39,Premium,1534.31,17950.36,6,11,0
9326,60,Female,39,Standard,627.95,25538.72,0,3,0
9327,22,Male,43,Basic,1463.26,18931.56,2,6,0
9328,30,Female,20,Basic,660.05,19661.22,6,23,1
9329,45,Female,29,Basic,312.01,31119.82,0,14,1
9330,60,Male,43,Premium,1462.72,34799.97,8,1,0
9331,42,Male,49,Basic,440.53,43588.44,4,1,0
9332,52,Male,3,Premium,311.02,28668.1,1,4,0
9333,64,Female,48,Basic,1148.34,11233.79,3,2,0
9334,56,Female,5,Basic,1279.19,49484.21,7,15,0
9335,24,Female,2,Standard,197.01,34346.79,3,3,1
9336,55,Female,23,Premium,108.49,19050.23,9,14,0
9337,49,Male,26,Standard,1775.93,48426.12,4,16,0
9338,20,Male,26,Premium,318.98,47944.44,1,10,0
9339,62,Male,7,Basic,1209.41,4437.19,4,3,1
9340,56,Male,10,Basic,1911.74,1481.37,6,26,1
9341,54,Female,5,Premium,1072.63,2700.6,8,3,0
9342,39,Female,47,Standard,365.62,34423.06,7,3,0
9343,25,Male,12,Premium,847.62,35688.51,9,18,0
9344,34,Female,32,Premium,1285.68,36339.37,5,1,1
9345,44,Male,42,Premium,1549.4,31696.85,8,15,0
9346,50,Female,31,Basic,1253.18,14631.82,6,19,1
9347,63,Female,22,Premium,165.2,8772.88,2,12,0
9348,34,Female,17,Basic,371.9,46428.99,0,7,1
9349,59,Female,20,Standard,806.42,45700.44,4,18,0
9350,29,Female,20,Basic,1440.86,12503.06,8,21,0
9351,63,Female,43,Standard,1210.22,8812.89,7,1,0
9352,44,Male,8,Standard,184.92,19079.38,5,16,0
9353,25,Female,47,Standard,1614.08,2896.13,7,22,1
9354,40,Male,34,Basic,1249.74,8525.89,7,11,0
9355,59,Male,49,Premium,1785.59,19324.8,2,13,0
9356,46,Male,23,Basic,893.54,12317.83,5,11,1
9357,37,Male,38,Standard,1031.38,36972.6,6,21,1
9358,33,Male,53,Premium,870.55,45295.5,1,12,0
9359,34,Male,28,Basic,1472.66,45502.44,6,9,0
9360,33,Female,13,Standard,1529.05,30411.75,9,3,1
9361,36,Female,29,Standard,1474.16,35322.74,5,6,0
9362,25,Female,8,Premium,654.04,24954.56,1,21,0
9363,55,Male,11,Basic,1308.46,7761.04,1,1,0
9364,55,Male,47,Premium,743.2,31934.27,5,14,0
9365,46,Male,45,Premium,1684.98,17822.71,2,3,0
9366,58,Female,18,Premium,204.72,786.78,5,29,1
9367,53,Female,50,Premium,171.67,28960.21,8,8,1
9368,43,Female,25,Basic,293.25,10319.26,9,23,1
9369,48,Male,49,Premium,484.49,44382.03,0,5,1
9370,61,Male,22,Standard,171.51,46730.26,2,28,1
9371,29,Male,45,Standard,236.07,8527.57,1,16,0
9372,34,Female,35,Standard,681.51,1955.93,2,6,1
9373,32,Male,29,Premium,289.6,700.2,1,15,0
9374,26,Male,21,Standard,1623.94,45695.66,2,16,0
9375,56,Male,56,Basic,202.35,8024.92,3,29,1
9376,59,Male,7,Premium,1825.07,22048.96,6,7,0
9377,29,Female,12,Premium,1754.6,3329.49,1,2,1
9378,49,Female,36,Premium,495.93,18980.62,1,24,1
9379,42,Male,24,Basic,235.9,39378.53,1,28,0
9380,56,Male,32,Premium,300.52,20630.1,5,20,0
9381,35,Female,27,Premium,1162.27,38891.22,7,21,0
9382,32,Female,32,Standard,1241.74,34597.54,3,19,1
9383,49,Male,59,Standard,699.61,26106.75,9,5,0
9384,23,Female,32,Premium,663.98,37016.64,2,24,0
9385,61,Female,32,Basic,1109.85,44016.14,8,22,0
9386,60,Male,26,Standard,680.69,39754.07,0,17,1
9387,52,Female,11,Premium,1875.21,34740.63,9,10,0
9388,51,Female,46,Standard,827,35240.2,1,5,0
9389,55,Female,18,Standard,517.65,8474.37,6,26,0
9390,22,Female,39,Basic,377.33,47558.26,2,26,0
9391,35,Male,5,Premium,1300.25,10680.38,8,12,0
9392,33,Female,16,Standard,720.66,17773.13,0,28,1
9393,25,Female,11,Premium,458.71,26140.33,8,27,1
9394,42,Male,54,Basic,624.05,6745.95,5,8,0
9395,49,Female,35,Basic,684.97,29882,0,7,0
9396,43,Male,48,Standard,1289.08,9542.59,8,12,0
9397,39,Male,11,Basic,431.89,46206.7,8,26,1
9398,48,Female,42,Standard,1492.33,44489.47,9,28,1
9399,60,Female,23,Premium,679.28,27449.06,4,13,0
9400,27,Female,55,Standard,1027.79,22749.08,6,0,1
9401,29,Female,34,Standard,1344.19,5578.79,2,4,0
9402,45,Female,48,Basic,1132.88,41253.36,7,5,0
9403,23,Male,17,Premium,1358.24,19278.82,2,8,0
9404,37,Female,10,Premium,712.93,12693.04,9,19,1
9405,22,Male,18,Standard,1930.55,49767.25,6,12,0
9406,40,Female,44,Premium,972.08,33580.72,3,0,0
9407,26,Male,8,Premium,711.67,4156.2,4,29,0
9408,46,Female,59,Standard,663.15,40164.14,6,21,0
9409,33,Female,26,Standard,181.12,37644.91,1,24,0
9410,63,Female,3,Premium,1401.13,20359.41,3,5,0
9411,39,Female,59,Standard,598.78,6622.62,6,6,0
9412,25,Female,52,Basic,1921.97,25123.52,2,9,1
9413,37,Male,24,Premium,499.85,38284.29,3,3,1
9414,31,Female,3,Standard,1106.03,4262.73,9,28,0
9415,56,Female,38,Premium,1497.39,8590.35,7,17,1
9416,54,Female,2,Premium,1753.22,31136.85,2,28,1
9417,51,Male,35,Basic,397.28,28197.46,8,15,0
9418,28,Female,17,Basic,1972.26,45301.84,4,18,0
9419,57,Male,9,Premium,1822.82,40832.21,1,10,0
9420,50,Female,36,Basic,1929.41,45982.07,7,16,0
9421,48,Male,22,Standard,1720.07,23564.96,9,1,1
9422,61,Female,31,Premium,1767.57,39496.14,7,6,0
9423,51,Female,55,Basic,1237.77,2911.48,0,8,0
9424,24,Male,34,Premium,1706.09,15077.34,8,24,0
9425,40,Female,24,Premium,1114.63,32391.49,1,24,0
9426,63,Male,9,Standard,1122.61,38302.35,3,26,0
9427,24,Female,46,Standard,1168.9,28739.37,5,13,0
9428,42,Female,58,Standard,1993,24296.42,8,16,1
9429,20,Male,43,Basic,298.35,12046.66,0,14,1
9430,55,Female,2,Basic,1630.66,9122.24,8,6,0
9431,37,Male,21,Basic,619.29,43836.38,7,29,0
9432,51,Male,34,Standard,786.33,7539.5,6,6,1
9433,61,Female,27,Premium,253.01,22046.71,1,13,0
9434,61,Female,37,Standard,767.99,44479.82,6,8,0
9435,47,Female,7,Basic,1982.45,7811.75,1,8,0
9436,34,Male,22,Basic,854.43,6813.54,8,16,0
9437,27,Male,4,Basic,1372.41,34779.2,3,25,0
9438,52,Female,14,Standard,329.36,16912.98,1,20,1
9439,37,Male,34,Basic,1852.74,22067.45,4,1,0
9440,35,Male,23,Standard,1672.72,31466.88,8,11,0
9441,62,Male,44,Premium,833.96,19259.3,3,21,0
9442,61,Male,42,Standard,762.08,40092.15,4,15,1
9443,44,Female,25,Basic,921.31,48464.74,7,1,0
9444,53,Female,1,Premium,862.39,46686.51,2,14,1
9445,40,Female,51,Basic,590.3,27499.87,5,5,0
9446,49,Male,55,Premium,1982.61,18063.42,0,22,0
9447,27,Male,48,Basic,1640.04,21969.75,2,29,1
9448,28,Male,15,Standard,609.05,16842.74,7,21,1
9449,55,Male,32,Basic,1965.28,22365.35,9,27,1
9450,23,Female,14,Standard,129.51,1142.16,9,10,0
9451,58,Male,41,Standard,932.01,3233.11,5,28,1
9452,64,Male,21,Premium,1182.02,38681.18,9,16,0
9453,51,Female,55,Standard,171.41,17073.25,3,3,0
9454,53,Female,47,Standard,405.97,39823.11,7,18,0
9455,54,Female,58,Standard,590.45,24257.24,2,4,0
9456,34,Male,7,Premium,1468.43,40392.91,1,22,0
9457,57,Male,36,Basic,1885.51,33347.44,9,11,0
9458,57,Male,21,Basic,1286.62,10449.56,7,18,1
9459,29,Male,50,Standard,1169.06,22662.27,3,0,0
9460,38,Male,40,Standard,1119.84,35364.46,8,26,0
9461,57,Male,12,Basic,766.34,16865.54,2,10,1
9462,36,Female,15,Standard,1672.66,10068.46,8,24,0
9463,20,Male,15,Basic,1127.46,27223.12,9,21,0
9464,35,Female,17,Premium,537.2,14045.58,5,5,0
9465,36,Female,34,Standard,359.98,29919.94,4,3,0
9466,64,Female,44,Standard,1972.47,13950.85,1,26,0
9467,23,Male,35,Basic,133.2,45375.67,5,16,1
9468,33,Male,39,Basic,1873.54,17523.15,3,11,0
9469,25,Female,38,Premium,514.78,45418.79,4,24,1
9470,35,Male,14,Standard,1349.34,14334.35,5,9,1
9471,60,Male,55,Basic,672.91,30420.5,6,22,0
9472,56,Female,59,Premium,1733.64,6945.81,3,27,1
9473,29,Male,5,Basic,1132.55,39029.41,7,25,0
9474,62,Male,30,Basic,368.01,10410.78,4,13,0
9475,27,Male,4,Premium,612.69,43269.02,6,6,1
9476,24,Male,15,Premium,708.61,22896.07,5,26,0
9477,63,Female,39,Premium,1783.25,5179.71,4,22,0
9478,18,Female,35,Premium,1556.8,18495.15,6,22,0
9479,53,Male,45,Premium,1676.22,39096.43,3,23,1
9480,38,Male,10,Premium,199.28,4276.6,6,10,0
9481,54,Male,55,Standard,1199.69,31473.59,2,23,0
9482,41,Female,2,Premium,1998.44,25609.68,7,2,1
9483,42,Male,44,Standard,1591.88,15838.55,9,7,0
9484,24,Male,24,Basic,329.34,37903.06,3,19,0
9485,59,Female,28,Basic,1389.75,3095.82,3,22,0
9486,34,Male,22,Premium,1516.12,25133.27,0,4,0
9487,46,Female,44,Basic,1077.07,25589.73,7,27,0
9488,47,Male,32,Premium,249.63,4777.1,4,3,0
9489,24,Female,31,Premium,165.9,7233.12,8,12,0
9490,50,Male,19,Standard,1881.84,20777.89,2,3,0
9491,24,Male,51,Basic,589.28,27057.86,4,5,0
9492,41,Female,21,Premium,820.04,3133.18,3,1,0
9493,28,Female,3,Basic,1611.03,1081.95,6,28,1
9494,26,Female,6,Standard,1409.6,10033.91,9,4,1
9495,29,Female,32,Basic,1940.27,24646.57,4,14,0
9496,52,Female,2,Standard,276.39,2493.8,1,7,0
9497,21,Male,24,Standard,1443.15,36795.15,5,1,0
9498,53,Female,45,Standard,256.23,8020.45,3,20,1
9499,45,Female,59,Premium,100.31,38744.25,5,22,0
9500,30,Female,27,Premium,328.44,10634.3,0,4,1
9501,40,Female,9,Basic,1271.78,17657.66,0,25,0
9502,36,Male,13,Premium,1384.77,24215.1,3,8,0
9503,59,Male,55,Premium,932.85,17689.9,6,24,1
9504,54,Male,14,Basic,187.53,1669.16,6,7,0
9505,56,Male,51,Standard,1304.71,45474.42,0,13,0
9506,41,Male,11,Standard,263.05,14680.09,4,15,0
9507,33,Female,14,Basic,369.28,7233.78,5,24,0
9508,50,Male,16,Premium,1073.89,7059.65,4,1,0
9509,29,Male,10,Basic,746.71,48743.32,6,2,1
9510,51,Female,20,Basic,983.03,6591.36,5,3,0
9511,24,Female,16,Premium,1306.65,17654.09,4,14,0
9512,28,Male,58,Basic,404.01,3847.27,4,4,1
9513,48,Male,34,Premium,1796.86,36905.9,8,14,0
9514,46,Female,57,Premium,1163.01,30039.21,2,25,0
9515,30,Male,16,Basic,141.98,26911.66,8,27,0
9516,48,Female,14,Standard,1294.06,42864.1,1,17,0
9517,19,Female,53,Premium,980.04,28880.17,9,12,1
9518,56,Male,28,Standard,1433.11,47798.78,6,10,0
9519,32,Male,18,Premium,1589.66,31327.61,5,9,0
9520,28,Male,26,Standard,1883.81,18039.85,7,3,1
9521,51,Female,38,Basic,1996.86,2318.97,8,29,0
9522,56,Female,7,Premium,1144.27,36401.14,5,19,0
9523,21,Male,45,Basic,1166.87,18995.44,1,4,0
9524,28,Male,34,Basic,142.65,30160.51,9,21,1
9525,46,Male,47,Basic,1743.82,43879.24,3,0,0
9526,19,Female,49,Premium,154.56,879.08,2,12,0
9527,33,Female,45,Basic,1302.06,38100.82,2,13,1
9528,56,Female,7,Basic,287.3,22046.6,4,21,0
9529,30,Male,33,Premium,643.09,6640.98,9,15,0
9530,54,Female,35,Basic,366.63,29331.66,0,12,0
9531,34,Female,52,Premium,361.05,26864.44,8,14,0
9532,38,Male,50,Basic,241.74,42194.25,3,8,0
9533,61,Female,39,Standard,703.98,26317.36,6,2,0
9534,36,Male,21,Basic,904.94,41453.92,6,1,0
9535,24,Female,49,Standard,982.5,27452.22,6,11,0
9536,55,Male,28,Premium,935.45,22623.81,4,23,0
9537,25,Male,32,Standard,1095.01,18873.6,3,17,0
9538,30,Female,44,Premium,1733.6,9098.02,3,23,0
9539,54,Male,16,Basic,1300.41,29409.53,4,25,0
9540,19,Female,56,Standard,132.84,27440.39,5,3,1
9541,58,Male,10,Basic,428.61,48799.11,9,24,1
9542,28,Male,23,Standard,763,20914.24,6,19,1
9543,41,Male,48,Premium,1903.18,21365.4,4,14,0
9544,23,Female,52,Premium,248.35,8611.63,8,0,0
9545,43,Male,50,Premium,1449.23,30079.79,8,7,0
9546,24,Male,15,Premium,162.88,42468.69,0,16,0
9547,56,Female,55,Basic,788.82,12772.2,4,4,0
9548,36,Male,43,Basic,1563.28,949.36,1,6,0
9549,23,Male,50,Basic,753.47,34727.94,3,2,0
9550,60,Male,6,Basic,917.54,2053,6,5,0
9551,46,Male,33,Basic,1820.08,20759.18,9,12,0
9552,60,Female,55,Premium,225.72,30829.16,5,15,0
9553,56,Male,39,Basic,1102.56,19607.58,6,26,0
9554,19,Male,12,Basic,795.85,13398.62,2,16,0
9555,36,Female,52,Basic,1931.24,40063.69,4,5,0
9556,21,Male,36,Premium,1608.01,15396.19,5,29,0
9557,23,Male,31,Premium,331.95,9412.32,5,4,0
9558,54,Female,10,Premium,1862.08,19725.64,5,17,0
9559,45,Female,53,Premium,501.31,7017.41,8,3,0
9560,47,Female,34,Basic,261.15,34674.65,5,11,0
9561,24,Female,41,Basic,1129.03,35648.98,1,27,1
9562,26,Male,10,Standard,1499.6,1231.54,8,15,0
9563,42,Female,52,Basic,1460.5,34895.89,3,10,1
9564,50,Male,11,Premium,1114.71,15299.87,6,27,0
9565,18,Female,57,Premium,1036.2,32982.08,5,26,1
9566,23,Male,14,Basic,1942.13,35470.96,8,10,1
9567,35,Female,3,Standard,1659.06,14250.18,9,22,1
9568,27,Female,57,Premium,1427.42,9676.59,2,5,0
9569,45,Male,33,Standard,470.9,41404.77,7,26,0
9570,28,Female,7,Premium,1657.56,37089.62,4,25,0
9571,50,Female,4,Premium,1524.58,41938.55,5,15,0
9572,18,Female,39,Basic,1984.85,22068.13,2,5,1
9573,30,Male,48,Premium,352.69,23090.25,2,8,1
9574,54,Female,10,Standard,1459.06,17536.27,6,17,1
9575,37,Female,15,Standard,1960.26,25203.59,5,0,0
9576,18,Male,16,Basic,978.93,32505.22,1,17,0
9577,20,Male,38,Premium,1493.48,40819.97,9,18,0
9578,35,Female,4,Standard,1953.2,9566.95,7,8,0
9579,58,Male,4,Basic,1140.22,20568.17,4,13,0
9580,31,Male,56,Standard,1428.18,23329.48,6,11,0
9581,48,Male,55,Basic,138.16,24655.73,2,9,1
9582,44,Female,36,Standard,1087.36,27327.66,9,8,1
9583,34,Female,27,Premium,586.02,40186.49,4,11,0
9584,63,Male,22,Standard,349.36,44369.4,2,4,0
9585,46,Female,22,Standard,1446.34,8378.3,2,22,0
9586,53,Male,17,Basic,174.27,35777.75,0,18,0
9587,54,Female,45,Basic,1819.24,24215.86,2,9,0
9588,43,Male,34,Basic,1083.77,21176.98,6,1,0
9589,34,Female,32,Standard,1331.64,6110.49,8,5,0
9590,39,Male,52,Basic,581.53,3674.72,0,21,1
9591,42,Female,6,Premium,446.17,48901.64,3,4,0
9592,19,Female,54,Basic,563.13,32297.24,9,0,1
9593,39,Male,33,Basic,541.36,22895.08,6,25,0
9594,22,Female,8,Premium,1742.55,38207.29,5,17,0
9595,21,Female,50,Basic,1595.94,5011.07,3,22,1
9596,53,Female,53,Basic,1720.2,30568.6,2,25,0
9597,23,Female,36,Standard,1496.26,33200.27,5,14,0
9598,38,Female,5,Standard,1322.75,22876.72,3,1,0
9599,30,Female,5,Basic,1102.96,13003.63,4,20,1
9600,54,Female,47,Premium,604.42,47751.95,1,14,1
9601,42,Female,10,Basic,1440.19,15406.18,8,10,0
9602,43,Male,40,Basic,359.51,6677.45,1,25,1
9603,56,Female,58,Basic,1071.02,31708.44,3,12,1
9604,37,Male,7,Standard,471.02,28928.99,7,19,0
9605,50,Female,12,Premium,1059.04,37861.24,6,14,0
9606,31,Male,30,Premium,658.42,37812.27,3,9,1
9607,53,Female,25,Premium,201.61,31201.68,7,16,0
9608,34,Male,28,Standard,1057.05,10773,5,4,0
9609,38,Male,43,Standard,445.48,44413.7,7,0,0
9610,63,Female,13,Basic,406.19,12790.01,3,18,0
9611,33,Male,47,Standard,830.3,5152.22,4,11,1
9612,63,Female,49,Basic,787.4,15424.21,3,24,0
9613,33,Female,22,Standard,1747.22,24419.99,6,6,0
9614,37,Male,54,Basic,1172.81,10755.54,3,1,0
9615,46,Female,18,Standard,1723.68,17016.75,4,20,0
9616,45,Male,27,Premium,378.99,25927.81,8,14,0
9617,25,Male,8,Basic,778.89,16485.5,7,19,0
9618,41,Female,6,Standard,1155.13,4921.21,1,12,0
9619,20,Female,11,Standard,390.94,10262.07,6,6,0
9620,42,Female,29,Basic,343.31,39813.24,1,13,0
9621,36,Female,58,Standard,1356.66,47739.42,9,19,1
9622,50,Female,41,Premium,1342.28,7847.63,2,15,0
9623,19,Male,58,Basic,544.9,34210.44,0,29,0
9624,32,Male,5,Basic,531.53,45326.2,1,8,1
9625,39,Female,7,Basic,1516.35,15307.57,2,18,0
9626,27,Female,22,Basic,322.28,41558.36,4,21,0
9627,35,Female,59,Basic,1854.2,45294.32,5,4,1
9628,39,Male,47,Premium,1893.1,15325.15,6,9,0
9629,63,Male,53,Basic,1754.89,3308.67,4,7,0
9630,44,Male,54,Premium,500.29,45881.26,4,28,0
9631,30,Female,4,Premium,131.92,16858.89,7,13,1
9632,50,Female,32,Premium,1879.71,1180.03,0,10,1
9633,22,Male,19,Basic,753.55,24008.53,8,29,0
9634,43,Female,45,Premium,689.78,6235.89,2,0,0
9635,30,Female,33,Basic,597.19,45134.24,5,9,0
9636,44,Male,1,Premium,564.62,8172.27,3,1,0
9637,31,Male,54,Basic,1495.65,15568.73,1,6,0
9638,41,Female,46,Standard,1825,39627.28,5,16,0
9639,20,Male,41,Standard,1593.51,40414.18,9,4,1
9640,64,Female,56,Premium,1380.81,45113.36,7,23,1
9641,47,Male,44,Standard,646.74,25121.11,3,9,0
9642,52,Male,50,Premium,1139.23,49342.67,7,4,0
9643,31,Female,41,Premium,550.24,26051.36,6,4,0
9644,29,Female,8,Premium,311.86,39640.04,0,8,0
9645,45,Male,32,Standard,328.56,18414.17,4,10,0
9646,61,Female,30,Premium,1247.16,47093.92,7,14,0
9647,46,Male,46,Standard,173.11,34408.3,5,26,0
9648,60,Female,28,Standard,1949.18,4316.36,8,4,0
9649,34,Male,41,Basic,1991.39,5871.73,6,16,0
9650,57,Male,52,Standard,383.91,44595.12,1,18,0
9651,38,Male,32,Basic,911.87,40573.15,0,13,0
9652,40,Female,25,Premium,1559.34,16839.66,8,20,1
9653,37,Male,34,Premium,1914.63,26319,4,23,0
9654,28,Male,33,Basic,1793.51,42711.05,1,25,0
9655,51,Male,13,Premium,584.03,5619.84,3,1,0
9656,27,Male,25,Basic,261.87,7337.9,9,13,1
9657,27,Female,42,Basic,648.59,35918.58,5,19,0
9658,60,Female,40,Premium,930.75,4569.17,8,27,0
9659,23,Male,39,Basic,783.88,17952.04,7,3,0
9660,53,Male,56,Basic,1570.35,12964.51,5,2,1
9661,41,Female,44,Basic,589.8,38134.15,3,14,1
9662,29,Male,49,Premium,1731.41,621.17,9,21,0
9663,60,Female,57,Premium,528.71,6211.54,4,15,0
9664,40,Male,44,Premium,786.57,5400.87,3,9,1
9665,44,Female,48,Premium,950.84,16244.81,3,17,0
9666,62,Male,10,Premium,653.31,12007.74,7,18,1
9667,54,Female,59,Standard,1556.11,11800,3,1,1
9668,23,Female,57,Standard,878.14,18834.47,2,9,0
9669,18,Female,31,Basic,1785.35,11095.42,1,28,1
9670,23,Male,44,Standard,1930.82,5757.6,9,23,1
9671,39,Female,11,Premium,1733.63,29370.94,0,1,0
9672,58,Female,25,Premium,1092.99,47611.02,4,15,0
9673,41,Male,46,Premium,1068.64,30554.66,3,4,0
9674,42,Male,54,Basic,510.16,37972.52,9,3,0
9675,32,Male,52,Basic,1225.33,48622.75,8,16,0
9676,43,Male,45,Basic,1910.18,8081.55,8,12,0
9677,25,Female,34,Basic,253.15,23260.59,4,22,0
9678,41,Male,59,Basic,1529.67,29301.44,4,21,0
9679,55,Male,20,Basic,1752.13,16444.58,5,25,1
9680,23,Male,7,Standard,1974.74,30849.91,3,11,0
9681,52,Male,33,Premium,736.04,31379.11,5,16,0
9682,59,Male,57,Standard,775.59,42190.35,7,8,1
9683,18,Male,35,Basic,536.57,41709.51,4,27,0
9684,63,Male,29,Premium,1599.22,7554.84,7,19,1
9685,53,Female,52,Premium,366.08,8860.15,7,0,0
9686,29,Female,12,Premium,608.76,11507.41,2,23,1
9687,55,Female,5,Standard,661,13430.9,5,0,1
9688,28,Female,12,Premium,812.37,28442.42,0,1,1
9689,29,Female,29,Basic,901.16,16710.77,4,13,0
9690,59,Male,35,Basic,1162.15,47671.65,6,4,0
9691,56,Male,20,Standard,1901.91,6355.92,4,28,0
9692,24,Male,37,Standard,569.83,12701.01,2,0,1
9693,28,Male,1,Basic,1580.52,43481.72,1,0,0
9694,53,Female,16,Standard,1385.14,29424.39,1,14,0
9695,48,Female,30,Premium,320.5,27597.71,8,21,0
9696,50,Male,9,Standard,1639.72,29920.09,1,29,0
9697,30,Male,42,Premium,272.16,12987.1,6,26,1
9698,35,Female,10,Premium,1503.96,38191.64,8,0,0
9699,58,Female,13,Premium,1459.99,25078.34,2,20,0
9700,41,Female,48,Premium,1409.86,2608.5,6,15,0
9701,26,Male,20,Premium,625.72,9269.33,0,9,0
9702,48,Male,29,Basic,1189.4,40922.9,5,26,0
9703,58,Female,57,Basic,1547,17579.72,1,4,0
9704,27,Female,4,Basic,1311.42,38785.48,9,1,1
9705,19,Male,46,Premium,1628.18,33337.15,0,29,0
9706,55,Male,49,Standard,1406.98,15422.26,4,13,0
9707,32,Male,28,Standard,621.45,6788.26,5,10,0
9708,20,Male,37,Premium,390.81,40443.79,1,18,0
9709,60,Female,13,Standard,1300.76,32332.82,3,18,0
9710,48,Female,57,Premium,1543.54,15389.48,2,18,0
9711,23,Female,3,Standard,370.41,26402.11,0,2,0
9712,20,Male,37,Premium,432.16,30789.2,0,10,0
9713,28,Male,48,Standard,122.93,604.87,2,19,0
9714,32,Male,19,Standard,1110.32,33690.41,1,29,0
9715,62,Female,28,Basic,1130.35,32975.86,1,25,0
9716,45,Female,19,Standard,1050.14,4587.63,9,28,0
9717,27,Female,17,Standard,700.42,39493.79,4,15,0
9718,55,Male,18,Premium,912.84,41341.9,4,16,1
9719,64,Male,18,Standard,1555.85,14863.04,6,28,0
9720,24,Female,57,Standard,445.41,8529.53,4,19,0
9721,32,Male,23,Standard,482.94,34480.83,2,3,0
9722,35,Female,40,Standard,1367.26,6605.83,9,14,0
9723,35,Female,50,Standard,1747.11,42973.1,5,23,0
9724,58,Female,9,Basic,746.75,24266.41,2,10,0
9725,41,Female,29,Standard,1872.21,45535.54,7,15,1
9726,19,Male,51,Premium,209.58,32287.38,5,19,1
9727,57,Male,42,Premium,325.19,14612.07,6,20,1
9728,37,Male,29,Standard,973.92,23667.87,2,3,0
9729,51,Male,2,Standard,1474.62,26702.68,6,4,1
9730,60,Male,17,Standard,804.59,40850.35,8,18,1
9731,43,Male,57,Basic,1154.02,43161.83,7,15,1
9732,24,Female,56,Premium,154.28,34309.08,1,18,0
9733,55,Male,45,Basic,977.49,15062.81,9,23,0
9734,47,Male,31,Basic,560.89,26664.14,9,27,0
9735,59,Male,28,Standard,1081.1,6965.78,1,29,0
9736,22,Female,43,Standard,1099.08,11890.42,6,15,0
9737,28,Male,48,Premium,1531,15501.4,9,0,1
9738,18,Female,52,Standard,1125.7,4101.62,3,2,1
9739,51,Male,39,Premium,1267.11,44306.94,8,1,1
9740,18,Male,30,Basic,1106.33,6570.89,5,9,1
9741,36,Male,35,Premium,1981.72,34993.52,8,26,0
9742,19,Female,48,Premium,1604.08,25530.26,2,5,0
9743,38,Female,51,Premium,1535.73,41672.51,5,7,0
9744,37,Male,20,Basic,1291.79,37181.27,5,5,0
9745,40,Male,16,Basic,1103.9,38107.03,7,19,1
9746,38,Male,34,Standard,755.04,21208.14,6,18,1
9747,41,Female,14,Standard,1589.54,41781.82,2,15,0
9748,21,Female,26,Premium,460.26,5189.72,0,3,1
9749,29,Male,20,Premium,169.44,22498.74,1,15,0
9750,39,Female,42,Basic,1426.53,49733.4,9,28,0
9751,37,Female,51,Basic,375.22,47431.67,1,23,1
9752,35,Female,24,Basic,1817.27,4569.52,0,8,0
9753,18,Female,43,Premium,1564.29,28862.79,3,23,0
9754,47,Male,18,Premium,1244.26,16124.71,5,8,0
9755,50,Male,43,Basic,696.46,36559.39,3,7,0
9756,41,Female,9,Premium,1312.09,36921.48,3,28,0
9757,31,Female,19,Basic,1006.03,504.62,8,4,0
9758,53,Female,20,Standard,653.18,42368.05,1,20,1
9759,22,Male,42,Basic,1895.65,11567.34,0,16,1
9760,28,Male,30,Premium,407.59,48312.38,6,23,0
9761,41,Female,26,Premium,1531.43,45318.85,4,26,1
9762,48,Female,31,Premium,1620.07,9937.62,4,15,0
9763,30,Female,35,Premium,1908.41,31998.6,1,17,1
9764,33,Female,3,Basic,1143.89,15169.39,5,21,0
9765,41,Male,56,Basic,1116.26,5597.71,4,5,1
9766,30,Male,40,Standard,1848.55,43763.12,4,27,0
9767,41,Male,29,Basic,1622.08,9450.91,5,9,0
9768,43,Male,6,Standard,1550.91,21337.89,1,19,1
9769,19,Male,52,Basic,1599.36,46247.36,4,24,0
9770,33,Male,1,Basic,1037.04,4230.04,0,15,1
9771,55,Female,52,Premium,178.7,27753.93,7,18,0
9772,63,Female,24,Standard,476.7,28821.15,0,7,0
9773,18,Male,38,Premium,1321.68,38271.8,6,17,0
9774,28,Male,34,Premium,852.72,41442.98,5,4,1
9775,52,Male,51,Basic,1252.86,21495.12,7,28,1
9776,60,Female,7,Basic,1148.19,37312.31,4,12,0
9777,46,Female,11,Standard,933.45,45566.75,5,14,1
9778,54,Female,11,Standard,545.98,44370.18,3,5,0
9779,34,Female,36,Basic,1466.02,25340.04,9,1,1
9780,56,Male,20,Standard,1827.19,30547.96,9,22,0
9781,59,Female,16,Basic,1562.93,33804.04,0,14,0
9782,45,Male,5,Basic,328.07,41045.89,6,26,0
9783,46,Female,24,Basic,1122.1,25632.79,1,10,1
9784,60,Female,30,Standard,1687.2,6039.05,0,4,0
9785,20,Female,30,Premium,1222.87,19572.44,0,9,0
9786,27,Female,39,Standard,935.18,36150,0,28,0
9787,59,Male,57,Premium,640.64,31378.05,1,19,0
9788,31,Male,48,Standard,727.74,37797.84,0,19,0
9789,29,Male,47,Premium,560.1,25247.71,3,17,0
9790,64,Male,37,Premium,471.88,9133.04,9,11,1
9791,59,Male,33,Standard,1218.84,6202.77,9,24,0
9792,47,Male,20,Standard,1067.83,24322.47,6,16,1
9793,49,Male,54,Premium,1496.18,10683.38,9,16,0
9794,49,Female,22,Basic,685.07,49122.21,2,3,0
9795,59,Male,41,Premium,975.57,10338.27,8,18,0
9796,49,Female,58,Premium,1392.7,28555.82,1,24,0
9797,43,Male,21,Basic,1930.14,587.51,1,28,0
9798,18,Female,37,Premium,762.85,13055.43,6,22,0
9799,59,Male,54,Basic,666.6,13327.36,8,26,0
9800,19,Female,27,Basic,953.65,37030.38,5,17,0
9801,34,Male,38,Standard,1475.36,25033.49,0,19,0
9802,47,Male,35,Premium,1926.95,1098.55,5,20,0
9803,56,Male,38,Premium,1119.42,19268.96,3,9,1
9804,24,Male,40,Basic,1643.64,32416.66,4,27,0
9805,44,Female,6,Premium,982.36,32016.99,3,13,1
9806,26,Male,32,Basic,175.73,3167.49,2,19,0
9807,39,Male,16,Premium,1799,46481.19,1,12,0
9808,51,Female,28,Premium,650.77,12726.06,1,13,0
9809,63,Male,16,Basic,363.46,44630.54,9,3,1
9810,18,Female,27,Basic,1992.71,11064.02,3,3,0
9811,26,Female,53,Premium,760.06,28608.59,2,23,0
9812,37,Male,3,Premium,359.42,20600.98,5,22,0
9813,36,Male,49,Basic,691.93,29276.79,9,3,1
9814,53,Female,21,Standard,1076.29,25144.21,2,10,0
9815,57,Male,38,Standard,267.12,601.34,2,0,0
9816,62,Female,38,Premium,769.98,17890.95,3,5,0
9817,21,Male,30,Premium,1370.83,1055.25,4,4,0
9818,26,Male,22,Premium,1840.27,34326.64,8,26,0
9819,58,Female,19,Basic,855.13,42748.04,4,4,1
9820,39,Male,31,Premium,1172.67,19543.37,0,26,0
9821,35,Male,20,Premium,1308.52,26477.7,8,11,0
9822,29,Male,47,Premium,234.43,3758.95,1,14,0
9823,59,Female,19,Standard,750.23,19567.27,3,5,0
9824,60,Male,2,Premium,1400.08,7373.59,9,11,0
9825,56,Female,40,Premium,1497.76,3702.74,5,23,0
9826,26,Male,39,Basic,776.31,9015.64,8,21,0
9827,23,Female,27,Standard,112.8,43606.78,1,13,0
9828,36,Male,8,Basic,113.04,49119.12,8,21,1
9829,64,Male,45,Premium,1122.43,44021.1,8,22,1
9830,24,Female,54,Premium,1147.82,48498.69,0,10,0
9831,33,Male,27,Premium,1155.87,36674.94,5,7,0
9832,22,Female,15,Premium,1471.33,8405.42,5,19,0
9833,33,Male,12,Premium,1850.41,28376.94,8,6,0
9834,18,Female,47,Basic,1981.32,36714.01,5,23,1
9835,54,Male,14,Premium,1432.03,25916.41,1,5,0
9836,56,Female,7,Premium,1076.6,27956.03,7,24,1
9837,36,Male,17,Standard,367.89,29516.41,0,12,0
9838,54,Female,26,Standard,829.93,23608.9,4,5,1
9839,34,Female,37,Premium,1187.67,14884.13,9,19,0
9840,43,Male,20,Premium,1999.64,32032.74,2,29,0
9841,39,Female,10,Premium,341.27,3148.67,5,21,0
9842,25,Female,19,Premium,1606.85,8960.9,4,1,0
9843,50,Male,18,Premium,1997.99,46300.45,9,10,1
9844,19,Male,30,Premium,1630.05,24696.4,3,7,1
9845,47,Male,30,Basic,1557.57,41173.35,2,29,1
9846,64,Male,25,Basic,591.49,36463.76,0,26,0
9847,37,Male,24,Basic,106.39,16375.1,7,21,1
9848,35,Male,10,Standard,529.38,40280.63,4,3,1
9849,60,Female,2,Premium,1600.62,5020.46,7,6,0
9850,27,Female,38,Standard,303.83,43811.42,8,14,0
9851,41,Female,32,Standard,662.62,34187.72,7,23,0
9852,21,Male,35,Standard,1168.76,46390.08,5,18,0
9853,54,Male,51,Basic,1201.64,44827.76,9,9,1
9854,21,Female,37,Premium,1131.68,19322.97,7,2,0
9855,30,Female,7,Premium,1963.68,42913.21,4,9,0
9856,42,Male,7,Standard,123.34,28369.3,8,18,0
9857,30,Female,27,Basic,1026.44,8277.16,5,2,0
9858,35,Male,10,Standard,1058.4,41562.77,1,17,0
9859,41,Male,33,Standard,657.31,45442.03,6,4,0
9860,19,Female,43,Premium,1097.64,4685.09,0,21,0
9861,50,Male,55,Basic,1379.23,46562.37,9,0,0
9862,36,Male,7,Premium,1378.24,30262.61,0,5,0
9863,26,Male,6,Standard,266.93,1781.92,7,6,1
9864,45,Male,6,Premium,1624.67,27318.83,4,1,1
9865,52,Female,13,Standard,1868.35,39939.08,9,16,0
9866,56,Male,48,Basic,334.86,26892.48,8,22,1
9867,27,Male,13,Premium,891.62,35508.69,5,21,0
9868,18,Female,2,Premium,1072.33,44039.35,0,29,0
9869,59,Male,19,Premium,356.16,43553.19,5,2,1
9870,38,Male,51,Premium,1056.43,9354.06,0,28,0
9871,26,Female,19,Premium,493.03,21642.94,4,1,1
9872,64,Female,50,Basic,1877.19,6002.67,2,28,0
9873,32,Male,57,Basic,952.09,29957.34,9,17,0
9874,52,Male,38,Premium,1990.31,47758.97,9,13,0
9875,22,Female,2,Standard,188.37,9501.43,8,15,0
9876,58,Male,51,Standard,342.4,20479.7,0,11,0
9877,39,Male,26,Premium,942.1,47724.33,5,17,0
9878,58,Male,6,Premium,1761.28,37630.85,2,7,0
9879,40,Female,20,Basic,1154.93,4022.89,8,0,0
9880,24,Male,23,Basic,1491.45,21706.57,1,27,1
9881,40,Female,54,Premium,904.77,49400.34,6,2,0
9882,61,Female,15,Premium,176.97,22935.51,8,23,0
9883,42,Female,6,Standard,1330.84,31655.37,2,21,0
9884,44,Female,28,Basic,1304.6,35198.35,2,6,0
9885,58,Male,35,Premium,235.71,33364.6,2,1,1
9886,23,Female,11,Basic,424.67,26176.56,0,15,0
9887,51,Male,8,Premium,1004.7,7073.39,8,29,0
9888,26,Female,57,Premium,948.61,35566.54,8,8,0
9889,50,Female,54,Premium,1529.59,46699.73,5,22,0
9890,23,Male,50,Premium,836.08,47113.98,8,2,1
9891,54,Female,49,Standard,1360.27,29872.78,8,24,0
9892,48,Female,51,Premium,1438.4,24863.78,0,18,0
9893,51,Male,51,Standard,1325.51,17031.07,2,13,0
9894,58,Female,24,Standard,1232.64,5626.66,2,25,0
9895,46,Female,21,Premium,1630.8,44214.33,0,23,1
9896,31,Female,49,Basic,1348.5,7284.14,5,14,1
9897,53,Male,59,Basic,1684.95,14753.31,3,22,1
9898,53,Female,36,Premium,1309.7,37149.72,7,28,0
9899,32,Male,7,Premium,402.05,35385.8,5,15,0
9900,25,Male,5,Premium,687.95,34210.13,3,18,0
9901,43,Male,58,Basic,727.68,37214.5,4,14,0
9902,53,Female,29,Basic,278.44,27327.88,1,13,1
9903,38,Female,16,Premium,1415.38,8170.07,9,4,0
9904,45,Female,6,Basic,1230.71,49918.72,0,6,0
9905,21,Female,14,Standard,1220.53,44660.91,6,2,0
9906,33,Male,58,Basic,1009.18,21842.04,9,28,1
9907,39,Male,52,Basic,1131.94,26751.14,2,1,1
9908,29,Female,2,Premium,115.37,19980.77,2,24,0
9909,33,Female,25,Standard,282.87,32079.92,5,15,0
9910,57,Male,31,Premium,1398.37,36691.43,2,1,1
9911,55,Female,50,Basic,596.79,11962.38,6,2,0
9912,59,Female,50,Standard,305.03,21923.43,6,11,0
9913,54,Female,13,Premium,724.44,32191.62,4,0,0
9914,46,Female,18,Basic,583.52,49406.98,0,14,1
9915,35,Female,17,Standard,155.81,16581.27,8,28,0
9916,27,Female,45,Premium,880.06,37377.52,1,0,0
9917,59,Male,28,Standard,151.36,17660.25,3,0,1
9918,56,Male,12,Basic,100.74,5070.82,9,14,0
9919,35,Male,35,Premium,1605.7,38622.22,9,25,0
9920,18,Male,22,Basic,698.45,32640.69,1,2,0
9921,56,Female,39,Standard,1178.41,25959.82,0,13,1
9922,38,Female,1,Basic,665.73,33914.28,0,21,0
9923,18,Male,37,Standard,1867.05,44025.35,0,9,0
9924,32,Male,21,Premium,1485.44,37947.27,6,2,0
9925,21,Male,1,Basic,801.42,42961.96,8,19,0
9926,37,Male,4,Premium,500.19,14855.93,0,17,0
9927,27,Male,32,Premium,361.83,40123.93,9,22,0
9928,40,Female,58,Premium,1548.6,18320.46,5,3,0
9929,58,Female,1,Premium,960.77,1522.27,4,26,1
9930,51,Male,13,Basic,540.73,2637.62,2,16,0
9931,63,Male,46,Basic,1847.29,36652.55,1,19,0
9932,50,Female,47,Premium,841.18,13959.51,1,3,0
9933,51,Female,17,Premium,1132.64,15725.42,1,14,0
9934,56,Female,12,Standard,1729.82,31317.61,6,10,1
9935,27,Male,7,Premium,1683.41,37204.71,3,2,0
9936,37,Female,55,Standard,1312.11,28164.77,6,23,0
9937,18,Male,51,Standard,1788.39,35465.43,9,6,0
9938,30,Male,55,Premium,1908.99,47082.12,0,9,0
9939,18,Female,3,Basic,1876.72,42780.92,9,25,0
9940,22,Female,50,Standard,763.11,12419.78,3,18,0
9941,33,Female,26,Basic,854.63,45386.19,8,19,1
9942,32,Male,31,Premium,556.96,15214.58,6,7,0
9943,45,Female,36,Premium,1689.98,33199.12,9,14,1
9944,48,Female,26,Premium,331.47,43798.46,5,12,0
9945,40,Male,3,Premium,774.66,31360.58,6,25,0
9946,62,Female,44,Standard,118.49,40406.71,1,2,1
9947,60,Female,55,Standard,1229.83,46403.68,0,20,1
9948,34,Male,28,Basic,1350.93,48363.38,9,20,0
9949,51,Male,44,Basic,573.08,20826.33,8,14,0
9950,30,Male,17,Standard,1499.79,49642.03,1,20,1
9951,31,Male,38,Premium,824.92,13948.22,1,20,1
9952,28,Male,47,Basic,692.25,23378.24,2,24,1
9953,45,Female,30,Standard,1916.71,38154.93,2,9,0
9954,59,Female,2,Basic,1218.52,48522.6,2,28,0
9955,49,Male,8,Standard,579.41,3120.6,3,20,0
9956,52,Female,14,Premium,1968.16,47309.26,0,14,0
9957,48,Female,37,Standard,836.34,49934.44,0,26,0
9958,34,Male,35,Basic,1330.88,45524.18,3,29,0
9959,64,Male,42,Standard,1475.32,5865.02,0,26,0
9960,26,Male,39,Basic,902.36,42114.66,3,13,1
9961,27,Female,11,Basic,1118.24,32168.21,1,8,0
9962,25,Male,15,Basic,555.59,971.56,6,28,0
9963,38,Female,2,Premium,985.06,49226.62,5,24,0
9964,30,Female,37,Premium,690.52,7950.92,1,14,0
9965,22,Female,43,Standard,1140.17,20142.66,1,13,0
9966,23,Female,32,Standard,1372.79,1998.49,0,14,0
9967,47,Male,40,Basic,1266.61,15821.2,3,26,1
9968,48,Female,13,Premium,1575.76,28632.12,1,13,0
9969,34,Male,43,Standard,178.91,46577.23,4,9,0
9970,28,Female,17,Standard,249.33,49523.04,3,11,1
9971,37,Male,15,Premium,490.1,21456.23,0,19,0
9972,26,Male,33,Basic,1973.02,21695.1,4,13,0
9973,19,Male,51,Standard,1620.51,8437,4,24,0
9974,54,Female,16,Basic,1855.83,25168.77,4,26,0
9975,18,Female,51,Premium,616.97,47034.01,1,14,0
9976,21,Female,13,Premium,1190.33,8687.11,3,11,1
9977,53,Male,55,Standard,1154.28,13690.43,4,28,0
9978,42,Female,22,Standard,1182.09,44620.23,5,1,0
9979,20,Female,23,Premium,1463.38,31508.32,6,18,0
9980,26,Female,36,Basic,848.56,16860.11,9,16,0
9981,39,Male,43,Basic,1386.7,40730.88,2,14,1
9982,40,Female,50,Premium,1598.03,5893.73,2,26,0
9983,29,Female,50,Standard,649.24,42988.39,9,22,0
9984,27,Male,10,Premium,1896.91,26141.08,1,9,0
9985,51,Male,17,Standard,1084.29,37968.25,8,29,0
9986,60,Male,30,Basic,1492.25,26160.38,0,10,0
9987,27,Male,13,Standard,1484.96,12690.51,2,13,0
9988,47,Male,30,Basic,1173.96,32222.01,2,8,1
9989,39,Male,57,Premium,713.1,8162.16,7,28,0
9990,23,Female,46,Standard,1367.18,11878.59,5,2,1
9991,19,Female,30,Basic,265.84,27691.62,2,23,1
9992,47,Male,7,Standard,1964.73,19804.19,0,0,0
9993,19,Female,10,Basic,449.59,37387.51,2,5,0
9994,49,Male,35,Basic,623.31,29386.84,3,5,0
9995,59,Female,2,Premium,1913.43,19376.09,0,4,0
9996,33,Male,30,Premium,454.43,16673.13,2,3,0
9997,29,Male,19,Standard,423.18,45705.52,3,2,0
9998,18,Female,39,Basic,1628.62,2484.09,6,12,0
9999,25,Female,37,Premium,577.45,34706.04,3,29,0
10000,30,Female,3,Standard,279.98,19898.98,0,3,0
